PRACTICE_CODE,O65_PERCENT
A81001,22.48
A81002,22.33
A81004,19.14
A81005,29.32
A81006,18.53
A81007,19.35
A81009,17.02
A81011,20.52
A81012,13.46
A81013,20.16
A81014,27.07
A81016,13.23
A81017,16.08
A81018,21.16
A81019,16.36
A81020,21.36
A81021,19.54
A81022,22.61
A81023,11.88
A81025,20.99
A81026,15.79
A81027,22.8
A81029,11.54
A81030,19.11
A81031,18.44
A81032,24.98
A81034,13.99
A81035,16.04
A81036,20.44
A81037,12.27
A81038,13.15
A81039,19.12
A81040,19.07
A81041,20.83
A81042,16.85
A81043,20.37
A81044,19.87
A81045,21.66
A81046,20.64
A81048,30.17
A81049,15.23
A81051,18.86
A81052,20.99
A81053,22.74
A81054,20.17
A81056,21.43
A81057,17.38
A81058,19.64
A81060,20.93
A81063,19.16
A81064,11.07
A81065,14.34
A81066,20.38
A81067,12.13
A81070,13.35
A81602,26.43
A81608,11.26
A81610,16.92
A81611,18.09
A81612,21.81
A81618,27.11
A81621,7.64
A81622,16.3
A81629,17.04
A81630,0.54
A81631,18.09
A81633,0.42
A81634,2.89
A82003,25.25
A82004,26.25
A82005,24.66
A82006,30.55
A82007,19.79
A82008,22.67
A82009,21.47
A82010,20.05
A82012,28.6
A82013,29.35
A82014,30.72
A82015,17.99
A82016,20.05
A82018,19.16
A82019,17.52
A82020,20.11
A82021,25.96
A82022,25.76
A82023,24.45
A82024,29.25
A82025,21.33
A82026,24.36
A82027,26.3
A82028,27.79
A82029,28.05
A82030,29.85
A82031,26.38
A82032,23.03
A82033,25.27
A82035,25.82
A82036,24.05
A82037,31.09
A82038,24.03
A82039,23.22
A82041,21.09
A82044,20.51
A82045,23.69
A82046,18.29
A82047,21.94
A82048,20.1
A82050,21.08
A82053,37.26
A82055,24.64
A82058,21.95
A82062,20.86
A82064,25.92
A82068,22.73
A82070,28.89
A82071,22.19
A82072,21.15
A82075,20.92
A82077,18.72
A82608,24.72
A82613,27.79
A82617,26.04
A82620,22.02
A82629,22.62
A82631,25.04
A82646,24.08
A82647,32.17
A82650,29.93
A82651,27.02
A82654,19.17
A83001,20.18
A83003,21.34
A83005,21.38
A83006,18.15
A83007,22.32
A83008,20.93
A83009,24.32
A83010,23.32
A83011,8.31
A83012,19.22
A83013,15.6
A83014,23.84
A83015,24.28
A83016,20.8
A83018,22.0
A83020,21.98
A83021,20.49
A83022,19.96
A83023,19.08
A83024,25.43
A83025,18.93
A83026,19.32
A83027,18.98
A83028,23.3
A83029,24.0
A83030,16.47
A83031,24.23
A83032,29.98
A83033,21.68
A83034,18.84
A83035,30.37
A83036,29.27
A83037,24.01
A83038,17.63
A83040,17.53
A83041,21.53
A83043,31.17
A83044,19.56
A83045,21.8
A83046,27.91
A83047,18.29
A83048,25.5
A83049,18.74
A83050,20.55
A83051,20.61
A83052,23.16
A83054,22.34
A83055,25.81
A83057,19.71
A83060,24.03
A83061,27.39
A83066,16.31
A83070,25.15
A83071,16.77
A83072,26.14
A83073,23.99
A83074,18.3
A83075,19.53
A83610,16.79
A83616,18.77
A83617,20.51
A83618,21.56
A83619,14.32
A83622,23.89
A83626,22.24
A83627,13.53
A83634,22.9
A83635,14.06
A83636,18.66
A83637,22.25
A83641,13.11
A83644,20.68
A84002,34.58
A84005,21.05
A84006,28.99
A84007,28.43
A84008,34.5
A84009,19.46
A84011,26.29
A84013,20.7
A84014,22.04
A84016,19.0
A84018,31.22
A84020,24.67
A84022,27.0
A84024,26.85
A84025,24.66
A84026,27.8
A84027,28.98
A84028,21.18
A84029,26.04
A84030,25.59
A84031,27.86
A84032,33.33
A84033,27.72
A84034,29.8
A84035,27.1
A84036,21.41
A84037,22.58
A84038,25.34
A84039,27.42
A84040,29.36
A84042,28.44
A84044,26.54
A84045,28.26
A84047,27.52
A84604,33.57
A84609,31.61
A84614,21.9
A84619,20.89
A85001,19.94
A85002,22.0
A85003,27.79
A85004,20.18
A85005,17.04
A85006,18.54
A85007,22.77
A85008,22.31
A85009,18.44
A85010,20.41
A85011,18.11
A85012,20.72
A85013,15.36
A85014,24.54
A85016,19.15
A85017,10.68
A85018,22.16
A85019,15.4
A85020,28.76
A85021,8.62
A85023,12.73
A85024,23.11
A85026,15.59
A85611,16.29
A85614,11.12
A85616,25.35
A85617,18.31
A85620,22.11
A86003,5.79
A86004,11.74
A86005,16.95
A86006,22.36
A86007,11.97
A86008,16.56
A86010,12.22
A86011,17.4
A86012,11.17
A86013,20.37
A86016,18.73
A86017,13.79
A86018,24.08
A86020,15.58
A86021,20.58
A86022,23.2
A86023,16.15
A86024,11.43
A86025,14.88
A86026,21.14
A86027,1.12
A86028,19.58
A86029,12.6
A86030,13.82
A86031,12.05
A86033,12.25
A86035,17.04
A86036,14.95
A86037,10.5
A86038,20.86
A86040,11.24
A86041,18.18
A86601,19.17
A87002,24.66
A87003,21.88
A87004,21.19
A87005,25.17
A87006,27.72
A87007,19.71
A87008,19.54
A87009,18.91
A87011,23.74
A87012,23.04
A87013,18.25
A87016,18.26
A87017,27.11
A87019,21.06
A87020,23.38
A87022,12.99
A87023,19.25
A87029,13.96
A87030,10.78
A87600,21.04
A87612,18.56
A87615,19.84
A88001,19.87
A88002,18.58
A88003,22.3
A88004,18.3
A88005,18.89
A88006,21.23
A88007,20.16
A88008,20.31
A88009,21.91
A88010,26.18
A88012,19.11
A88013,17.37
A88014,13.44
A88015,18.25
A88016,22.04
A88022,16.01
A88023,24.43
A88025,22.56
A88601,22.05
A88608,19.82
A88613,21.4
A89001,18.7
A89002,15.39
A89004,23.21
A89005,23.81
A89006,14.87
A89007,19.07
A89008,17.21
A89009,18.15
A89010,22.7
A89011,19.1
A89012,20.3
A89013,24.24
A89015,26.47
A89016,20.39
A89017,17.42
A89018,19.87
A89019,18.47
A89020,16.62
A89021,20.14
A89022,24.13
A89023,21.4
A89024,22.07
A89025,15.08
A89026,21.34
A89027,16.56
A89028,20.72
A89030,21.58
A89031,14.04
A89032,21.37
A89034,11.97
A89035,20.06
A89036,19.34
A89040,23.71
A89041,15.22
A89614,17.03
A89616,19.35
A89617,22.58
A89623,18.44
B81002,15.7
B81003,26.68
B81004,33.34
B81005,23.8
B81006,36.23
B81007,26.43
B81008,16.78
B81009,22.61
B81010,24.92
B81011,16.9
B81012,19.65
B81013,16.51
B81014,31.28
B81015,20.67
B81016,18.08
B81017,9.0
B81018,13.34
B81020,20.94
B81022,25.52
B81023,22.36
B81024,31.85
B81025,28.3
B81026,16.67
B81027,15.9
B81029,22.6
B81030,27.24
B81031,19.3
B81032,8.98
B81034,30.17
B81035,19.36
B81036,24.55
B81037,29.06
B81038,22.01
B81039,19.75
B81040,14.71
B81041,24.6
B81042,27.1
B81043,26.13
B81045,20.94
B81046,15.18
B81047,14.25
B81048,16.66
B81051,30.47
B81052,10.97
B81054,19.88
B81055,27.94
B81058,15.56
B81060,29.41
B81061,21.57
B81063,26.39
B81064,20.93
B81065,23.48
B81068,19.8
B81069,31.5
B81070,28.25
B81074,18.34
B81075,24.76
B81077,19.56
B81082,23.25
B81085,22.3
B81087,20.03
B81088,23.68
B81090,17.04
B81091,20.26
B81092,25.55
B81095,30.1
B81097,16.5
B81099,24.43
B81100,29.56
B81101,23.58
B81104,3.05
B81108,19.69
B81109,25.03
B81112,16.75
B81113,18.36
B81118,18.7
B81119,12.99
B81603,0.0
B81606,13.34
B81616,18.66
B81617,11.09
B81619,21.5
B81620,18.12
B81628,24.13
B81631,15.05
B81635,25.66
B81642,27.83
B81645,15.57
B81647,21.1
B81648,18.65
B81653,26.2
B81655,15.12
B81656,11.58
B81658,20.39
B81663,17.63
B81664,14.74
B81665,18.24
B81666,28.21
B81675,11.02
B81697,16.69
B82002,27.9
B82004,26.34
B82005,15.05
B82007,31.45
B82008,27.86
B82010,22.92
B82011,22.9
B82012,22.48
B82013,18.34
B82014,21.63
B82016,19.45
B82017,27.85
B82018,24.71
B82019,19.56
B82020,23.76
B82021,21.06
B82022,32.02
B82023,20.4
B82024,22.23
B82025,22.75
B82026,28.27
B82027,20.57
B82028,27.36
B82029,29.71
B82030,29.75
B82031,17.5
B82032,25.48
B82033,32.56
B82034,29.7
B82035,25.81
B82036,23.36
B82037,35.03
B82038,21.23
B82041,23.04
B82042,25.14
B82044,31.38
B82045,31.21
B82046,28.1
B82047,5.67
B82049,26.18
B82050,27.68
B82053,22.43
B82054,31.73
B82057,20.29
B82059,23.6
B82060,24.63
B82061,29.89
B82062,28.0
B82063,33.02
B82064,22.02
B82066,27.39
B82067,22.7
B82068,30.67
B82069,25.59
B82071,26.79
B82072,27.99
B82073,21.83
B82074,20.07
B82075,25.78
B82077,31.42
B82078,32.91
B82079,31.4
B82080,24.57
B82081,23.39
B82083,15.53
B82086,27.89
B82088,21.23
B82091,20.57
B82097,14.48
B82098,16.47
B82100,22.0
B82101,30.9
B82104,8.15
B82105,22.21
B82106,30.36
B82609,24.66
B82619,29.47
B82622,34.12
B82628,33.37
B83002,28.02
B83005,8.89
B83006,24.12
B83008,13.77
B83009,19.76
B83010,15.69
B83012,12.2
B83014,22.59
B83015,11.88
B83016,10.19
B83017,15.15
B83018,17.27
B83019,23.05
B83020,16.42
B83021,17.2
B83022,27.8
B83023,17.02
B83025,9.8
B83026,5.19
B83027,23.23
B83028,19.4
B83029,18.55
B83030,18.19
B83031,22.46
B83032,8.84
B83033,16.5
B83034,8.23
B83035,8.58
B83037,25.3
B83038,12.12
B83039,19.43
B83041,11.51
B83042,13.9
B83045,17.11
B83049,18.73
B83051,0.38
B83052,8.03
B83054,16.95
B83055,10.98
B83056,18.62
B83058,4.18
B83061,21.26
B83062,11.89
B83063,14.97
B83064,14.87
B83067,21.06
B83602,7.13
B83604,7.67
B83611,6.25
B83614,7.13
B83617,7.25
B83620,38.58
B83621,7.43
B83622,6.0
B83624,27.7
B83626,6.42
B83627,10.83
B83628,5.56
B83629,10.32
B83641,7.55
B83642,7.1
B83653,5.82
B83657,1.28
B83659,6.08
B83660,6.28
B83661,7.5
B84001,15.62
B84003,21.65
B84004,20.88
B84005,21.5
B84006,21.12
B84007,19.41
B84008,22.37
B84009,20.23
B84010,17.96
B84011,23.55
B84012,12.53
B84013,18.84
B84014,28.2
B84016,18.43
B84019,12.84
B84021,20.6
B84612,12.85
B84613,12.15
B84618,14.42
B84623,15.24
B85001,19.82
B85002,20.38
B85004,14.36
B85005,25.89
B85006,23.61
B85008,13.94
B85009,17.13
B85010,18.13
B85012,16.08
B85014,21.46
B85015,20.08
B85016,13.63
B85018,15.28
B85019,23.17
B85020,13.75
B85021,21.78
B85022,26.26
B85023,20.62
B85024,21.33
B85025,18.82
B85026,22.13
B85027,18.92
B85028,15.71
B85030,16.8
B85031,23.81
B85032,22.55
B85033,19.12
B85036,18.13
B85037,18.33
B85038,19.98
B85041,9.24
B85042,13.54
B85044,6.04
B85048,9.83
B85051,19.12
B85054,21.37
B85055,6.54
B85058,11.68
B85059,15.27
B85060,29.21
B85061,23.71
B85062,0.36
B85606,14.8
B85610,18.95
B85611,12.47
B85612,16.62
B85614,8.58
B85619,12.43
B85620,19.19
B85622,17.91
B85623,14.62
B85634,8.49
B85636,20.06
B85640,17.61
B85641,20.08
B85645,5.56
B85646,15.9
B85650,4.49
B85652,7.86
B85655,15.3
B85659,0.95
B85660,16.57
B86001,18.12
B86002,8.84
B86003,10.08
B86004,21.36
B86005,10.41
B86006,19.72
B86007,16.32
B86008,18.63
B86009,22.92
B86010,26.54
B86011,16.99
B86012,9.12
B86013,8.64
B86014,15.93
B86015,14.38
B86016,15.88
B86017,10.25
B86018,21.54
B86019,10.96
B86020,19.27
B86022,12.46
B86023,24.47
B86024,17.34
B86025,5.38
B86028,16.4
B86029,22.0
B86030,16.63
B86032,25.29
B86033,28.57
B86034,25.89
B86035,15.08
B86036,24.77
B86038,20.34
B86039,13.71
B86041,11.27
B86042,12.53
B86043,14.37
B86044,18.72
B86048,23.22
B86049,9.65
B86050,15.6
B86051,19.16
B86052,23.78
B86054,15.58
B86055,20.79
B86056,21.74
B86057,17.5
B86058,18.93
B86059,13.49
B86060,14.41
B86061,6.79
B86062,19.99
B86064,17.65
B86066,18.36
B86067,16.8
B86068,18.75
B86069,7.61
B86070,23.68
B86071,13.69
B86074,16.12
B86075,17.52
B86081,7.42
B86086,9.02
B86089,19.34
B86092,19.35
B86093,18.68
B86094,15.42
B86096,13.71
B86100,12.52
B86101,23.14
B86103,5.93
B86104,8.74
B86106,9.3
B86108,6.78
B86109,7.33
B86110,0.01
B86623,2.92
B86625,25.83
B86642,10.4
B86643,6.27
B86648,28.6
B86654,14.31
B86655,15.41
B86658,20.63
B86666,9.55
B86667,8.41
B86669,1.81
B86672,13.61
B86673,23.66
B86675,9.01
B86678,20.27
B87001,21.78
B87002,22.52
B87003,21.98
B87004,13.88
B87005,17.67
B87006,18.44
B87007,16.49
B87008,17.92
B87009,21.17
B87011,21.31
B87012,14.77
B87013,22.39
B87015,20.18
B87016,16.5
B87017,16.35
B87018,17.02
B87019,18.63
B87020,23.52
B87021,19.4
B87022,10.43
B87025,17.48
B87026,18.58
B87027,17.97
B87028,20.89
B87030,17.02
B87031,20.64
B87032,15.48
B87033,19.03
B87036,18.92
B87039,14.27
B87041,17.4
B87042,12.5
B87044,19.91
B87600,23.01
B87602,21.23
B87604,13.19
C81001,21.11
C81002,24.35
C81003,22.96
C81004,24.93
C81005,21.85
C81006,13.48
C81007,16.43
C81008,23.66
C81009,13.07
C81010,22.06
C81012,21.77
C81013,32.05
C81014,19.6
C81015,24.44
C81016,28.8
C81017,22.22
C81018,25.08
C81020,21.05
C81021,18.53
C81022,23.66
C81023,24.09
C81025,24.98
C81026,20.43
C81027,19.78
C81028,29.28
C81029,20.52
C81030,30.01
C81031,19.57
C81032,21.1
C81033,17.02
C81034,21.06
C81035,17.68
C81036,19.81
C81037,24.26
C81038,22.03
C81039,28.52
C81040,26.28
C81041,19.88
C81042,23.88
C81044,20.44
C81045,21.27
C81046,28.14
C81047,25.02
C81048,26.16
C81049,19.25
C81050,19.92
C81051,15.51
C81052,19.64
C81053,20.83
C81054,13.4
C81055,22.29
C81056,25.13
C81057,24.29
C81058,21.91
C81059,22.05
C81060,17.6
C81061,19.51
C81062,26.83
C81063,23.74
C81064,22.46
C81065,20.24
C81066,23.69
C81067,28.43
C81068,19.33
C81069,23.75
C81070,32.84
C81071,14.63
C81072,9.59
C81073,17.4
C81074,21.79
C81075,28.98
C81077,20.38
C81080,23.11
C81081,20.03
C81082,27.15
C81083,18.51
C81084,21.3
C81086,23.87
C81087,12.78
C81089,28.37
C81090,21.34
C81091,20.99
C81092,30.19
C81094,29.93
C81095,18.14
C81096,22.35
C81097,18.34
C81099,22.66
C81101,24.28
C81106,17.29
C81108,19.45
C81110,15.36
C81113,22.19
C81114,12.66
C81115,21.64
C81118,10.15
C81604,18.13
C81611,31.64
C81615,14.32
C81616,9.86
C81634,19.43
C81638,18.9
C81640,18.81
C81642,12.8
C81647,24.24
C81649,19.78
C81652,12.02
C81653,14.16
C81655,27.63
C81658,24.13
C81660,18.4
C81661,21.02
C81662,19.58
C82001,21.28
C82002,22.45
C82003,21.17
C82005,14.27
C82007,22.37
C82008,16.09
C82009,23.1
C82010,26.32
C82011,17.11
C82012,20.11
C82013,23.55
C82014,21.08
C82016,23.22
C82017,22.38
C82018,15.53
C82019,16.47
C82020,1.38
C82021,21.3
C82022,26.74
C82024,13.59
C82025,23.93
C82026,19.97
C82027,22.28
C82028,27.04
C82029,19.48
C82030,25.01
C82031,9.7
C82032,22.44
C82033,12.93
C82034,21.4
C82035,19.26
C82037,19.46
C82038,22.29
C82039,16.44
C82040,18.62
C82041,18.24
C82042,23.23
C82043,22.51
C82044,25.77
C82045,16.96
C82046,13.43
C82047,19.98
C82048,23.89
C82050,20.66
C82051,26.12
C82052,24.19
C82053,12.46
C82054,24.56
C82055,21.46
C82056,23.63
C82059,11.42
C82060,7.64
C82061,16.21
C82062,23.66
C82063,12.86
C82064,22.8
C82066,20.92
C82067,21.33
C82068,23.8
C82070,18.06
C82071,22.09
C82072,19.48
C82073,11.39
C82075,22.14
C82076,26.76
C82077,24.51
C82078,21.5
C82079,19.11
C82080,10.21
C82082,22.66
C82084,12.7
C82086,9.89
C82088,14.6
C82091,15.05
C82092,15.65
C82093,18.35
C82094,12.24
C82095,19.4
C82096,15.15
C82097,18.14
C82098,20.9
C82099,10.07
C82100,14.43
C82102,23.19
C82103,17.71
C82105,5.09
C82107,11.12
C82109,24.56
C82111,0.24
C82112,17.26
C82114,10.67
C82116,11.15
C82119,13.4
C82120,23.41
C82121,20.79
C82122,15.73
C82124,2.52
C82600,15.91
C82610,9.56
C82611,18.49
C82614,16.71
C82620,10.38
C82623,13.72
C82624,7.2
C82626,13.68
C82627,17.14
C82628,21.5
C82631,12.64
C82634,16.16
C82639,15.62
C82642,9.76
C82643,8.01
C82644,15.31
C82649,27.71
C82650,19.36
C82651,15.05
C82653,7.76
C82656,21.43
C82659,8.19
C82660,14.19
C82662,5.18
C82667,10.77
C82669,11.15
C82670,0.79
C82671,8.64
C82676,16.51
C82678,18.32
C82680,18.54
C83001,11.6
C83002,25.49
C83003,18.07
C83004,19.5
C83005,30.59
C83007,22.61
C83008,15.7
C83009,16.73
C83010,15.71
C83011,23.19
C83013,27.55
C83014,18.13
C83015,28.51
C83018,18.87
C83019,29.28
C83020,25.71
C83022,19.69
C83023,23.04
C83024,26.42
C83025,21.9
C83026,25.12
C83027,29.02
C83028,25.59
C83029,23.84
C83030,26.55
C83031,31.12
C83032,32.53
C83033,27.82
C83035,22.89
C83036,27.39
C83037,22.51
C83038,27.24
C83039,30.35
C83040,23.02
C83041,22.94
C83042,32.52
C83043,27.91
C83044,19.0
C83045,27.63
C83046,17.8
C83048,17.72
C83049,26.03
C83051,10.38
C83052,21.92
C83053,24.69
C83054,22.85
C83055,28.95
C83056,27.64
C83057,19.6
C83058,31.22
C83059,16.26
C83060,16.63
C83061,30.13
C83062,24.1
C83063,28.86
C83064,40.42
C83065,26.58
C83067,29.97
C83071,22.68
C83072,19.61
C83073,14.18
C83074,29.66
C83075,21.29
C83078,19.33
C83079,15.39
C83080,17.99
C83082,19.17
C83083,23.63
C83085,24.49
C83611,17.63
C83613,25.46
C83614,27.28
C83617,21.38
C83626,9.84
C83631,15.83
C83634,36.71
C83635,32.29
C83641,35.52
C83643,29.47
C83649,23.63
C83650,28.96
C83653,23.07
C84001,18.86
C84004,13.99
C84005,26.63
C84008,26.49
C84009,20.09
C84010,16.14
C84011,20.89
C84012,21.62
C84013,23.74
C84014,18.54
C84016,22.76
C84017,22.27
C84018,10.96
C84019,22.63
C84020,16.26
C84021,20.73
C84023,0.77
C84024,20.62
C84025,25.25
C84026,25.56
C84028,19.65
C84029,18.03
C84030,16.93
C84031,18.79
C84032,27.08
C84033,23.84
C84034,16.52
C84035,25.61
C84036,16.54
C84037,24.76
C84039,13.39
C84042,19.47
C84043,15.09
C84044,22.55
C84045,29.43
C84046,16.94
C84047,25.8
C84049,28.41
C84051,16.99
C84053,18.0
C84055,19.96
C84057,21.74
C84059,17.64
C84060,17.88
C84061,14.56
C84063,11.89
C84064,14.6
C84065,18.39
C84066,20.5
C84067,24.02
C84069,19.36
C84072,10.36
C84074,19.82
C84076,19.0
C84077,19.73
C84078,14.55
C84080,21.1
C84081,19.04
C84084,29.09
C84085,14.57
C84086,17.61
C84087,20.47
C84090,17.91
C84091,13.46
C84092,11.07
C84094,21.67
C84095,20.32
C84096,22.22
C84101,28.13
C84103,9.59
C84105,7.9
C84106,21.3
C84107,24.93
C84112,23.62
C84113,25.61
C84114,20.6
C84115,20.07
C84116,15.56
C84117,1.79
C84120,20.17
C84122,17.59
C84123,22.67
C84127,20.02
C84129,21.27
C84131,20.55
C84135,15.33
C84136,9.68
C84138,14.58
C84140,22.83
C84142,22.38
C84144,9.28
C84150,20.52
C84151,9.37
C84605,18.94
C84613,19.17
C84619,13.73
C84621,11.3
C84624,19.02
C84628,6.48
C84629,17.02
C84637,16.14
C84646,28.97
C84647,20.75
C84654,20.31
C84656,16.52
C84658,19.14
C84660,25.9
C84664,12.57
C84667,20.04
C84676,6.46
C84679,10.71
C84682,12.83
C84683,8.92
C84691,4.48
C84692,31.07
C84693,17.5
C84694,14.2
C84695,10.24
C84696,17.72
C84703,13.72
C84704,13.97
C84705,16.42
C84714,0.1
C84717,14.57
C84720,3.12
C85001,19.88
C85003,17.31
C85004,23.36
C85005,20.69
C85006,24.01
C85007,20.58
C85008,21.26
C85009,10.96
C85010,21.69
C85013,17.86
C85014,19.72
C85016,19.98
C85017,19.9
C85018,17.83
C85019,19.02
C85020,21.34
C85022,19.08
C85023,18.91
C85024,22.32
C85026,24.32
C85028,16.72
C85030,17.31
C85033,16.02
C85614,18.34
C85619,13.71
C85622,17.19
C85623,17.26
C85628,16.67
C86001,18.77
C86002,16.63
C86003,23.27
C86005,23.53
C86006,17.62
C86007,21.09
C86009,24.13
C86011,18.83
C86012,24.15
C86013,30.05
C86015,20.99
C86016,20.16
C86017,16.77
C86018,20.46
C86019,17.83
C86020,19.48
C86021,23.89
C86022,16.65
C86023,14.87
C86024,19.84
C86025,16.75
C86026,16.63
C86029,19.08
C86032,19.83
C86033,14.93
C86034,17.44
C86037,22.11
C86038,18.2
C86605,17.23
C86606,22.8
C86609,18.24
C86611,21.72
C86613,17.68
C86614,18.56
C86616,15.85
C86621,16.42
C86625,14.41
C86626,18.24
C87002,22.5
C87003,16.31
C87004,22.18
C87005,18.18
C87006,18.39
C87007,26.36
C87008,21.79
C87009,17.87
C87010,16.15
C87012,19.04
C87013,19.38
C87014,15.4
C87015,22.94
C87016,21.58
C87017,18.37
C87018,20.54
C87020,21.55
C87022,17.76
C87024,15.31
C87029,17.75
C87030,23.03
C87031,21.96
C87603,14.76
C87604,19.76
C87606,16.52
C87608,6.23
C87616,19.0
C87620,18.9
C87622,9.38
C88005,18.62
C88006,13.33
C88007,3.49
C88008,10.74
C88009,17.57
C88010,26.4
C88011,13.85
C88014,15.88
C88015,23.67
C88016,22.69
C88018,21.48
C88019,14.92
C88020,12.45
C88021,24.02
C88022,27.41
C88023,18.37
C88025,18.45
C88026,12.79
C88027,10.42
C88028,22.16
C88030,14.12
C88031,19.32
C88032,25.57
C88034,24.17
C88035,11.32
C88036,17.61
C88037,19.84
C88038,20.7
C88039,22.29
C88040,22.33
C88041,20.43
C88043,14.14
C88044,19.98
C88045,19.54
C88046,19.86
C88047,16.73
C88048,10.99
C88049,18.91
C88050,25.25
C88051,7.72
C88052,17.17
C88053,23.29
C88054,20.43
C88059,13.44
C88060,9.59
C88062,14.53
C88068,20.75
C88069,7.77
C88070,12.76
C88072,21.74
C88073,14.27
C88074,19.85
C88076,10.43
C88077,13.38
C88078,20.43
C88079,11.75
C88082,22.5
C88083,26.48
C88084,14.9
C88085,15.52
C88086,16.43
C88087,16.53
C88088,12.46
C88090,12.61
C88091,15.81
C88092,25.18
C88095,23.45
C88096,19.79
C88622,9.96
C88627,0.01
C88631,17.84
C88647,23.55
C88648,23.56
C88652,13.42
C88655,14.13
C88656,25.57
D81001,11.69
D81002,12.5
D81003,12.29
D81004,19.59
D81005,8.34
D81008,21.28
D81010,17.05
D81011,23.71
D81012,18.41
D81013,6.18
D81014,16.1
D81015,25.01
D81016,11.96
D81017,9.49
D81018,21.54
D81021,18.22
D81022,16.0
D81023,13.54
D81025,14.31
D81026,19.22
D81027,19.5
D81028,21.58
D81029,17.31
D81030,23.73
D81031,17.1
D81033,21.78
D81034,25.17
D81035,22.11
D81036,20.93
D81037,6.83
D81038,23.63
D81041,21.07
D81042,16.7
D81043,21.95
D81044,14.03
D81045,24.65
D81046,17.93
D81047,22.43
D81049,22.38
D81050,17.57
D81051,21.14
D81052,25.2
D81054,7.8
D81055,26.48
D81056,7.7
D81057,21.38
D81058,22.8
D81059,24.45
D81060,23.37
D81061,20.69
D81062,21.69
D81064,28.13
D81065,8.19
D81066,15.4
D81070,5.95
D81073,11.13
D81078,16.99
D81081,25.93
D81082,17.68
D81084,14.01
D81085,16.38
D81086,13.15
D81602,16.85
D81603,20.95
D81606,19.54
D81607,17.76
D81611,21.61
D81612,17.76
D81615,13.22
D81618,14.59
D81622,13.28
D81625,5.53
D81629,15.28
D81630,6.22
D81631,4.75
D81633,9.03
D81637,4.65
D81645,11.49
D82001,36.68
D82002,16.62
D82003,22.22
D82004,35.13
D82005,39.87
D82006,26.84
D82007,18.83
D82008,21.51
D82009,31.12
D82010,29.58
D82011,20.44
D82012,19.96
D82013,18.92
D82015,31.42
D82016,27.9
D82017,16.3
D82018,25.33
D82019,25.49
D82020,21.88
D82022,26.23
D82023,15.73
D82024,20.89
D82025,33.15
D82026,20.97
D82027,40.73
D82028,35.45
D82029,23.69
D82030,27.88
D82031,26.79
D82032,28.36
D82034,23.02
D82035,25.26
D82036,25.3
D82037,23.64
D82038,31.37
D82039,29.37
D82040,11.86
D82041,17.33
D82042,25.34
D82043,25.01
D82044,27.05
D82045,22.67
D82046,28.61
D82047,19.54
D82048,20.79
D82049,27.65
D82050,25.75
D82051,20.68
D82053,36.2
D82054,29.49
D82056,29.34
D82057,32.3
D82058,31.59
D82059,29.01
D82060,19.42
D82062,26.03
D82063,25.49
D82064,23.14
D82065,31.52
D82066,29.89
D82067,17.4
D82068,30.06
D82070,27.77
D82071,24.34
D82072,38.42
D82073,16.36
D82076,18.67
D82078,24.69
D82079,25.04
D82080,25.06
D82084,30.99
D82085,27.35
D82087,10.79
D82088,0.56
D82096,12.71
D82099,12.12
D82100,28.49
D82104,27.74
D82105,23.73
D82106,15.71
D82600,33.0
D82604,28.85
D82618,23.12
D82621,32.12
D82624,16.42
D82628,31.0
D83001,28.73
D83002,20.73
D83003,29.74
D83004,21.78
D83005,27.53
D83006,29.45
D83007,25.51
D83008,15.18
D83009,28.75
D83010,33.96
D83011,29.15
D83012,17.78
D83013,26.89
D83014,35.72
D83015,34.29
D83016,25.97
D83017,25.24
D83018,21.9
D83019,26.36
D83020,26.42
D83021,17.32
D83022,35.81
D83023,22.28
D83024,19.79
D83026,27.36
D83027,18.18
D83028,30.44
D83029,20.73
D83030,17.81
D83033,29.54
D83034,28.65
D83035,33.75
D83037,26.66
D83038,21.21
D83039,16.31
D83040,24.0
D83041,25.48
D83043,30.24
D83044,19.65
D83045,25.06
D83046,18.81
D83047,24.36
D83048,28.0
D83049,32.06
D83050,19.53
D83051,16.93
D83053,29.13
D83054,33.69
D83055,27.01
D83056,14.62
D83057,25.58
D83058,19.42
D83059,12.06
D83060,24.65
D83061,25.81
D83062,25.92
D83064,27.11
D83067,16.98
D83069,30.12
D83070,28.46
D83073,13.69
D83074,12.62
D83075,20.69
D83076,31.97
D83078,13.01
D83079,21.43
D83080,25.63
D83081,20.01
D83084,21.66
D83608,27.16
D83610,16.53
D83615,19.62
E81001,11.89
E81002,15.25
E81003,19.71
E81004,19.01
E81005,13.58
E81006,18.5
E81007,22.8
E81008,14.45
E81009,20.89
E81010,14.36
E81012,23.45
E81013,12.06
E81014,13.0
E81015,19.23
E81016,10.71
E81018,15.35
E81019,11.24
E81021,9.52
E81022,17.13
E81024,26.09
E81025,14.75
E81026,12.27
E81027,11.5
E81028,7.33
E81029,16.69
E81030,6.33
E81031,23.21
E81032,8.22
E81033,19.55
E81034,19.34
E81035,19.5
E81036,17.79
E81037,20.6
E81038,20.34
E81040,19.1
E81041,11.47
E81043,13.11
E81044,15.46
E81045,20.86
E81046,23.41
E81047,17.52
E81048,11.59
E81049,20.85
E81050,21.9
E81052,17.86
E81056,15.79
E81057,17.95
E81060,17.49
E81061,17.66
E81063,6.73
E81064,12.1
E81065,8.39
E81069,26.37
E81073,9.66
E81074,20.62
E81076,10.38
E81077,13.21
E81611,19.35
E81612,10.33
E81615,6.97
E81617,18.85
E81631,5.51
E81632,19.46
E81633,7.94
E81635,17.33
E82001,19.7
E82002,14.62
E82004,8.61
E82005,13.44
E82006,23.93
E82007,17.16
E82008,19.26
E82009,15.71
E82012,13.66
E82013,12.38
E82014,15.72
E82015,16.72
E82017,13.08
E82018,14.89
E82019,23.9
E82020,16.13
E82021,21.48
E82022,14.88
E82023,10.76
E82024,17.11
E82027,21.92
E82031,11.64
E82032,14.97
E82035,19.94
E82037,21.2
E82038,20.91
E82040,15.88
E82041,14.91
E82042,13.62
E82043,20.27
E82044,19.87
E82045,9.15
E82046,19.47
E82048,16.13
E82049,23.04
E82050,14.77
E82051,16.89
E82053,16.16
E82055,21.62
E82056,15.8
E82058,9.94
E82059,17.06
E82060,13.93
E82061,18.38
E82062,19.36
E82063,13.76
E82064,18.74
E82066,17.57
E82067,16.4
E82068,18.85
E82069,8.84
E82070,9.12
E82071,15.38
E82072,20.19
E82073,13.9
E82074,14.99
E82075,18.01
E82077,17.83
E82078,17.78
E82079,13.29
E82081,21.63
E82082,21.68
E82083,19.25
E82084,14.76
E82085,18.94
E82086,15.37
E82088,17.96
E82089,15.35
E82090,23.42
E82091,17.78
E82092,17.81
E82093,15.21
E82094,19.01
E82096,15.7
E82098,21.25
E82099,19.0
E82100,20.94
E82102,17.45
E82104,23.99
E82105,12.57
E82106,19.35
E82107,15.81
E82111,16.05
E82113,18.87
E82115,18.72
E82117,11.68
E82121,20.64
E82123,20.61
E82124,15.08
E82129,18.79
E82130,20.29
E82131,20.51
E82132,17.2
E82133,16.92
E82626,19.79
E82638,10.36
E82640,10.56
E82641,10.88
E82643,21.17
E82644,6.82
E82652,19.59
E82654,11.54
E82655,13.26
E82657,22.17
E82661,14.05
E83003,16.79
E83005,10.22
E83006,11.78
E83007,14.44
E83008,16.07
E83009,17.32
E83010,15.86
E83011,8.37
E83012,20.06
E83013,16.85
E83016,15.32
E83017,16.64
E83018,14.2
E83020,12.08
E83021,17.5
E83024,18.1
E83025,13.91
E83026,18.55
E83027,13.21
E83028,9.2
E83030,19.4
E83031,17.14
E83032,8.74
E83034,15.62
E83035,14.0
E83037,16.68
E83038,15.7
E83039,10.72
E83041,11.03
E83044,16.76
E83045,13.19
E83046,11.57
E83049,11.58
E83050,13.64
E83053,16.69
E83600,8.56
E83613,16.67
E83621,18.47
E83622,15.59
E83637,6.77
E83638,18.24
E83639,8.56
E83649,12.69
E83650,25.4
E83653,12.44
E83657,16.46
E83668,10.63
E84002,14.88
E84003,9.21
E84004,17.42
E84005,17.48
E84006,13.75
E84007,22.65
E84008,17.92
E84009,17.75
E84011,19.42
E84012,12.79
E84013,10.92
E84014,18.71
E84015,12.9
E84017,14.9
E84018,19.37
E84020,15.8
E84021,9.22
E84022,12.7
E84024,20.29
E84025,10.04
E84028,11.52
E84030,11.0
E84031,10.86
E84032,9.79
E84033,7.66
E84036,8.71
E84039,13.3
E84040,14.57
E84042,10.21
E84044,13.87
E84048,15.46
E84049,10.33
E84051,11.61
E84053,24.05
E84057,17.22
E84058,8.51
E84059,15.56
E84061,22.66
E84062,11.13
E84063,5.73
E84066,4.44
E84067,5.99
E84068,16.35
E84069,13.11
E84070,16.5
E84074,10.52
E84075,7.17
E84076,13.63
E84078,17.13
E84080,11.85
E84083,15.67
E84086,10.21
E84601,10.95
E84617,8.41
E84620,8.29
E84626,11.64
E84635,6.71
E84637,4.9
E84638,10.55
E84645,8.46
E84646,4.79
E84647,18.14
E84653,7.56
E84656,9.23
E84658,15.83
E84663,11.51
E84665,10.35
E84674,8.75
E84676,11.25
E84678,13.39
E84680,10.92
E84681,7.98
E84684,12.47
E84685,13.81
E84693,9.53
E84696,5.34
E84699,13.76
E84701,7.95
E84702,8.22
E84704,13.37
E84709,8.78
E84713,17.12
E85001,14.03
E85003,7.87
E85004,14.09
E85005,11.26
E85006,7.54
E85007,13.85
E85008,16.1
E85012,16.96
E85013,10.08
E85014,14.62
E85015,15.18
E85016,12.17
E85018,14.53
E85019,12.43
E85020,9.65
E85021,10.23
E85023,16.71
E85024,14.19
E85025,6.24
E85026,13.13
E85028,12.1
E85029,9.97
E85030,11.74
E85032,13.44
E85033,10.44
E85034,15.42
E85035,12.95
E85038,12.01
E85040,19.0
E85041,12.09
E85042,9.57
E85045,17.6
E85046,13.77
E85048,6.97
E85049,9.13
E85050,13.11
E85051,14.21
E85052,10.69
E85053,13.19
E85054,13.15
E85055,10.19
E85056,10.94
E85057,18.11
E85058,14.79
E85059,12.52
E85060,12.14
E85061,11.36
E85062,4.23
E85064,11.32
E85066,15.69
E85069,11.05
E85071,21.29
E85074,10.75
E85075,10.71
E85077,12.07
E85083,8.49
E85088,11.29
E85090,12.78
E85091,11.37
E85096,8.83
E85098,8.45
E85099,9.15
E85103,17.9
E85105,11.53
E85107,10.15
E85108,12.92
E85109,8.59
E85111,10.97
E85112,11.99
E85113,12.5
E85114,14.23
E85115,15.56
E85116,10.52
E85118,12.13
E85119,9.15
E85120,12.22
E85121,9.65
E85122,10.18
E85123,9.2
E85124,0.61
E85125,10.46
E85126,10.83
E85127,11.27
E85128,10.06
E85129,14.77
E85130,10.61
E85600,12.23
E85605,12.45
E85617,7.27
E85623,9.65
E85624,12.28
E85625,8.96
E85628,11.4
E85630,8.26
E85633,9.04
E85635,8.79
E85636,9.65
E85640,10.2
E85643,8.24
E85649,6.74
E85656,10.58
E85657,8.61
E85658,16.42
E85659,9.22
E85663,8.58
E85672,22.06
E85677,5.81
E85680,6.83
E85681,8.79
E85682,9.21
E85683,13.28
E85685,13.63
E85687,6.02
E85692,10.94
E85693,14.69
E85694,11.41
E85696,5.86
E85697,9.32
E85699,12.93
E85707,16.07
E85708,9.54
E85712,7.81
E85713,11.79
E85714,15.28
E85715,9.27
E85716,7.84
E85718,11.18
E85719,7.79
E85721,4.59
E85723,5.03
E85725,10.76
E85726,14.42
E85734,9.5
E85735,9.46
E85736,11.65
E85739,10.26
E85740,9.91
E85743,9.36
E85744,7.2
E85745,11.56
E85746,7.21
E85748,4.94
E85750,11.34
E86001,21.53
E86003,8.71
E86004,11.28
E86005,17.0
E86006,19.67
E86007,18.76
E86009,14.52
E86010,7.71
E86011,16.77
E86012,20.32
E86014,11.67
E86015,14.87
E86016,13.37
E86017,8.1
E86018,13.41
E86019,14.89
E86020,10.8
E86022,21.31
E86024,20.99
E86026,12.36
E86027,12.91
E86028,20.59
E86029,11.35
E86030,2.51
E86033,19.31
E86034,14.07
E86036,18.26
E86038,8.98
E86041,14.52
E86042,8.94
E86605,18.43
E86609,7.14
E86610,10.62
E86612,7.97
E86615,12.87
E86618,16.04
E86619,14.59
E86620,9.61
E86625,11.18
E86626,12.17
E86629,13.48
E86632,10.03
E86637,11.97
E86640,15.81
E87002,13.67
E87003,14.27
E87004,15.66
E87005,17.12
E87006,12.09
E87007,10.07
E87008,11.66
E87009,17.53
E87010,11.09
E87011,14.15
E87013,14.98
E87016,18.08
E87021,18.31
E87024,12.51
E87026,16.06
E87029,13.57
E87034,12.1
E87037,12.44
E87038,15.34
E87043,9.08
E87045,12.99
E87046,8.86
E87047,13.66
E87048,16.79
E87052,12.09
E87061,8.66
E87063,7.12
E87065,13.95
E87066,9.35
E87067,14.57
E87069,7.6
E87070,11.38
E87609,12.42
E87637,9.4
E87648,17.1
E87663,11.24
E87665,16.99
E87677,1.68
E87681,8.7
E87691,1.3
E87694,10.15
E87701,17.88
E87702,17.58
E87706,13.7
E87711,97.45
E87714,6.2
E87715,10.4
E87720,6.36
E87722,6.47
E87733,10.91
E87735,15.31
E87737,10.69
E87738,15.76
E87739,10.2
E87740,4.83
E87741,8.9
E87742,12.72
E87745,11.43
E87746,7.78
E87750,11.29
E87751,12.2
E87753,9.67
E87754,9.3
E87755,8.62
E87756,10.68
E87762,13.14
E87768,0.08
E87772,3.23
F81001,23.51
F81003,16.37
F81004,19.28
F81006,14.12
F81007,20.04
F81009,21.63
F81010,14.84
F81011,21.98
F81012,35.6
F81013,20.33
F81014,17.65
F81015,18.81
F81017,38.26
F81019,23.23
F81020,24.13
F81021,27.9
F81022,23.47
F81023,13.84
F81024,18.33
F81025,13.72
F81026,43.0
F81027,14.36
F81028,24.36
F81029,12.81
F81030,21.69
F81031,13.48
F81032,23.64
F81034,24.08
F81036,18.2
F81037,23.3
F81038,22.26
F81040,27.98
F81041,24.23
F81042,16.7
F81043,22.58
F81044,25.24
F81045,23.18
F81046,26.69
F81047,16.59
F81048,18.77
F81049,23.27
F81051,20.85
F81052,31.88
F81053,16.54
F81055,20.66
F81056,21.04
F81057,15.32
F81060,12.69
F81061,30.42
F81062,18.64
F81065,20.08
F81066,30.42
F81067,23.18
F81068,22.44
F81069,19.35
F81071,13.13
F81072,20.02
F81075,27.52
F81076,24.85
F81078,12.44
F81080,21.65
F81081,15.39
F81082,23.27
F81083,19.68
F81085,18.4
F81086,18.24
F81087,22.59
F81088,19.01
F81089,24.76
F81090,20.81
F81091,17.91
F81092,21.16
F81095,14.32
F81096,25.54
F81097,15.42
F81098,24.35
F81099,26.63
F81100,21.75
F81101,26.8
F81102,20.22
F81104,23.71
F81105,16.72
F81106,14.64
F81108,17.96
F81110,13.47
F81111,16.4
F81112,24.73
F81113,7.77
F81114,24.36
F81115,21.67
F81116,27.62
F81117,18.54
F81118,18.08
F81119,24.01
F81120,14.92
F81121,25.69
F81122,19.13
F81123,24.27
F81125,24.77
F81126,28.37
F81128,26.09
F81130,24.03
F81131,22.58
F81132,19.58
F81133,26.94
F81134,16.77
F81136,13.59
F81137,20.57
F81141,5.45
F81142,23.64
F81144,18.03
F81147,23.37
F81149,22.22
F81150,11.94
F81152,15.82
F81153,20.43
F81155,15.72
F81156,23.46
F81158,17.1
F81159,9.52
F81163,21.7
F81164,15.47
F81165,18.13
F81169,19.62
F81170,21.31
F81173,14.69
F81176,18.5
F81177,17.22
F81181,11.21
F81183,25.6
F81184,24.04
F81186,11.2
F81192,21.69
F81193,15.59
F81197,14.21
F81198,21.95
F81205,20.69
F81206,11.49
F81207,13.78
F81209,23.15
F81211,12.4
F81212,19.72
F81213,31.19
F81215,23.8
F81216,15.88
F81218,14.89
F81219,20.1
F81221,24.79
F81222,15.09
F81223,22.51
F81606,28.4
F81613,18.2
F81618,20.0
F81619,16.35
F81623,14.72
F81632,11.41
F81633,22.97
F81635,17.06
F81636,11.89
F81640,11.89
F81641,15.06
F81645,18.45
F81649,20.43
F81651,21.91
F81652,15.62
F81656,14.15
F81665,13.1
F81666,15.32
F81669,6.65
F81674,17.3
F81675,15.16
F81679,14.64
F81681,36.89
F81683,12.41
F81684,15.42
F81688,1.35
F81690,22.76
F81696,25.6
F81697,22.09
F81700,19.4
F81704,13.17
F81707,8.27
F81708,11.0
F81711,13.18
F81713,15.86
F81716,13.56
F81721,19.16
F81725,16.7
F81729,12.91
F81730,25.52
F81732,21.19
F81737,13.57
F81739,26.54
F81740,30.36
F81741,32.43
F81744,23.02
F81746,5.89
F81749,16.84
F81751,18.43
F81757,22.28
F82001,8.08
F82002,24.5
F82003,10.45
F82005,9.95
F82006,24.93
F82007,23.39
F82008,21.46
F82009,17.4
F82010,12.74
F82011,16.05
F82012,14.29
F82013,18.04
F82014,15.34
F82015,9.44
F82016,12.24
F82017,10.78
F82018,9.72
F82019,16.08
F82021,18.74
F82022,21.04
F82023,20.44
F82025,9.6
F82027,17.57
F82028,16.61
F82030,17.15
F82031,16.95
F82033,23.12
F82034,4.61
F82038,10.86
F82039,12.48
F82040,7.75
F82042,5.32
F82045,22.51
F82051,11.1
F82053,18.27
F82055,14.74
F82604,9.25
F82607,17.83
F82609,25.33
F82610,18.18
F82612,10.66
F82619,18.49
F82621,9.9
F82624,23.11
F82625,6.49
F82627,12.29
F82630,17.11
F82634,6.36
F82638,10.07
F82642,9.88
F82647,8.7
F82648,12.87
F82649,19.28
F82650,6.33
F82660,8.72
F82661,7.41
F82663,13.94
F82666,16.98
F82670,7.44
F82671,12.97
F82674,18.69
F82675,22.12
F82677,7.79
F82678,13.77
F82679,9.81
F82680,10.03
F82686,8.51
F83002,9.41
F83003,18.9
F83004,4.37
F83005,3.41
F83006,11.0
F83007,14.52
F83008,11.16
F83010,8.03
F83011,15.37
F83012,14.03
F83015,11.99
F83017,11.12
F83018,9.92
F83019,11.62
F83020,13.56
F83021,7.72
F83022,11.63
F83023,10.21
F83025,10.25
F83027,10.88
F83032,8.39
F83033,12.82
F83034,17.6
F83039,13.37
F83042,5.78
F83043,1.1
F83044,10.5
F83045,11.51
F83048,7.81
F83050,16.03
F83052,14.67
F83053,9.06
F83055,6.95
F83056,5.28
F83057,10.88
F83058,5.17
F83059,7.51
F83060,8.71
F83061,10.46
F83063,6.85
F83064,7.51
F83615,11.53
F83623,12.98
F83624,3.55
F83632,9.96
F83633,9.8
F83635,2.77
F83652,7.15
F83658,11.52
F83660,8.56
F83664,5.29
F83665,6.46
F83666,10.14
F83671,7.78
F83672,1.07
F83673,7.07
F83674,11.34
F83678,16.33
F83680,8.27
F83681,10.35
F83683,5.32
F83686,6.07
F84003,9.85
F84004,8.71
F84006,7.65
F84008,10.33
F84009,6.64
F84010,8.07
F84012,5.63
F84013,6.74
F84014,9.42
F84015,9.95
F84016,7.31
F84017,6.96
F84018,6.51
F84021,6.43
F84022,7.05
F84025,6.01
F84030,7.87
F84031,7.83
F84033,7.32
F84034,8.56
F84035,3.76
F84036,8.8
F84038,8.56
F84039,3.72
F84041,10.06
F84044,5.11
F84046,4.44
F84047,8.4
F84050,5.27
F84051,4.73
F84052,7.8
F84053,7.82
F84054,6.66
F84055,7.36
F84060,9.49
F84062,7.02
F84063,8.17
F84069,8.4
F84070,8.02
F84072,3.49
F84074,9.33
F84077,7.69
F84079,6.93
F84080,11.36
F84081,5.46
F84083,8.13
F84086,10.88
F84087,6.41
F84088,8.94
F84092,6.62
F84093,6.94
F84096,7.33
F84097,8.33
F84105,6.88
F84111,6.44
F84114,4.93
F84115,7.54
F84117,8.45
F84118,5.02
F84119,6.76
F84121,7.04
F84122,6.74
F84123,3.01
F84124,3.93
F84601,6.56
F84619,6.6
F84620,9.89
F84621,10.31
F84632,3.94
F84635,5.26
F84636,4.81
F84640,14.02
F84641,10.24
F84642,4.19
F84647,3.68
F84656,4.79
F84657,9.91
F84658,8.98
F84660,3.87
F84666,4.66
F84668,4.89
F84669,6.87
F84670,6.01
F84672,7.89
F84673,4.97
F84676,4.72
F84677,9.65
F84681,7.61
F84682,5.49
F84685,8.75
F84686,4.34
F84692,5.03
F84694,5.07
F84696,6.74
F84698,2.59
F84710,7.15
F84711,9.2
F84714,3.82
F84716,6.79
F84717,4.86
F84718,3.73
F84719,9.81
F84720,10.61
F84724,4.47
F84729,4.43
F84730,5.34
F84731,11.89
F84733,4.79
F84735,6.51
F84739,2.8
F84740,4.09
F84741,11.88
F84742,7.58
F84747,3.15
F84749,3.64
F85002,12.46
F85004,13.26
F85007,9.09
F85008,10.54
F85010,15.6
F85013,8.26
F85014,16.33
F85016,21.65
F85017,11.16
F85019,10.53
F85020,16.81
F85023,6.22
F85025,17.7
F85028,10.71
F85029,20.83
F85030,10.13
F85031,10.05
F85032,15.6
F85033,19.79
F85034,11.94
F85035,17.69
F85039,8.75
F85043,8.51
F85044,10.26
F85045,18.04
F85046,6.29
F85052,14.18
F85053,15.61
F85058,12.84
F85060,10.36
F85061,14.46
F85063,14.53
F85064,10.03
F85065,11.78
F85066,10.98
F85067,13.36
F85069,13.13
F85071,7.2
F85072,15.18
F85615,7.13
F85623,8.6
F85625,16.2
F85628,9.82
F85634,6.89
F85640,10.64
F85642,15.09
F85650,14.86
F85654,12.82
F85663,14.46
F85666,12.27
F85669,3.57
F85675,14.73
F85676,10.95
F85678,7.97
F85682,9.84
F85687,13.98
F85688,9.62
F85697,12.95
F85700,7.48
F85701,9.76
F85705,8.23
F85711,0.0
F86001,11.22
F86004,14.98
F86005,6.7
F86006,9.62
F86007,13.0
F86008,12.41
F86009,16.63
F86010,15.16
F86011,10.44
F86012,20.94
F86013,13.94
F86018,12.41
F86020,18.5
F86022,9.78
F86023,16.64
F86025,8.08
F86026,10.93
F86028,9.22
F86030,7.38
F86032,15.7
F86034,10.49
F86036,9.49
F86038,6.19
F86040,7.59
F86042,7.38
F86044,6.26
F86045,10.06
F86057,14.16
F86058,5.7
F86060,9.98
F86062,10.47
F86064,14.1
F86066,13.52
F86074,6.77
F86078,21.33
F86081,12.8
F86082,10.29
F86083,15.83
F86085,12.6
F86086,7.08
F86087,9.51
F86088,11.74
F86607,6.98
F86612,15.13
F86616,13.07
F86621,10.37
F86624,16.77
F86625,10.3
F86626,5.92
F86627,15.69
F86637,15.01
F86638,14.16
F86641,10.08
F86642,7.66
F86644,9.16
F86650,9.79
F86652,11.06
F86657,6.58
F86658,11.88
F86664,13.42
F86666,7.47
F86679,5.18
F86689,6.52
F86691,13.67
F86692,7.22
F86696,6.42
F86698,10.59
F86700,20.24
F86701,8.84
F86702,14.01
F86703,9.99
F86705,7.55
F86707,10.62
F86708,10.07
F86712,9.54
F86731,14.28
G81001,19.27
G81002,24.28
G81003,25.65
G81004,33.08
G81006,13.53
G81007,23.38
G81008,24.65
G81011,12.75
G81012,25.12
G81014,16.18
G81016,19.47
G81017,17.77
G81018,11.68
G81019,26.09
G81021,22.92
G81022,27.29
G81023,27.77
G81024,23.8
G81025,30.54
G81028,10.24
G81029,33.88
G81030,25.46
G81031,24.66
G81032,24.24
G81034,12.22
G81036,21.39
G81037,23.16
G81038,10.95
G81039,39.88
G81040,25.47
G81041,30.28
G81042,16.44
G81043,22.11
G81044,11.62
G81046,17.19
G81047,11.92
G81048,24.73
G81049,23.74
G81050,30.51
G81051,33.67
G81052,28.02
G81054,15.46
G81055,29.33
G81057,31.24
G81059,25.46
G81061,20.13
G81065,22.38
G81070,14.23
G81071,0.38
G81073,16.13
G81074,20.3
G81075,10.21
G81076,28.66
G81077,29.18
G81082,19.89
G81083,14.79
G81084,24.36
G81085,27.44
G81086,18.65
G81087,32.9
G81088,27.69
G81089,14.26
G81090,13.27
G81095,20.28
G81096,22.56
G81098,23.86
G81099,34.11
G81100,23.66
G81102,26.27
G81104,20.58
G81613,12.61
G81614,23.57
G81634,25.21
G81638,6.68
G81641,16.15
G81646,12.05
G81656,12.06
G81658,14.74
G81663,17.51
G81667,30.09
G81669,14.55
G81680,14.78
G81689,2.37
G81694,8.49
G81703,14.29
G82002,17.65
G82006,13.1
G82007,30.43
G82013,21.9
G82014,13.84
G82015,16.53
G82016,20.02
G82017,15.98
G82018,33.98
G82019,20.48
G82020,21.31
G82021,18.76
G82022,17.96
G82023,19.14
G82024,22.97
G82025,15.02
G82026,18.89
G82027,23.16
G82028,20.81
G82031,19.82
G82032,17.72
G82035,23.12
G82036,27.15
G82037,22.26
G82038,27.2
G82039,18.43
G82041,15.34
G82042,17.04
G82044,10.2
G82046,21.67
G82048,17.2
G82049,16.21
G82050,14.02
G82051,16.12
G82052,16.08
G82053,31.02
G82055,25.07
G82056,18.44
G82057,23.41
G82058,20.16
G82059,18.99
G82060,17.7
G82062,18.38
G82063,28.51
G82064,17.97
G82066,19.78
G82067,20.44
G82069,19.13
G82071,26.02
G82072,26.48
G82073,23.18
G82074,25.02
G82076,17.38
G82077,24.21
G82079,27.12
G82080,12.74
G82082,13.35
G82083,20.02
G82085,18.77
G82086,17.99
G82087,19.16
G82088,20.89
G82089,19.1
G82090,28.86
G82091,15.83
G82092,23.08
G82093,25.16
G82094,21.42
G82095,16.63
G82097,26.48
G82098,19.79
G82099,16.98
G82100,20.35
G82103,15.99
G82105,20.04
G82106,15.72
G82107,27.86
G82108,19.86
G82110,16.35
G82111,30.51
G82112,23.98
G82113,16.31
G82114,32.31
G82115,20.35
G82117,19.66
G82118,21.44
G82119,23.93
G82120,21.87
G82121,24.57
G82122,11.89
G82123,15.63
G82125,22.33
G82126,22.58
G82128,18.5
G82129,18.77
G82135,15.79
G82137,16.9
G82138,29.62
G82139,18.24
G82140,2.83
G82141,21.33
G82142,21.94
G82143,16.23
G82147,31.95
G82150,16.05
G82152,20.49
G82154,25.73
G82155,23.35
G82158,22.62
G82160,33.64
G82161,17.14
G82162,27.67
G82164,14.68
G82165,21.8
G82170,21.84
G82180,24.14
G82184,25.46
G82185,17.84
G82186,24.51
G82198,15.7
G82200,19.19
G82203,14.57
G82205,14.34
G82211,16.12
G82212,9.04
G82215,19.63
G82217,17.59
G82218,25.37
G82219,29.05
G82224,18.69
G82225,18.59
G82226,26.02
G82227,28.93
G82228,19.68
G82229,19.77
G82231,24.04
G82232,17.61
G82233,15.0
G82234,17.35
G82235,20.15
G82600,21.84
G82604,14.85
G82605,29.25
G82631,11.77
G82634,14.69
G82635,26.15
G82639,14.71
G82641,9.14
G82647,12.06
G82648,14.06
G82650,29.25
G82652,29.02
G82653,14.12
G82658,23.22
G82665,37.47
G82666,39.0
G82671,10.65
G82679,14.5
G82681,21.54
G82682,18.14
G82684,29.68
G82687,16.91
G82691,18.38
G82693,18.42
G82696,27.77
G82697,12.04
G82698,22.55
G82700,26.48
G82702,9.85
G82704,24.5
G82706,9.31
G82708,10.4
G82711,16.84
G82719,18.97
G82721,24.42
G82729,17.89
G82730,12.76
G82732,24.32
G82733,15.46
G82737,18.43
G82741,13.57
G82744,15.89
G82753,10.27
G82754,21.55
G82762,12.25
G82763,14.86
G82768,14.79
G82775,17.18
G82780,9.72
G82790,18.74
G82791,2.33
G82796,26.11
G82799,21.93
G82802,9.61
G82808,13.92
G82809,24.01
G82888,12.95
G83001,14.83
G83002,15.76
G83004,22.74
G83006,21.2
G83009,16.42
G83010,16.37
G83012,8.01
G83013,14.97
G83015,14.84
G83016,6.91
G83018,8.91
G83019,15.53
G83021,9.43
G83024,17.72
G83025,20.05
G83026,6.93
G83027,13.71
G83028,13.98
G83029,21.74
G83030,11.13
G83031,12.78
G83033,23.71
G83037,11.86
G83039,8.94
G83044,9.44
G83046,18.46
G83047,18.71
G83049,22.21
G83052,12.97
G83053,15.79
G83057,20.95
G83058,7.98
G83060,9.81
G83062,7.55
G83065,6.58
G83066,19.49
G83067,6.05
G83628,13.33
G83630,9.59
G83631,9.56
G83633,9.95
G83635,15.11
G83641,8.13
G83642,9.74
G83647,9.99
G83651,10.15
G83654,9.38
G83663,8.59
G83673,10.11
G83680,16.78
G84001,16.31
G84002,13.72
G84003,13.16
G84004,26.5
G84005,20.4
G84006,24.62
G84007,16.0
G84008,17.67
G84009,25.17
G84010,20.85
G84011,15.4
G84013,14.69
G84015,23.47
G84016,17.67
G84017,21.63
G84018,23.86
G84019,14.25
G84020,21.03
G84022,0.82
G84023,18.46
G84024,13.3
G84025,8.53
G84027,14.44
G84028,19.94
G84029,16.51
G84030,18.61
G84032,22.73
G84033,19.52
G84035,18.28
G84039,16.69
G84040,14.89
G84041,9.48
G84604,13.87
G84607,18.93
G84609,23.12
G84621,16.87
G84624,12.29
G84625,5.42
G84627,22.23
G84629,11.15
G84630,14.01
G85001,13.8
G85002,3.34
G85003,12.7
G85004,11.75
G85005,14.57
G85006,8.92
G85008,13.08
G85011,5.69
G85013,10.23
G85014,12.41
G85015,12.01
G85016,10.21
G85019,7.11
G85020,5.74
G85021,18.34
G85022,11.77
G85023,7.35
G85024,12.32
G85025,6.23
G85026,13.16
G85027,17.22
G85028,11.31
G85029,5.24
G85030,8.28
G85031,9.98
G85032,11.93
G85034,8.48
G85035,9.44
G85038,7.71
G85039,12.38
G85040,5.51
G85041,11.02
G85042,8.5
G85044,12.79
G85045,10.58
G85046,13.76
G85047,6.94
G85051,13.69
G85052,4.01
G85053,6.58
G85054,13.64
G85055,10.81
G85057,7.55
G85061,12.33
G85073,7.52
G85076,5.38
G85082,2.42
G85083,6.9
G85084,5.82
G85085,4.96
G85086,8.58
G85087,4.84
G85089,6.24
G85091,6.3
G85096,9.06
G85100,6.47
G85102,6.46
G85104,13.2
G85105,6.54
G85109,6.25
G85114,9.72
G85119,8.9
G85120,10.42
G85121,8.91
G85123,8.39
G85124,9.05
G85125,10.57
G85127,5.3
G85129,7.24
G85130,7.74
G85132,7.06
G85134,8.28
G85135,8.41
G85136,6.47
G85137,5.9
G85138,6.78
G85623,7.66
G85632,5.6
G85633,8.91
G85642,7.35
G85644,8.91
G85647,7.51
G85651,7.5
G85662,12.21
G85673,5.72
G85674,4.91
G85681,8.59
G85685,10.48
G85690,5.89
G85695,4.4
G85696,6.51
G85698,4.17
G85705,6.41
G85706,11.19
G85708,5.99
G85711,3.24
G85715,5.45
G85716,7.07
G85721,7.35
G85722,5.51
G85724,3.95
G85726,7.73
G85727,7.77
G85736,7.58
H81002,14.15
H81003,18.72
H81004,25.55
H81005,20.56
H81006,18.49
H81007,17.02
H81009,18.94
H81010,10.94
H81011,19.0
H81013,19.55
H81015,18.91
H81016,27.96
H81017,20.48
H81019,17.22
H81020,16.24
H81021,18.77
H81022,22.95
H81023,21.48
H81024,16.57
H81025,23.07
H81026,18.9
H81027,19.81
H81028,25.62
H81029,14.05
H81030,14.62
H81031,17.43
H81032,13.28
H81033,17.37
H81034,20.58
H81035,16.33
H81036,21.89
H81037,17.19
H81038,19.57
H81039,19.01
H81040,19.09
H81041,13.9
H81042,16.21
H81043,22.44
H81044,25.43
H81045,18.19
H81046,18.75
H81047,19.94
H81048,10.67
H81050,20.32
H81051,16.49
H81052,25.4
H81053,22.24
H81055,20.67
H81056,21.47
H81057,17.64
H81058,15.21
H81060,20.14
H81061,11.95
H81062,21.14
H81064,21.47
H81065,20.56
H81066,14.76
H81067,19.28
H81068,23.94
H81069,18.93
H81070,22.6
H81071,15.15
H81072,16.61
H81073,16.66
H81074,22.91
H81075,18.11
H81076,27.05
H81077,21.63
H81078,16.55
H81080,26.74
H81081,21.96
H81082,16.92
H81083,14.22
H81084,24.14
H81085,16.5
H81086,18.68
H81087,11.62
H81088,21.43
H81089,14.51
H81090,10.03
H81091,20.01
H81094,16.24
H81095,17.94
H81097,20.09
H81099,14.53
H81103,24.28
H81104,13.97
H81107,16.13
H81109,19.13
H81110,20.86
H81111,21.43
H81113,24.89
H81116,23.59
H81119,15.98
H81122,17.6
H81123,10.21
H81126,20.47
H81128,19.24
H81129,14.73
H81130,19.0
H81131,15.31
H81132,19.5
H81133,18.38
H81134,19.08
H81613,13.07
H81615,17.33
H81618,19.98
H81632,22.12
H81638,18.31
H81641,7.56
H81642,17.5
H81643,5.77
H81644,18.45
H81656,22.73
H81658,21.95
H81663,12.58
H81672,17.73
H82003,19.6
H82004,23.35
H82005,14.41
H82006,29.88
H82007,31.98
H82008,23.67
H82009,20.64
H82010,25.78
H82011,21.22
H82012,11.88
H82013,26.78
H82014,29.42
H82016,19.29
H82017,19.58
H82020,18.17
H82021,32.45
H82022,27.28
H82023,22.06
H82025,15.27
H82026,9.31
H82027,23.36
H82028,16.39
H82030,30.82
H82031,25.11
H82032,28.06
H82033,14.42
H82034,27.8
H82035,25.58
H82036,28.34
H82037,34.06
H82038,30.17
H82039,22.79
H82040,23.1
H82041,18.25
H82042,20.76
H82043,40.83
H82044,19.89
H82045,21.84
H82046,18.79
H82047,15.86
H82048,30.39
H82049,24.26
H82050,14.75
H82051,25.8
H82052,18.76
H82053,20.41
H82055,20.4
H82056,20.27
H82057,23.42
H82058,19.96
H82059,35.22
H82060,26.97
H82061,18.33
H82063,20.43
H82064,11.93
H82065,25.43
H82066,20.71
H82067,16.4
H82070,30.93
H82072,19.18
H82076,31.02
H82077,23.82
H82078,25.32
H82084,21.35
H82087,50.06
H82088,7.54
H82089,17.5
H82091,24.59
H82092,15.18
H82095,33.35
H82096,23.7
H82098,10.16
H82099,30.49
H82100,18.03
H82615,16.66
H82621,17.69
H82640,16.72
H83001,10.54
H83004,22.81
H83005,7.14
H83006,9.54
H83007,10.93
H83008,16.36
H83009,12.88
H83010,13.26
H83011,8.84
H83012,9.33
H83013,17.98
H83014,23.01
H83015,14.17
H83016,16.97
H83017,10.7
H83018,17.81
H83019,13.01
H83020,11.05
H83021,13.76
H83022,12.73
H83023,12.54
H83024,17.45
H83028,14.4
H83029,25.73
H83030,11.62
H83031,15.84
H83033,9.69
H83034,9.99
H83037,12.04
H83039,15.17
H83040,20.18
H83042,12.39
H83043,22.54
H83044,10.35
H83049,9.55
H83050,16.38
H83051,5.13
H83052,20.4
H83053,11.61
H83608,7.97
H83609,12.98
H83611,6.66
H83624,10.29
H83625,11.83
H83627,12.1
H83631,6.32
H84002,15.56
H84005,13.01
H84006,16.24
H84007,16.12
H84010,14.83
H84012,13.52
H84014,14.9
H84015,12.31
H84016,16.32
H84017,16.88
H84018,17.55
H84020,7.28
H84023,11.79
H84025,13.35
H84027,10.67
H84030,19.49
H84031,17.23
H84032,16.69
H84033,18.9
H84034,16.71
H84039,15.56
H84040,20.36
H84041,8.06
H84042,15.0
H84044,12.29
H84048,11.81
H84050,15.94
H84051,12.16
H84053,18.05
H84054,13.68
H84055,14.74
H84057,10.4
H84059,13.48
H84060,13.38
H84061,6.2
H84062,14.92
H84618,10.87
H84619,8.1
H84623,13.96
H84625,13.76
H84629,11.35
H84630,9.02
H84635,15.55
H84639,7.64
H85001,4.99
H85002,8.97
H85003,11.08
H85005,17.24
H85006,12.32
H85007,14.41
H85008,16.82
H85009,8.16
H85011,11.35
H85012,8.52
H85018,15.54
H85020,13.16
H85021,14.66
H85022,15.47
H85023,14.25
H85024,13.62
H85025,14.62
H85026,9.11
H85027,19.01
H85028,10.75
H85029,10.56
H85030,17.92
H85031,14.83
H85032,18.65
H85033,13.68
H85035,15.19
H85037,13.42
H85038,12.21
H85041,8.26
H85045,12.42
H85047,11.34
H85048,8.8
H85049,6.87
H85051,10.93
H85052,14.4
H85053,13.04
H85055,17.49
H85057,7.75
H85061,8.57
H85063,21.57
H85065,9.64
H85066,6.65
H85067,9.54
H85069,8.1
H85070,9.98
H85075,6.49
H85076,18.73
H85077,12.14
H85078,11.38
H85082,10.51
H85087,13.31
H85088,12.68
H85090,9.44
H85092,10.08
H85095,10.41
H85100,8.68
H85101,14.61
H85103,8.18
H85105,14.83
H85110,12.56
H85111,7.23
H85112,8.98
H85113,17.04
H85114,7.74
H85115,17.98
H85116,10.61
H85618,15.11
H85634,5.45
H85637,17.24
H85649,9.14
H85653,17.45
H85656,9.59
H85659,3.4
H85662,18.12
H85664,2.96
H85665,11.39
H85680,6.06
H85682,6.58
H85683,11.38
H85686,15.3
H85691,98.4
H85693,7.78
H85695,11.14
J81002,40.5
J81003,15.73
J81004,18.79
J81005,33.04
J81006,21.87
J81009,23.49
J81010,34.71
J81011,32.13
J81012,16.32
J81013,18.95
J81014,27.24
J81016,26.27
J81017,28.21
J81018,21.38
J81019,25.96
J81020,26.33
J81021,13.87
J81022,43.29
J81025,25.47
J81027,29.63
J81028,40.67
J81029,36.41
J81030,27.57
J81033,14.87
J81034,27.47
J81035,25.47
J81036,19.63
J81039,16.5
J81041,27.13
J81042,16.99
J81044,19.29
J81045,22.19
J81046,28.22
J81047,19.73
J81048,24.5
J81049,27.81
J81051,24.05
J81052,22.29
J81053,34.68
J81054,30.85
J81056,28.79
J81057,31.8
J81058,23.49
J81059,19.81
J81061,42.55
J81062,18.75
J81064,25.21
J81066,24.36
J81067,18.32
J81068,28.82
J81070,21.0
J81072,12.3
J81073,24.64
J81074,36.92
J81075,28.11
J81076,30.44
J81077,25.2
J81078,29.74
J81081,26.42
J81082,27.39
J81083,28.8
J81086,18.02
J81087,17.66
J81609,37.05
J81612,31.87
J81613,25.33
J81616,26.91
J81620,27.38
J81621,24.79
J81625,13.99
J81626,23.75
J81628,40.51
J81631,29.46
J81633,19.87
J81634,8.02
J81637,26.38
J81644,27.37
J81646,26.42
J81647,32.13
J81648,19.82
J82001,10.35
J82002,18.04
J82005,26.96
J82006,24.26
J82007,34.84
J82008,26.6
J82009,31.21
J82010,19.79
J82012,24.7
J82015,16.64
J82016,26.3
J82017,20.81
J82018,20.81
J82019,24.7
J82020,17.63
J82021,35.91
J82022,19.63
J82023,13.1
J82024,7.21
J82025,17.53
J82026,27.3
J82028,16.46
J82033,21.6
J82034,23.41
J82035,20.21
J82036,25.05
J82039,29.55
J82040,13.75
J82041,14.97
J82042,17.98
J82044,21.72
J82049,21.41
J82050,13.51
J82051,21.27
J82053,20.1
J82054,22.03
J82055,20.01
J82056,25.44
J82058,12.14
J82059,25.76
J82060,15.79
J82061,21.83
J82062,13.47
J82063,16.0
J82064,24.37
J82066,15.02
J82067,15.34
J82069,17.35
J82071,13.35
J82072,21.31
J82073,16.14
J82074,26.4
J82075,32.3
J82076,17.65
J82077,12.9
J82079,16.67
J82080,1.42
J82081,6.42
J82082,10.84
J82083,19.93
J82084,24.01
J82085,13.81
J82087,18.91
J82088,15.26
J82089,20.33
J82090,13.46
J82092,16.37
J82094,22.42
J82098,23.4
J82099,17.66
J82101,19.25
J82102,21.52
J82103,18.62
J82104,33.16
J82106,23.07
J82110,18.04
J82112,21.75
J82114,15.72
J82115,9.67
J82116,22.52
J82119,27.11
J82120,20.22
J82121,20.62
J82122,13.79
J82124,27.18
J82125,17.78
J82126,19.11
J82128,17.23
J82129,32.33
J82130,18.39
J82131,29.73
J82132,22.11
J82134,21.06
J82135,19.67
J82136,21.63
J82138,20.15
J82139,36.45
J82142,15.71
J82143,21.49
J82144,14.64
J82145,26.03
J82146,30.67
J82147,21.59
J82149,14.21
J82150,30.92
J82151,29.86
J82152,22.03
J82154,22.25
J82155,14.67
J82156,29.23
J82157,23.18
J82161,26.47
J82163,25.36
J82164,22.71
J82169,14.66
J82174,20.85
J82178,15.6
J82180,17.95
J82181,15.06
J82183,19.12
J82184,14.06
J82188,12.47
J82192,13.76
J82194,18.37
J82196,19.71
J82197,24.19
J82198,15.25
J82199,1.4
J82201,21.34
J82207,12.7
J82208,15.56
J82210,34.31
J82213,11.8
J82214,20.0
J82215,27.82
J82216,25.69
J82217,1.4
J82218,11.13
J82220,7.9
J82605,7.01
J82622,15.24
J82625,26.06
J82628,18.59
J82630,9.35
J82633,24.43
J82639,24.43
J82640,20.22
J82646,14.63
J82663,5.37
J82669,13.92
J83001,24.21
J83002,16.09
J83003,26.33
J83004,28.22
J83005,17.59
J83006,22.14
J83007,16.76
J83008,20.03
J83009,23.56
J83010,23.24
J83011,26.32
J83013,25.46
J83014,15.24
J83016,18.65
J83018,26.94
J83019,29.9
J83021,17.73
J83022,13.6
J83023,21.88
J83024,17.7
J83025,16.97
J83026,24.73
J83027,17.6
J83029,25.68
J83030,25.69
J83031,15.75
J83033,10.5
J83034,27.88
J83035,12.89
J83036,16.49
J83037,25.64
J83038,15.17
J83039,21.78
J83040,20.72
J83041,23.89
J83042,21.8
J83043,29.41
J83045,24.26
J83046,21.73
J83047,18.24
J83048,19.97
J83049,21.21
J83050,18.44
J83052,14.62
J83053,24.43
J83055,21.41
J83056,25.0
J83057,16.83
J83058,29.79
J83059,19.75
J83060,32.47
J83064,12.62
J83601,22.43
J83603,23.29
J83609,25.32
J83615,24.01
J83618,23.16
J83619,27.92
J83625,13.88
J83629,36.92
J83630,32.44
J83633,18.55
J83645,14.05
J83646,12.06
J84003,32.14
J84004,25.98
J84005,28.05
J84007,40.52
J84008,25.62
J84011,21.93
J84012,22.19
J84013,30.39
J84015,24.26
J84016,37.48
J84017,27.4
J84019,40.0
K81001,14.31
K81002,13.38
K81003,15.41
K81004,18.91
K81005,9.72
K81006,18.79
K81007,9.69
K81010,18.87
K81012,21.77
K81014,17.12
K81015,17.91
K81017,23.04
K81018,20.44
K81019,10.37
K81020,17.84
K81021,19.46
K81022,21.44
K81024,11.06
K81025,18.88
K81026,10.31
K81027,21.95
K81028,20.93
K81030,17.36
K81034,8.17
K81036,15.3
K81039,10.52
K81040,11.89
K81041,19.46
K81042,22.3
K81043,9.78
K81045,14.59
K81046,16.51
K81047,15.46
K81048,10.04
K81050,17.76
K81051,15.23
K81052,21.61
K81055,24.48
K81056,20.06
K81057,23.71
K81059,17.41
K81060,13.39
K81062,13.4
K81063,18.14
K81066,16.97
K81068,17.49
K81069,21.36
K81070,17.04
K81073,17.81
K81074,9.87
K81075,9.3
K81076,24.24
K81077,17.1
K81078,15.04
K81080,20.63
K81081,8.39
K81082,9.53
K81083,9.87
K81084,18.63
K81085,12.44
K81086,12.03
K81087,11.58
K81089,10.96
K81092,15.0
K81094,11.81
K81097,17.06
K81100,8.12
K81102,13.05
K81103,19.19
K81605,5.01
K81607,10.14
K81608,6.97
K81610,11.85
K81616,11.23
K81622,17.14
K81630,15.09
K81633,9.48
K81636,7.29
K81638,9.94
K81644,11.51
K81645,6.84
K81651,8.59
K81655,15.54
K81656,10.25
K81657,5.77
K82001,24.66
K82003,10.6
K82004,18.03
K82006,18.54
K82007,17.52
K82008,21.85
K82009,24.65
K82010,12.63
K82011,18.55
K82012,24.15
K82013,22.29
K82014,16.29
K82015,17.45
K82016,21.36
K82017,15.2
K82018,10.26
K82019,10.83
K82020,16.93
K82021,26.1
K82022,12.14
K82023,23.03
K82024,18.32
K82025,20.01
K82026,14.54
K82027,14.03
K82028,25.06
K82029,17.75
K82030,12.82
K82031,18.91
K82032,12.57
K82033,17.7
K82035,20.86
K82036,15.82
K82037,19.91
K82038,15.85
K82039,12.84
K82040,11.78
K82044,10.41
K82045,22.69
K82046,20.06
K82047,22.02
K82048,20.39
K82049,26.78
K82051,23.3
K82053,15.17
K82054,13.84
K82055,19.15
K82057,24.51
K82058,15.99
K82059,14.87
K82060,13.9
K82061,22.54
K82064,7.19
K82065,10.01
K82066,23.45
K82067,11.68
K82068,17.77
K82070,23.12
K82073,21.38
K82074,16.01
K82076,11.29
K82078,21.57
K82079,22.0
K82603,10.15
K82610,6.84
K82615,9.33
K82617,16.08
K82618,18.06
K82621,14.78
K82631,7.63
K82633,6.08
K83002,14.81
K83003,16.79
K83005,13.82
K83006,18.28
K83007,18.07
K83008,23.19
K83009,17.26
K83010,13.88
K83011,21.0
K83012,16.47
K83013,14.74
K83014,13.54
K83015,21.55
K83017,24.09
K83018,18.48
K83019,23.32
K83020,9.89
K83021,21.1
K83022,17.56
K83023,24.98
K83024,19.02
K83025,10.97
K83026,14.42
K83027,13.02
K83028,19.57
K83029,16.35
K83030,21.74
K83031,20.47
K83032,16.43
K83035,16.25
K83036,17.69
K83037,19.13
K83039,22.62
K83040,15.66
K83041,17.69
K83042,16.16
K83043,15.86
K83044,21.26
K83047,17.77
K83048,16.82
K83049,17.64
K83050,13.66
K83051,15.79
K83052,17.65
K83053,23.12
K83055,15.48
K83056,13.98
K83059,11.56
K83064,20.31
K83065,20.78
K83066,25.06
K83068,23.64
K83069,25.86
K83070,18.04
K83076,12.2
K83077,18.15
K83079,21.01
K83080,17.51
K83081,19.45
K83601,18.38
K83607,20.63
K83610,13.32
K83614,16.38
K83616,17.44
K83618,9.72
K83620,19.73
K83621,2.78
K83622,10.3
K83625,12.89
K84001,20.94
K84002,14.72
K84003,22.84
K84004,15.03
K84006,24.67
K84007,17.18
K84008,22.43
K84009,7.77
K84010,24.39
K84011,12.84
K84012,19.46
K84013,6.06
K84014,21.05
K84015,25.43
K84016,8.62
K84017,19.77
K84019,22.31
K84020,23.68
K84021,10.74
K84023,21.6
K84024,19.21
K84025,20.74
K84026,12.99
K84027,22.91
K84028,15.79
K84030,24.22
K84031,11.02
K84032,11.25
K84033,19.03
K84034,23.35
K84035,22.81
K84036,23.17
K84037,20.42
K84038,17.16
K84041,22.59
K84042,24.66
K84043,15.21
K84044,14.25
K84045,21.58
K84046,26.61
K84047,25.65
K84048,11.49
K84049,9.67
K84050,21.54
K84051,20.24
K84052,15.83
K84054,15.28
K84055,21.58
K84056,27.6
K84058,23.86
K84059,18.54
K84060,11.32
K84062,10.47
K84063,6.74
K84065,23.11
K84066,3.34
K84071,24.81
K84072,24.71
K84075,10.98
K84078,6.12
K84079,14.63
K84080,10.03
K84082,19.61
K84605,5.4
K84610,22.64
K84613,10.93
K84618,15.15
K84624,8.43
L81004,25.97
L81007,11.51
L81008,16.29
L81009,20.62
L81010,17.96
L81012,6.15
L81013,17.03
L81014,23.96
L81015,8.1
L81016,22.83
L81017,20.02
L81018,30.02
L81019,15.55
L81020,17.62
L81021,28.01
L81022,11.87
L81023,7.64
L81024,20.32
L81025,25.05
L81026,19.78
L81027,23.03
L81029,23.27
L81030,20.98
L81031,20.86
L81033,14.65
L81034,25.63
L81036,15.62
L81037,13.85
L81038,15.66
L81039,19.32
L81040,25.64
L81041,10.19
L81042,18.27
L81044,24.87
L81045,26.11
L81046,22.96
L81047,22.14
L81050,20.64
L81051,24.17
L81053,18.31
L81054,13.46
L81055,18.28
L81058,25.5
L81059,20.51
L81061,7.61
L81062,13.32
L81063,18.97
L81064,24.06
L81065,19.38
L81066,13.44
L81067,15.57
L81068,23.14
L81069,15.19
L81070,21.22
L81071,12.46
L81072,24.19
L81073,20.62
L81075,6.26
L81077,21.57
L81078,11.5
L81079,22.02
L81081,12.14
L81082,10.06
L81083,13.19
L81084,17.84
L81085,25.85
L81086,22.44
L81087,14.02
L81089,10.96
L81090,11.5
L81091,16.76
L81094,11.49
L81095,9.84
L81098,15.54
L81101,22.32
L81103,22.96
L81106,23.79
L81117,20.59
L81118,14.26
L81120,11.51
L81122,27.22
L81123,18.85
L81125,10.72
L81127,18.75
L81130,16.06
L81131,21.33
L81132,13.71
L81133,0.0
L81600,15.71
L81617,0.6
L81622,15.06
L81632,10.12
L81637,20.19
L81642,20.42
L81643,24.0
L81644,14.88
L81649,7.0
L81655,13.66
L81669,11.16
L81670,9.72
L82001,18.04
L82003,29.89
L82004,27.82
L82006,17.11
L82007,27.29
L82008,28.18
L82009,22.09
L82010,20.7
L82011,21.68
L82012,29.42
L82013,26.14
L82015,27.01
L82016,26.31
L82017,23.37
L82018,24.07
L82021,27.44
L82022,34.06
L82023,22.55
L82024,22.99
L82025,32.75
L82026,27.43
L82028,21.97
L82029,21.42
L82030,23.57
L82035,30.34
L82036,23.95
L82038,31.76
L82039,30.98
L82041,19.4
L82042,23.62
L82043,29.35
L82044,28.01
L82045,26.73
L82046,24.38
L82047,32.49
L82048,34.91
L82049,22.49
L82050,25.05
L82051,19.29
L82052,25.33
L82054,24.13
L82056,31.29
L82057,33.4
L82058,30.58
L82059,24.51
L82061,35.76
L82066,28.25
L82068,23.58
L82070,28.89
L82618,26.61
L82620,23.84
L82622,20.56
L83002,28.05
L83003,18.2
L83004,23.57
L83005,30.35
L83006,19.58
L83007,38.87
L83008,18.82
L83010,24.85
L83011,40.38
L83012,28.58
L83013,26.27
L83014,30.1
L83015,16.47
L83016,10.56
L83018,10.11
L83019,23.44
L83020,31.74
L83021,29.7
L83023,27.84
L83024,19.51
L83025,30.58
L83026,28.62
L83027,18.68
L83028,17.05
L83029,20.51
L83030,16.12
L83031,28.02
L83034,22.77
L83035,23.76
L83036,26.33
L83038,28.2
L83039,16.19
L83040,18.0
L83041,23.71
L83042,16.7
L83043,25.98
L83044,28.97
L83045,28.3
L83046,21.37
L83048,26.05
L83049,31.12
L83050,31.18
L83051,23.31
L83052,22.75
L83053,29.1
L83054,41.56
L83055,35.08
L83056,27.61
L83057,32.64
L83058,17.9
L83059,27.64
L83064,26.89
L83065,26.27
L83066,17.31
L83067,42.19
L83068,28.62
L83069,28.03
L83070,24.19
L83071,17.44
L83072,16.92
L83073,22.68
L83075,25.71
L83076,16.06
L83077,15.2
L83079,24.69
L83081,29.97
L83082,30.46
L83083,24.47
L83084,21.25
L83085,25.08
L83086,28.93
L83087,25.41
L83088,32.01
L83089,20.45
L83092,21.86
L83094,33.44
L83095,28.76
L83096,25.41
L83097,24.95
L83098,28.13
L83099,18.38
L83100,21.93
L83101,29.65
L83102,30.24
L83103,27.02
L83105,28.17
L83106,25.19
L83111,26.93
L83112,24.55
L83113,14.32
L83115,17.59
L83116,25.73
L83118,19.46
L83120,31.25
L83127,22.31
L83128,20.37
L83129,29.93
L83131,27.76
L83134,28.01
L83136,28.1
L83137,27.59
L83143,15.46
L83146,24.95
L83147,14.5
L83148,37.72
L83607,18.67
L83616,24.5
L83624,14.54
L83627,25.57
L83628,25.8
L83639,34.77
L83642,27.12
L83646,13.15
L83648,8.39
L83651,10.87
L83655,9.07
L83657,30.95
L83663,31.82
L83666,16.75
L83673,1.88
L84003,11.8
L84004,30.02
L84005,31.48
L84006,20.91
L84007,19.98
L84008,19.28
L84009,17.7
L84010,26.85
L84011,24.78
L84012,21.92
L84014,28.52
L84015,22.78
L84016,23.73
L84018,24.2
L84021,24.04
L84022,19.47
L84023,23.6
L84024,26.52
L84025,32.96
L84026,19.33
L84027,24.21
L84028,22.4
L84029,23.99
L84030,13.05
L84031,29.56
L84032,23.67
L84033,19.62
L84034,16.24
L84036,22.98
L84037,28.44
L84038,25.21
L84039,20.49
L84040,26.54
L84041,17.68
L84043,30.17
L84045,26.19
L84046,23.68
L84047,22.25
L84048,25.42
L84049,17.99
L84050,12.25
L84051,20.37
L84052,13.95
L84053,26.5
L84054,21.03
L84056,18.94
L84058,18.51
L84059,17.47
L84060,25.03
L84063,21.43
L84065,23.39
L84067,18.47
L84068,28.6
L84069,28.71
L84070,20.43
L84071,25.96
L84072,26.28
L84073,18.9
L84075,22.87
L84077,22.62
L84078,22.9
L84080,21.04
L84081,17.37
L84084,17.31
L84085,25.76
L84606,25.27
L84613,23.61
L84615,25.87
L84616,17.94
L84617,10.28
L85001,21.3
L85002,28.94
L85003,34.23
L85004,30.46
L85006,17.61
L85007,31.72
L85008,20.29
L85009,34.44
L85010,27.34
L85011,27.47
L85012,24.63
L85013,29.56
L85014,15.66
L85015,21.97
L85016,32.45
L85017,24.67
L85018,27.82
L85019,32.65
L85020,26.0
L85021,28.43
L85022,21.33
L85023,17.14
L85024,27.87
L85025,16.75
L85026,25.67
L85027,23.51
L85028,29.52
L85029,24.11
L85030,26.78
L85031,29.62
L85032,19.85
L85033,30.34
L85034,28.34
L85035,19.46
L85036,26.62
L85037,29.77
L85038,29.36
L85039,22.61
L85040,27.23
L85042,18.81
L85043,20.56
L85044,31.12
L85046,23.22
L85047,20.73
L85048,19.03
L85050,25.65
L85051,16.58
L85052,25.88
L85053,21.76
L85054,29.16
L85055,25.97
L85056,21.87
L85061,23.56
L85062,18.57
L85064,9.07
L85065,36.19
L85066,25.83
L85601,28.88
L85607,11.4
L85609,23.16
L85611,18.16
L85612,12.4
L85619,22.29
L85624,34.57
M81001,19.58
M81002,17.7
M81003,25.92
M81004,22.22
M81005,19.07
M81006,17.49
M81007,27.21
M81008,17.33
M81009,29.51
M81010,19.77
M81011,26.93
M81012,29.28
M81015,23.81
M81016,25.93
M81017,13.45
M81018,33.35
M81019,18.81
M81020,16.67
M81021,19.92
M81022,17.88
M81024,29.4
M81025,20.26
M81026,19.28
M81027,23.0
M81029,35.0
M81032,22.52
M81033,24.58
M81034,25.71
M81035,18.28
M81037,21.71
M81038,30.79
M81039,27.1
M81040,28.21
M81041,20.32
M81042,31.55
M81043,31.88
M81044,25.71
M81045,28.75
M81046,30.08
M81047,22.36
M81048,30.78
M81049,18.84
M81054,31.95
M81055,18.37
M81056,22.75
M81057,32.06
M81058,25.2
M81061,30.83
M81062,19.14
M81063,23.94
M81064,25.52
M81066,23.37
M81067,26.53
M81068,24.9
M81069,26.06
M81070,20.9
M81072,20.2
M81074,30.27
M81075,25.97
M81076,31.04
M81077,27.25
M81078,24.3
M81081,27.27
M81082,16.58
M81083,29.86
M81084,20.45
M81089,16.93
M81090,29.74
M81091,22.26
M81092,19.93
M81093,15.82
M81094,18.68
M81600,28.63
M81604,27.28
M81605,20.9
M81608,26.83
M81616,17.77
M81617,14.1
M81627,15.39
M81629,24.9
M82002,20.89
M82003,16.1
M82004,28.85
M82005,25.48
M82006,23.17
M82007,18.85
M82008,38.13
M82009,20.63
M82010,23.54
M82011,25.57
M82012,15.62
M82013,29.51
M82014,31.09
M82016,27.26
M82017,28.57
M82018,25.42
M82019,29.01
M82020,28.15
M82021,33.36
M82022,22.11
M82023,21.68
M82024,27.77
M82025,25.25
M82026,23.83
M82028,24.93
M82030,26.58
M82031,28.21
M82032,16.17
M82033,31.05
M82034,24.04
M82035,24.57
M82038,19.71
M82039,20.33
M82040,17.69
M82041,27.96
M82042,14.6
M82043,29.9
M82044,26.88
M82046,27.77
M82047,22.64
M82048,22.38
M82051,26.71
M82056,18.54
M82057,11.43
M82058,28.1
M82059,20.69
M82060,22.8
M82601,35.66
M82604,28.47
M82606,17.59
M82616,17.9
M82620,36.0
M83001,20.22
M83004,27.89
M83005,22.91
M83006,24.56
M83007,16.2
M83009,29.01
M83010,12.08
M83011,27.2
M83012,24.57
M83013,30.65
M83014,15.59
M83015,25.94
M83016,25.27
M83017,28.6
M83018,25.65
M83020,23.84
M83021,17.51
M83022,29.69
M83023,24.67
M83024,20.89
M83025,23.76
M83026,11.52
M83027,17.39
M83028,16.98
M83030,21.94
M83031,29.67
M83032,20.36
M83033,19.85
M83034,21.68
M83035,24.36
M83036,20.01
M83037,22.38
M83038,24.12
M83042,25.3
M83044,17.06
M83045,27.17
M83046,26.67
M83047,20.96
M83048,20.69
M83049,22.86
M83050,20.72
M83051,19.06
M83052,18.09
M83054,21.07
M83056,22.8
M83057,19.36
M83059,27.53
M83061,25.31
M83062,23.22
M83063,16.77
M83065,24.94
M83066,16.79
M83067,17.44
M83068,16.24
M83069,23.94
M83070,25.64
M83071,24.33
M83072,28.19
M83073,20.62
M83074,20.06
M83075,11.38
M83076,11.58
M83079,23.49
M83082,18.34
M83084,24.57
M83088,22.42
M83089,25.33
M83090,26.43
M83092,27.76
M83093,25.39
M83094,19.52
M83096,24.94
M83097,21.54
M83100,25.71
M83102,13.56
M83103,28.09
M83107,19.58
M83108,23.86
M83109,21.54
M83110,18.43
M83111,22.52
M83113,14.25
M83117,19.27
M83121,29.2
M83122,23.88
M83123,15.53
M83125,26.99
M83126,18.39
M83127,9.34
M83129,17.03
M83130,22.63
M83132,21.75
M83138,21.66
M83139,19.44
M83140,21.71
M83141,23.38
M83143,13.41
M83146,15.19
M83148,15.7
M83601,32.75
M83608,23.32
M83616,17.94
M83617,23.97
M83619,18.44
M83623,10.68
M83624,20.35
M83625,15.86
M83627,12.85
M83632,21.84
M83637,16.49
M83638,17.96
M83640,27.58
M83641,22.28
M83650,12.28
M83661,14.48
M83668,19.87
M83670,3.87
M83680,19.07
M83681,9.51
M83682,15.52
M83691,29.92
M83693,10.68
M83697,16.16
M83698,23.6
M83700,3.65
M83701,22.76
M83703,18.96
M83705,15.21
M83706,13.68
M83709,19.18
M83711,26.31
M83713,21.63
M83715,16.76
M83717,17.54
M83718,15.43
M83719,17.47
M83723,15.45
M83725,13.58
M83727,26.12
M83738,23.88
M84001,21.26
M84002,24.07
M84003,20.12
M84004,21.63
M84005,17.57
M84006,22.29
M84007,22.28
M84008,15.86
M84009,24.46
M84010,18.98
M84011,21.88
M84012,15.96
M84013,26.08
M84014,27.43
M84015,14.72
M84016,25.1
M84017,19.8
M84018,24.75
M84019,21.53
M84020,18.51
M84021,23.4
M84022,18.81
M84023,13.8
M84024,30.48
M84025,28.41
M84026,23.77
M84028,20.75
M84029,21.21
M84030,24.66
M84031,18.07
M84032,12.64
M84034,17.56
M84035,15.14
M84036,23.95
M84037,23.0
M84040,18.6
M84041,18.2
M84042,23.8
M84043,22.07
M84044,26.41
M84046,27.9
M84047,28.66
M84049,27.8
M84050,12.78
M84051,15.27
M84055,23.34
M84059,16.68
M84060,25.84
M84061,27.71
M84062,16.49
M84063,15.47
M84064,15.57
M84065,13.23
M84066,20.02
M84067,19.15
M84069,18.34
M84070,10.32
M84609,15.26
M84612,15.72
M84615,17.53
M84616,20.1
M84618,21.51
M84620,25.73
M84621,12.96
M84627,26.22
M84629,14.34
M85001,13.64
M85002,7.86
M85005,7.68
M85006,15.62
M85007,14.34
M85008,16.48
M85009,15.82
M85011,18.88
M85013,15.09
M85014,14.24
M85016,16.39
M85018,19.68
M85019,15.24
M85020,7.16
M85021,8.47
M85023,14.27
M85024,7.93
M85025,5.93
M85026,24.19
M85027,18.18
M85028,17.33
M85029,20.85
M85030,15.37
M85031,17.41
M85033,18.67
M85034,6.36
M85035,12.58
M85037,19.65
M85041,5.29
M85042,17.25
M85043,17.58
M85046,23.02
M85047,18.58
M85048,20.5
M85051,7.23
M85053,8.77
M85055,10.91
M85056,17.42
M85058,11.5
M85060,18.28
M85061,10.92
M85062,19.32
M85063,15.77
M85065,18.57
M85066,14.73
M85069,8.61
M85070,11.58
M85071,18.39
M85074,17.38
M85076,17.32
M85077,23.5
M85078,9.15
M85079,14.0
M85081,15.24
M85082,9.0
M85084,10.2
M85086,13.84
M85087,13.46
M85088,10.04
M85092,4.99
M85094,9.69
M85097,16.65
M85098,9.32
M85105,14.76
M85107,8.8
M85108,8.28
M85110,7.95
M85113,16.07
M85115,17.98
M85116,8.91
M85117,17.33
M85118,19.75
M85123,7.37
M85124,9.76
M85128,10.58
M85134,16.71
M85136,10.94
M85139,5.91
M85141,22.15
M85142,23.34
M85143,16.65
M85145,14.9
M85146,6.33
M85149,8.11
M85153,9.61
M85154,7.74
M85155,14.99
M85156,11.2
M85158,19.92
M85164,8.26
M85167,3.09
M85170,9.77
M85171,14.3
M85172,15.34
M85174,8.62
M85175,26.17
M85176,10.19
M85177,13.95
M85178,9.54
M85179,19.35
M85600,12.67
M85624,13.9
M85634,9.38
M85642,11.12
M85669,6.89
M85670,4.74
M85671,14.26
M85676,8.02
M85679,7.14
M85680,4.56
M85684,8.16
M85686,8.55
M85693,16.67
M85694,15.52
M85697,9.2
M85699,6.77
M85701,5.64
M85706,10.49
M85711,8.62
M85713,8.11
M85715,7.25
M85716,7.0
M85717,12.04
M85721,3.28
M85722,6.13
M85730,9.59
M85732,9.41
M85733,11.91
M85735,5.39
M85736,9.39
M85739,5.33
M85746,9.97
M85749,7.94
M85753,11.64
M85756,10.35
M85757,5.88
M85759,7.42
M85766,7.26
M85770,17.21
M85774,6.37
M85778,1.24
M85779,13.87
M85781,5.92
M85782,4.55
M85783,5.04
M85792,25.24
M85794,7.43
M85797,4.71
M85801,17.78
M85803,3.26
M86001,12.92
M86002,15.64
M86003,14.6
M86004,9.15
M86005,15.97
M86006,16.98
M86007,27.05
M86008,15.71
M86009,5.62
M86010,16.8
M86012,10.77
M86014,15.16
M86015,16.34
M86016,13.42
M86017,14.91
M86018,16.37
M86019,21.1
M86020,8.46
M86021,18.17
M86027,12.8
M86028,12.73
M86029,9.63
M86030,19.41
M86032,12.02
M86033,13.07
M86034,20.84
M86035,14.49
M86037,16.95
M86038,26.48
M86039,25.67
M86040,17.12
M86041,12.24
M86044,12.17
M86045,13.19
M86046,16.42
M86048,8.71
M86605,22.55
M86610,9.08
M86612,8.03
M86617,17.2
M86622,20.29
M86624,9.36
M86627,5.07
M86633,7.07
M86638,15.77
M87001,27.85
M87003,29.14
M87005,21.63
M87006,17.22
M87007,23.14
M87008,23.52
M87009,18.09
M87010,17.12
M87011,24.4
M87012,13.28
M87013,14.18
M87014,22.83
M87015,26.4
M87016,22.2
M87017,15.12
M87018,30.08
M87019,19.78
M87020,21.05
M87021,19.73
M87023,23.9
M87024,21.66
M87025,18.97
M87026,17.21
M87027,17.97
M87028,16.4
M87030,25.14
M87034,15.54
M87036,10.3
M87037,24.95
M87041,19.83
M87601,12.63
M87602,20.97
M87605,12.53
M87612,17.91
M87617,8.36
M87618,16.45
M87620,11.32
M87621,15.12
M87623,11.84
M87628,7.25
M87638,23.87
M88001,12.14
M88002,12.62
M88003,21.22
M88004,15.75
M88006,9.76
M88007,19.76
M88008,18.26
M88009,13.75
M88010,15.54
M88013,16.53
M88014,13.78
M88015,16.36
M88016,20.76
M88018,14.17
M88019,14.59
M88020,17.86
M88021,22.61
M88022,20.77
M88023,15.73
M88026,9.92
M88030,22.12
M88031,16.66
M88035,13.98
M88038,15.56
M88040,10.87
M88041,6.67
M88042,10.21
M88043,12.38
M88044,10.94
M88600,12.99
M88610,8.65
M88612,14.25
M88616,12.97
M88618,12.93
M88619,14.9
M88620,11.16
M88625,11.14
M88626,13.22
M88627,17.77
M88628,13.06
M88630,12.77
M88633,12.92
M88635,17.37
M88639,8.97
M88640,13.95
M88643,12.46
M88645,13.61
M88646,13.84
M88647,7.28
M89001,23.78
M89002,13.55
M89003,22.94
M89005,23.08
M89007,15.7
M89008,15.3
M89009,17.16
M89010,25.45
M89012,14.78
M89013,10.68
M89015,19.9
M89016,24.85
M89017,20.24
M89019,15.11
M89021,22.17
M89024,18.76
M89026,19.12
M89027,13.8
M89030,21.49
M89602,19.77
M89608,19.26
M91003,18.97
M91004,12.23
M91006,15.12
M91007,21.28
M91008,13.46
M91009,21.93
M91010,24.88
M91011,22.72
M91013,18.13
M91014,15.44
M91015,18.21
M91016,19.28
M91017,27.95
M91018,16.48
M91019,20.61
M91020,17.72
M91021,16.19
M91024,27.98
M91026,10.38
M91028,19.26
M91029,12.47
M91032,18.64
M91033,15.7
M91034,21.91
M91036,12.41
M91602,12.16
M91609,16.22
M91611,13.76
M91612,16.97
M91613,6.48
M91614,16.91
M91616,14.77
M91619,11.24
M91621,6.78
M91623,23.47
M91624,12.92
M91626,17.7
M91628,12.56
M91629,8.3
M91637,26.21
M91639,18.38
M91640,13.1
M91641,14.01
M91642,16.98
M91647,20.09
M91650,20.98
M91654,15.96
M91659,7.08
M91660,12.18
M92001,11.89
M92002,24.89
M92004,19.77
M92006,20.56
M92007,14.4
M92008,24.45
M92009,19.06
M92010,24.65
M92011,23.33
M92012,13.85
M92013,13.71
M92014,20.78
M92015,13.26
M92016,9.63
M92019,14.99
M92022,14.56
M92026,19.05
M92028,7.14
M92029,20.38
M92039,16.75
M92040,13.11
M92041,12.59
M92042,14.81
M92043,21.47
M92044,23.73
M92607,11.31
M92609,15.67
M92612,15.78
M92627,18.61
M92629,9.92
M92630,13.81
M92640,12.22
M92649,18.55
M92654,14.12
N81001,32.86
N81002,24.75
N81005,21.61
N81006,25.4
N81007,22.56
N81008,27.63
N81009,22.67
N81010,21.18
N81011,18.79
N81012,15.23
N81013,20.15
N81014,22.24
N81016,11.59
N81018,28.14
N81019,15.49
N81020,29.25
N81022,27.09
N81024,18.14
N81025,17.01
N81027,25.24
N81028,16.29
N81029,21.03
N81030,26.76
N81031,30.49
N81032,20.57
N81033,25.71
N81034,18.17
N81035,22.72
N81036,17.75
N81037,16.4
N81038,25.44
N81039,20.71
N81040,14.58
N81041,18.88
N81043,26.47
N81044,19.46
N81045,19.54
N81046,19.17
N81047,23.84
N81048,17.44
N81049,24.63
N81050,20.34
N81051,25.46
N81052,23.08
N81053,16.48
N81054,16.98
N81055,21.56
N81056,15.25
N81057,21.36
N81059,22.65
N81060,28.39
N81061,20.67
N81062,21.25
N81063,14.34
N81064,18.1
N81065,12.36
N81066,17.6
N81067,19.88
N81068,16.55
N81069,27.49
N81070,21.02
N81071,27.0
N81072,15.86
N81074,14.61
N81075,24.66
N81077,28.05
N81079,15.8
N81080,18.11
N81081,15.81
N81082,22.92
N81083,12.63
N81084,23.89
N81085,22.52
N81086,14.23
N81087,22.43
N81088,21.44
N81089,20.59
N81090,24.04
N81092,18.56
N81093,19.98
N81096,16.21
N81097,20.84
N81100,20.67
N81101,20.35
N81102,28.6
N81107,16.18
N81108,20.81
N81109,17.85
N81111,22.72
N81113,15.96
N81114,18.7
N81115,16.08
N81117,15.35
N81118,22.75
N81119,13.92
N81120,24.02
N81121,18.5
N81122,17.13
N81123,12.81
N81125,29.4
N81127,19.66
N81607,11.25
N81614,22.89
N81619,9.37
N81623,18.02
N81624,24.81
N81626,12.53
N81628,9.66
N81632,14.06
N81637,8.33
N81642,17.53
N81645,12.78
N81651,12.82
N81655,3.15
N82001,18.25
N82002,15.64
N82003,17.24
N82004,11.46
N82009,21.42
N82011,16.18
N82014,19.88
N82018,13.29
N82019,15.44
N82022,13.35
N82024,18.55
N82026,19.07
N82033,15.76
N82034,18.94
N82035,19.97
N82036,18.46
N82037,18.58
N82039,19.14
N82041,19.54
N82046,13.27
N82048,20.92
N82049,14.82
N82050,19.76
N82052,14.72
N82053,16.9
N82054,10.35
N82058,15.32
N82059,12.81
N82062,19.14
N82065,11.71
N82066,25.96
N82067,14.45
N82070,16.06
N82073,19.53
N82074,15.7
N82076,8.66
N82077,17.77
N82078,17.23
N82079,10.83
N82081,14.08
N82082,11.61
N82083,12.94
N82084,23.12
N82086,17.47
N82087,18.88
N82089,6.88
N82090,15.86
N82091,11.01
N82092,21.46
N82093,16.37
N82094,19.89
N82095,15.04
N82097,12.64
N82099,11.97
N82101,22.56
N82103,10.39
N82104,21.39
N82106,24.93
N82107,25.77
N82108,17.27
N82109,14.92
N82110,13.75
N82113,6.74
N82115,15.71
N82116,15.17
N82117,1.92
N82617,4.31
N82633,20.68
N82641,11.99
N82645,8.22
N82646,8.45
N82648,14.1
N82650,9.46
N82651,18.28
N82655,22.91
N82662,9.96
N82663,16.28
N82664,14.61
N82668,13.16
N82669,16.01
N82670,15.19
N82671,15.17
N82676,13.91
N82678,12.7
N83001,15.78
N83002,17.77
N83003,22.36
N83005,20.73
N83006,19.72
N83007,20.4
N83008,15.55
N83009,16.22
N83010,25.36
N83012,22.18
N83013,20.06
N83014,15.91
N83015,14.02
N83017,23.81
N83018,15.2
N83019,28.99
N83020,22.29
N83021,18.91
N83023,19.34
N83024,22.24
N83025,12.97
N83026,25.39
N83027,23.81
N83028,17.43
N83030,18.75
N83031,13.46
N83032,14.78
N83033,18.68
N83035,18.04
N83041,29.76
N83043,16.76
N83045,13.53
N83047,22.96
N83049,26.95
N83050,16.07
N83053,19.07
N83054,17.35
N83055,13.04
N83060,23.09
N83601,11.75
N83603,17.53
N83604,22.57
N83605,13.05
N83608,12.96
N83609,15.44
N83610,16.59
N83614,16.81
N83619,21.58
N83620,14.57
N83621,15.81
N83622,9.22
N83624,19.96
N83628,12.62
N83633,17.3
N83635,21.58
N83637,19.58
N84001,22.4
N84002,16.41
N84003,27.84
N84004,16.02
N84005,20.77
N84006,33.48
N84007,20.94
N84008,24.51
N84010,21.95
N84011,21.14
N84012,31.1
N84013,23.02
N84014,23.38
N84015,17.58
N84016,16.14
N84017,31.1
N84018,30.33
N84019,17.9
N84020,23.73
N84021,19.96
N84023,16.51
N84024,33.75
N84025,29.56
N84026,18.76
N84027,11.03
N84028,15.58
N84029,15.19
N84034,15.6
N84035,24.04
N84037,26.04
N84038,15.15
N84041,18.95
N84043,7.94
N84605,11.88
N84611,25.81
N84613,27.5
N84614,29.25
N84615,16.09
N84617,15.74
N84618,24.83
N84621,21.15
N84624,23.77
N84625,14.59
N84626,26.66
N84627,23.52
N84630,11.17
N85002,27.58
N85003,19.87
N85005,23.08
N85006,23.33
N85007,30.6
N85008,29.48
N85009,20.86
N85012,20.85
N85013,27.24
N85014,20.64
N85015,18.74
N85016,16.93
N85017,14.97
N85018,24.02
N85019,15.52
N85020,16.59
N85021,17.11
N85022,22.74
N85023,19.98
N85024,15.08
N85025,21.78
N85027,15.93
N85028,22.83
N85031,16.79
N85032,30.31
N85037,14.44
N85038,16.2
N85040,24.03
N85044,18.69
N85046,22.21
N85047,23.82
N85048,22.27
N85051,18.62
N85052,21.8
N85054,21.62
N85057,27.08
N85059,23.1
N85616,17.56
N85617,26.59
N85620,23.9
N85625,15.77
N85629,14.11
N85633,15.02
N85634,16.51
N85640,10.22
N85643,16.92
N85648,16.64
P81002,12.85
P81003,25.5
P81004,14.69
P81005,18.29
P81006,28.52
P81008,20.99
P81010,21.73
P81013,19.1
P81014,27.37
P81015,23.79
P81016,15.71
P81017,23.58
P81018,22.59
P81020,17.72
P81022,18.35
P81025,20.5
P81027,17.79
P81029,31.09
P81031,25.77
P81032,18.5
P81033,22.8
P81035,10.82
P81036,21.15
P81037,32.62
P81038,19.31
P81039,12.56
P81040,26.96
P81041,25.99
P81042,16.37
P81043,18.7
P81044,21.59
P81045,26.74
P81046,11.55
P81047,18.59
P81051,17.82
P81053,20.08
P81054,17.26
P81055,23.05
P81057,21.86
P81058,17.47
P81059,27.75
P81061,20.86
P81062,21.13
P81063,18.52
P81065,21.08
P81066,16.75
P81067,17.21
P81069,21.17
P81070,21.47
P81071,12.67
P81072,22.83
P81073,30.55
P81074,22.51
P81076,21.67
P81077,32.76
P81078,21.54
P81079,25.91
P81081,20.86
P81082,24.26
P81083,23.96
P81084,24.95
P81086,22.13
P81087,35.98
P81088,19.93
P81089,22.04
P81092,32.69
P81095,17.7
P81096,27.02
P81099,20.24
P81100,23.33
P81103,18.85
P81107,22.39
P81112,17.0
P81113,27.21
P81115,15.09
P81117,20.64
P81118,14.6
P81119,14.25
P81123,12.89
P81125,20.21
P81127,17.24
P81128,21.28
P81129,21.9
P81130,21.06
P81132,18.83
P81133,25.79
P81136,21.98
P81137,18.19
P81138,27.49
P81140,18.57
P81143,19.09
P81147,16.52
P81149,29.6
P81150,30.21
P81154,25.19
P81155,17.28
P81157,28.51
P81159,23.44
P81160,15.29
P81165,20.6
P81166,16.59
P81167,10.5
P81169,15.15
P81170,6.73
P81171,23.36
P81172,14.23
P81179,18.24
P81180,16.02
P81181,20.41
P81182,10.14
P81184,12.05
P81185,19.01
P81186,19.69
P81191,29.45
P81196,12.53
P81197,16.77
P81201,15.22
P81204,12.98
P81208,15.84
P81212,18.95
P81213,9.95
P81214,16.79
P81218,18.37
P81620,22.24
P81622,7.47
P81633,20.67
P81646,25.27
P81647,7.69
P81655,23.32
P81664,13.56
P81668,18.53
P81674,23.36
P81681,22.25
P81683,7.89
P81685,12.96
P81686,15.34
P81687,29.01
P81692,27.09
P81694,6.52
P81695,22.91
P81699,17.83
P81701,17.73
P81704,13.55
P81707,8.43
P81709,8.75
P81710,27.12
P81711,14.27
P81714,19.2
P81721,13.13
P81724,8.17
P81726,15.11
P81730,20.11
P81731,12.45
P81732,19.78
P81734,11.06
P81735,7.39
P81736,10.34
P81737,32.98
P81738,20.38
P81740,19.05
P81741,12.01
P81742,29.85
P81748,19.04
P81755,20.22
P81757,21.7
P81770,7.52
P81771,14.73
P81780,7.68
P82001,19.29
P82002,17.37
P82003,17.91
P82004,12.26
P82005,21.52
P82006,19.74
P82007,18.07
P82008,14.76
P82009,19.95
P82010,15.51
P82011,19.74
P82012,17.55
P82013,13.69
P82014,23.63
P82015,21.4
P82016,25.15
P82018,12.97
P82020,16.23
P82021,17.73
P82022,14.39
P82023,23.85
P82025,17.07
P82029,15.05
P82030,9.2
P82031,18.37
P82033,14.38
P82034,22.81
P82036,23.37
P82037,14.54
P82607,18.0
P82609,6.18
P82613,20.67
P82616,6.14
P82624,10.69
P82625,7.21
P82626,11.81
P82627,14.42
P82629,12.03
P82633,11.98
P82634,13.57
P82640,6.36
P82643,15.94
P82652,15.79
P82660,9.04
P83001,14.75
P83004,15.44
P83005,23.53
P83006,18.09
P83007,15.76
P83009,24.58
P83010,14.77
P83011,21.09
P83012,19.77
P83015,24.3
P83017,18.6
P83020,17.56
P83021,14.47
P83024,17.67
P83025,13.49
P83027,21.6
P83603,22.61
P83605,15.67
P83608,20.24
P83609,15.23
P83611,6.76
P83612,22.11
P83620,25.06
P83621,15.35
P83623,15.95
P84004,11.22
P84005,3.12
P84009,7.4
P84010,8.32
P84012,19.76
P84014,13.33
P84016,9.17
P84017,10.57
P84018,6.16
P84019,13.14
P84020,11.21
P84021,11.72
P84022,16.88
P84023,6.58
P84024,13.37
P84025,13.24
P84026,5.81
P84027,10.13
P84028,12.68
P84029,11.53
P84030,8.88
P84032,12.11
P84033,13.79
P84034,12.95
P84035,8.81
P84037,6.7
P84038,8.65
P84039,9.78
P84040,9.56
P84041,11.69
P84042,9.67
P84043,9.46
P84045,14.06
P84046,6.54
P84047,17.41
P84048,16.14
P84049,15.51
P84050,7.23
P84051,12.63
P84052,9.8
P84053,8.58
P84054,13.76
P84056,9.12
P84059,11.11
P84061,15.45
P84064,6.05
P84065,10.12
P84066,12.44
P84067,17.5
P84068,10.92
P84070,11.57
P84071,13.58
P84072,3.66
P84074,7.26
P84605,8.63
P84611,8.12
P84616,5.8
P84626,5.5
P84630,3.31
P84635,5.89
P84637,11.64
P84639,6.64
P84640,6.08
P84644,4.1
P84645,10.63
P84650,10.31
P84651,9.39
P84652,8.73
P84663,9.33
P84665,10.84
P84669,3.4
P84672,14.96
P84673,5.35
P84678,9.09
P84679,9.42
P84683,3.36
P84684,8.74
P84689,5.4
P84690,10.39
P85001,6.3
P85002,16.36
P85003,4.81
P85004,13.47
P85005,23.51
P85007,16.05
P85008,20.23
P85010,21.45
P85011,16.33
P85012,10.2
P85013,22.42
P85014,11.08
P85015,12.78
P85016,25.14
P85017,26.54
P85018,15.52
P85019,17.28
P85020,17.3
P85021,11.01
P85022,14.01
P85026,17.36
P85028,13.64
P85601,12.55
P85602,11.36
P85605,9.7
P85606,12.16
P85607,13.46
P85608,13.81
P85610,10.94
P85612,7.0
P85614,15.33
P85615,7.77
P85620,9.95
P85621,9.22
P85622,4.5
P86001,19.02
P86002,16.46
P86003,22.51
P86004,18.27
P86005,15.77
P86006,15.53
P86007,16.37
P86008,16.36
P86009,20.71
P86010,17.67
P86011,20.17
P86012,13.87
P86013,15.96
P86014,7.53
P86015,17.85
P86016,15.39
P86017,6.87
P86018,21.22
P86019,19.6
P86021,21.98
P86022,18.6
P86023,15.88
P86026,17.32
P86602,15.6
P86606,10.99
P86608,16.92
P86609,8.02
P86614,5.88
P86619,5.99
P86620,10.9
P86624,20.12
P87002,17.69
P87004,14.74
P87008,19.33
P87015,16.46
P87016,22.17
P87017,19.69
P87019,18.41
P87020,15.56
P87022,19.54
P87024,13.07
P87025,13.57
P87026,11.47
P87027,6.37
P87028,16.15
P87032,17.06
P87035,7.71
P87040,15.31
P87610,15.41
P87613,11.61
P87618,16.94
P87620,13.85
P87624,17.11
P87625,10.9
P87627,14.64
P87630,10.41
P87634,9.69
P87639,6.79
P87648,3.91
P87649,17.9
P87651,4.75
P87654,10.44
P87657,18.06
P87658,10.64
P87661,9.43
P88002,27.05
P88003,19.24
P88005,16.34
P88006,24.75
P88007,21.53
P88008,18.8
P88009,21.31
P88011,17.72
P88012,24.28
P88013,18.28
P88014,17.75
P88015,27.35
P88016,17.7
P88017,27.71
P88018,14.96
P88019,18.81
P88020,20.31
P88021,26.52
P88023,20.75
P88024,19.2
P88025,22.39
P88026,14.82
P88031,15.4
P88034,15.14
P88041,20.2
P88042,21.46
P88043,11.62
P88044,19.65
P88606,20.14
P88607,21.73
P88610,16.32
P88615,17.42
P88623,26.74
P88625,21.14
P88632,11.69
P89002,16.53
P89003,20.68
P89004,23.23
P89005,15.13
P89006,20.34
P89007,20.23
P89008,17.9
P89010,20.74
P89011,12.0
P89012,18.97
P89013,12.56
P89014,15.52
P89015,20.13
P89016,19.87
P89018,17.36
P89020,15.53
P89021,18.04
P89022,15.73
P89023,19.99
P89025,17.04
P89026,18.06
P89029,19.05
P89030,17.79
P89602,19.46
P89609,11.37
P89612,15.45
P89613,14.0
P89618,14.26
P91003,18.57
P91004,13.82
P91006,19.51
P91007,19.69
P91008,24.27
P91009,22.57
P91011,21.69
P91012,22.26
P91013,17.13
P91014,16.81
P91016,15.32
P91017,18.12
P91018,14.15
P91019,13.4
P91020,10.77
P91021,19.25
P91026,15.12
P91029,17.1
P91032,33.33
P91035,17.21
P91603,16.15
P91604,19.37
P91617,11.9
P91619,8.69
P91623,21.82
P91625,17.76
P91627,14.28
P91629,10.44
P91631,17.33
P91633,17.14
P92001,22.8
P92002,23.09
P92003,17.86
P92004,21.9
P92005,21.76
P92006,20.86
P92007,16.78
P92008,22.25
P92010,20.59
P92011,18.96
P92012,22.19
P92014,21.6
P92015,24.59
P92016,19.15
P92017,24.45
P92019,15.95
P92020,20.98
P92021,23.2
P92023,21.92
P92024,16.0
P92026,17.91
P92028,19.61
P92029,15.17
P92030,17.08
P92031,18.66
P92033,17.94
P92034,22.83
P92035,15.03
P92038,17.5
P92041,20.05
P92042,21.14
P92602,20.23
P92605,17.45
P92607,21.66
P92615,18.82
P92616,14.89
P92620,10.05
P92621,18.84
P92626,20.06
P92630,19.1
P92633,18.6
P92634,18.34
P92635,21.45
P92637,11.2
P92639,19.07
P92642,17.54
P92646,20.47
P92647,25.18
P92648,19.04
P92651,17.34
P92653,14.42
Y00020,6.96
Y00026,12.86
Y00033,5.34
Y00049,3.18
Y00050,13.04
Y00054,3.9
Y00056,4.87
Y00057,7.65
Y00058,4.14
Y00060,2.97
Y00078,14.14
Y00080,24.63
Y00081,2.44
Y00090,10.5
Y00110,10.13
Y00137,7.57
Y00140,22.84
Y00155,6.44
Y00159,14.06
Y00182,3.35
Y00184,3.28
Y00185,12.4
Y00186,4.37
Y00200,7.15
Y00206,4.9
Y00212,4.68
Y00228,4.53
Y00230,0.0
Y00252,20.44
Y00260,11.19
Y00265,2.72
Y00278,13.65
Y00286,19.87
Y00293,23.03
Y00297,18.01
Y00312,9.71
Y00316,13.21
Y00328,10.6
Y00344,1.35
Y00347,19.12
Y00351,14.86
Y00352,4.68
Y00372,0.0
Y00399,22.72
Y00400,0.0
Y00403,3.07
Y00411,14.31
Y00412,8.83
Y00437,8.35
Y00445,7.88
Y00446,22.1
Y00449,6.69
Y00469,18.99
Y00471,8.18
Y00475,21.5
Y00486,8.83
Y00492,2.7
Y00507,13.43
Y00522,10.43
Y00542,14.17
Y00560,11.34
Y00561,7.48
Y00568,11.7
Y00572,0.0
Y00589,19.89
Y00612,7.53
Y00726,13.77
Y00758,12.73
Y00774,24.15
Y00848,10.26
Y00902,6.57
Y00912,14.85
Y00918,10.9
Y00969,26.93
Y00996,0.82
Y00999,7.34
Y01008,22.13
Y01011,7.14
Y01050,24.28
Y01051,27.39
Y01057,2.32
Y01066,4.85
Y01068,4.44
Y01090,8.21
Y01108,13.36
Y01118,14.68
Y01124,9.37
Y01127,26.33
Y01132,10.06
Y01139,15.8
Y01163,26.02
Y01165,7.24
Y01206,19.67
Y01221,14.14
Y01262,0.0
Y01280,5.99
Y01281,31.77
Y01291,14.58
Y01652,27.78
Y01655,5.78
Y01690,8.12
Y01695,5.98
Y01719,5.93
Y01756,21.76
Y01794,18.67
Y01795,9.68
Y01812,16.16
Y01839,9.04
Y01845,25.0
Y01922,29.05
Y01924,30.0
Y01929,12.94
Y01948,4.19
Y01964,5.37
Y02002,1.16
Y02045,0.0
Y02117,7.43
Y02157,0.0
Y02177,8.81
Y02212,19.17
Y02222,14.49
Y02260,9.23
Y02274,6.31
Y02319,2.36
Y02321,12.55
Y02322,14.26
Y02325,6.5
Y02332,7.29
Y02342,3.94
Y02344,14.3
Y02354,21.38
Y02378,18.64
Y02414,9.76
Y02423,7.02
Y02442,4.48
Y02463,2.45
Y02466,6.36
Y02469,6.98
Y02476,2.99
Y02494,2.48
Y02495,2.61
Y02506,11.92
Y02509,1.35
Y02510,14.87
Y02517,17.77
Y02519,5.42
Y02520,5.66
Y02521,10.48
Y02526,2.75
Y02567,6.23
Y02571,10.2
Y02572,13.47
Y02575,3.49
Y02578,1.93
Y02586,4.1
Y02589,3.63
Y02594,20.46
Y02605,10.74
Y02606,7.21
Y02611,7.5
Y02622,1.06
Y02625,90.39
Y02626,12.98
Y02627,10.36
Y02633,24.72
Y02636,5.74
Y02639,5.24
Y02645,7.14
Y02646,4.59
Y02653,15.01
Y02656,23.98
Y02657,12.32
Y02658,7.27
Y02663,10.45
Y02669,9.29
Y02671,4.08
Y02672,4.63
Y02674,5.69
Y02676,2.04
Y02684,7.22
Y02686,3.1
Y02692,2.75
Y02701,6.37
Y02707,10.73
Y02713,9.43
Y02718,12.59
Y02720,5.76
Y02721,5.69
Y02736,5.15
Y02747,6.69
Y02751,7.1
Y02753,8.69
Y02755,5.66
Y02757,7.18
Y02767,8.21
Y02769,7.94
Y02787,3.92
Y02790,5.78
Y02794,3.23
Y02795,7.42
Y02807,3.79
Y02811,7.53
Y02816,8.81
Y02827,4.93
Y02842,5.88
Y02847,2.7
Y02849,0.89
Y02867,10.14
Y02873,0.0
Y02875,5.44
Y02885,6.2
Y02886,12.34
Y02890,3.61
Y02893,11.41
Y02900,3.81
Y02906,5.52
Y02928,2.99
Y02933,9.6
Y02936,8.2
Y02946,1.33
Y02960,2.72
Y02962,2.34
Y02973,5.29
Y02974,2.48
Y02986,2.54
Y02987,4.71
Y03023,3.37
Y03035,11.59
Y03049,5.16
Y03052,13.0
Y03063,5.15
Y03079,16.31
Y03103,5.49
Y03124,14.75
Y03135,9.08
Y03222,25.47
Y03296,12.23
Y03303,23.53
Y03366,6.98
Y03402,7.28
Y03441,4.64
Y03528,0.0
Y03584,0.0
Y03587,4.82
Y03595,20.2
Y03597,4.8
Y03602,25.45
Y03656,18.22
Y03663,8.02
Y03664,8.65
Y03671,7.09
Y03755,5.25
Y04225,84.37
Y04266,19.79
Y04273,1.54
Y04543,0.0
Y04662,3.82
Y04664,29.33
Y04809,10.17
Y04882,18.34
Y04883,8.14
Y04884,22.31
Y04925,7.9
Y04942,0.05
Y04947,5.79
Y04951,2.36
Y04952,16.03
Y04957,22.95
Y04965,2.7
Y04968,4.54
Y04969,7.05
Y04977,19.28
Y04995,19.11
Y05023,19.57
Y05080,9.83
Y05167,3.94
Y05180,0.0
Y05212,7.27
Y05248,15.7
Y05286,9.22
Y05291,25.35
Y05317,12.49
Y05318,12.25
Y05330,2.68
Y05346,8.84
Y05349,2.2
Y05363,12.72
Y05364,9.05
Y05369,17.81
Y05412,0.0
Y05622,6.13
Y05690,12.2
Y05733,15.39
Y05750,11.28
Y05788,3.77
Y05826,2.87
Y05857,25.37
Y06007,13.83
Y06095,0.0
Y06113,95.93
Y06218,9.01
Y06275,12.68
Y06345,94.89
Y06356,11.73
Y06378,3.86
Y06389,9.52
Y06443,19.38
Y06487,0.58
Y06499,6.51
Y06507,17.62
Y06545,0.58
Y06592,0.62
Y06659,16.88
Y06792,7.37
Y06810,3.97
