PRACTICE_CODE,F_PERCENT
A81001,50.45
A81002,50.64
A81004,48.61
A81005,51.57
A81006,50.31
A81007,50.46
A81009,49.92
A81011,51.21
A81012,48.72
A81013,50.62
A81014,50.04
A81016,47.63
A81017,50.21
A81018,48.4
A81019,51.38
A81020,50.83
A81021,51.18
A81022,50.5
A81023,47.91
A81025,49.02
A81026,48.86
A81027,50.97
A81029,43.41
A81030,50.57
A81031,51.38
A81032,51.24
A81034,49.9
A81035,47.85
A81036,51.02
A81037,46.97
A81038,49.36
A81039,51.28
A81040,49.9
A81041,49.71
A81042,49.59
A81043,51.15
A81044,49.85
A81045,50.71
A81046,49.75
A81048,51.47
A81049,50.73
A81051,49.9
A81052,51.28
A81053,48.84
A81054,50.51
A81056,50.1
A81057,52.49
A81058,53.19
A81060,51.86
A81063,47.37
A81064,46.01
A81065,49.37
A81066,51.75
A81067,48.81
A81070,50.59
A81602,48.71
A81608,50.78
A81610,51.33
A81611,51.79
A81612,50.31
A81618,51.45
A81621,50.35
A81622,50.2
A81629,47.85
A81630,21.83
A81631,51.07
A81633,26.47
A81634,40.05
A82003,50.46
A82004,50.07
A82005,47.02
A82006,50.0
A82007,49.89
A82008,50.0
A82009,50.86
A82010,51.04
A82012,50.86
A82013,49.74
A82014,49.9
A82015,47.52
A82016,50.22
A82018,50.72
A82019,51.9
A82020,51.71
A82021,50.81
A82022,49.18
A82023,49.86
A82024,49.67
A82025,51.11
A82026,51.39
A82027,49.16
A82028,49.79
A82029,50.01
A82030,51.36
A82031,50.52
A82032,50.45
A82033,50.1
A82035,50.04
A82036,50.83
A82037,50.07
A82038,50.07
A82039,51.32
A82041,49.46
A82044,49.49
A82045,51.13
A82046,47.62
A82047,49.72
A82048,50.72
A82050,50.61
A82053,51.29
A82055,50.1
A82058,49.92
A82062,47.35
A82064,49.03
A82068,49.56
A82070,50.41
A82071,47.61
A82072,48.5
A82075,51.05
A82077,52.01
A82608,49.28
A82613,47.23
A82617,49.2
A82620,47.62
A82629,43.79
A82631,50.93
A82646,48.98
A82647,51.8
A82650,48.76
A82651,47.72
A82654,48.69
A83001,50.76
A83003,50.25
A83005,51.91
A83006,49.97
A83007,51.24
A83008,49.5
A83009,50.75
A83010,50.53
A83011,49.28
A83012,50.68
A83013,50.26
A83014,49.15
A83015,51.04
A83016,50.05
A83018,50.4
A83020,51.03
A83021,50.55
A83022,50.48
A83023,49.77
A83024,50.22
A83025,50.0
A83026,49.58
A83027,51.31
A83028,50.66
A83029,51.77
A83030,49.93
A83031,50.34
A83032,51.43
A83033,50.66
A83034,50.54
A83035,50.48
A83036,51.51
A83037,50.86
A83038,52.31
A83040,50.03
A83041,50.4
A83043,49.29
A83044,51.01
A83045,50.12
A83046,51.25
A83047,50.51
A83048,51.01
A83049,51.2
A83050,51.0
A83051,50.68
A83052,49.7
A83054,50.63
A83055,52.34
A83057,49.82
A83060,49.43
A83061,49.94
A83066,48.5
A83070,49.5
A83071,51.1
A83072,51.69
A83073,51.09
A83074,50.49
A83075,48.5
A83610,48.78
A83616,49.38
A83617,50.88
A83618,51.22
A83619,48.33
A83622,49.24
A83626,49.47
A83627,50.81
A83634,48.98
A83635,51.57
A83636,51.14
A83637,47.28
A83641,45.96
A83644,48.97
A84002,50.86
A84005,51.5
A84006,51.27
A84007,50.51
A84008,51.55
A84009,50.4
A84011,51.0
A84013,50.65
A84014,51.08
A84016,51.54
A84018,51.62
A84020,50.21
A84022,50.96
A84024,51.65
A84025,49.18
A84026,50.6
A84027,50.03
A84028,50.03
A84029,49.87
A84030,51.55
A84031,51.11
A84032,51.61
A84033,50.49
A84034,50.42
A84035,50.66
A84036,51.09
A84037,50.35
A84038,52.18
A84039,51.12
A84040,49.55
A84042,48.93
A84044,51.56
A84045,50.04
A84047,50.91
A84604,49.87
A84609,49.94
A84614,48.1
A84619,50.47
A85001,51.71
A85002,46.44
A85003,51.49
A85004,51.35
A85005,47.16
A85006,51.26
A85007,52.19
A85008,51.14
A85009,47.84
A85010,51.16
A85011,50.92
A85012,45.37
A85013,44.39
A85014,50.87
A85016,51.46
A85017,50.93
A85018,50.47
A85019,48.02
A85020,50.88
A85021,39.27
A85023,47.33
A85024,47.82
A85026,49.15
A85611,51.0
A85614,49.0
A85616,48.65
A85617,51.64
A85620,53.03
A86003,45.63
A86004,45.22
A86005,50.11
A86006,50.1
A86007,47.43
A86008,50.25
A86010,47.9
A86011,49.33
A86012,46.45
A86013,51.86
A86016,51.3
A86017,45.15
A86018,51.35
A86020,48.51
A86021,48.86
A86022,52.32
A86023,48.74
A86024,48.07
A86025,52.03
A86026,51.09
A86027,45.02
A86028,48.51
A86029,44.77
A86030,49.2
A86031,49.87
A86033,51.38
A86035,47.88
A86036,50.43
A86037,44.09
A86038,50.91
A86040,50.63
A86041,50.05
A86601,50.35
A87002,48.43
A87003,50.21
A87004,51.23
A87005,51.29
A87006,49.64
A87007,50.45
A87008,52.27
A87009,50.72
A87011,50.37
A87012,52.03
A87013,51.73
A87016,49.92
A87017,51.86
A87019,50.33
A87020,51.15
A87022,50.47
A87023,51.09
A87029,50.59
A87030,51.73
A87600,51.05
A87612,51.88
A87615,50.84
A88001,46.77
A88002,49.14
A88003,52.62
A88004,50.27
A88005,46.16
A88006,50.58
A88007,43.89
A88008,46.23
A88009,49.4
A88010,50.73
A88012,51.08
A88013,50.63
A88014,39.39
A88015,46.56
A88016,52.8
A88022,51.9
A88023,51.63
A88025,50.96
A88601,48.62
A88608,48.09
A88613,50.37
A89001,50.5
A89002,45.09
A89004,50.61
A89005,49.44
A89006,48.65
A89007,50.25
A89008,48.74
A89009,51.09
A89010,50.96
A89011,50.8
A89012,49.88
A89013,48.34
A89015,52.2
A89016,49.64
A89017,49.15
A89018,48.0
A89019,51.16
A89020,45.9
A89021,50.39
A89022,51.35
A89023,51.63
A89024,51.15
A89025,50.42
A89026,49.83
A89027,53.25
A89028,50.48
A89030,50.72
A89031,47.75
A89032,52.01
A89034,39.02
A89035,52.43
A89036,47.99
A89040,46.44
A89041,50.99
A89614,50.26
A89616,50.76
A89617,48.24
A89623,44.42
B81002,50.83
B81003,51.41
B81004,50.73
B81005,50.33
B81006,50.64
B81007,50.76
B81008,49.8
B81009,50.62
B81010,51.56
B81011,50.68
B81012,47.25
B81013,48.78
B81014,51.19
B81015,49.86
B81016,51.3
B81017,41.26
B81018,49.66
B81020,52.07
B81022,50.89
B81023,50.16
B81024,51.35
B81025,49.94
B81026,48.67
B81027,47.87
B81029,50.11
B81030,52.55
B81031,49.72
B81032,44.41
B81034,49.64
B81035,50.47
B81036,50.73
B81037,51.13
B81038,51.65
B81039,49.32
B81040,49.16
B81041,49.93
B81042,52.02
B81043,50.62
B81045,50.19
B81046,49.41
B81047,44.17
B81048,50.45
B81051,50.86
B81052,47.3
B81054,46.78
B81055,48.84
B81058,47.49
B81060,48.65
B81061,50.84
B81063,50.62
B81064,51.08
B81065,50.26
B81068,49.64
B81069,51.02
B81070,50.69
B81074,49.07
B81075,50.0
B81077,51.04
B81082,52.33
B81085,51.29
B81087,50.31
B81088,49.18
B81090,48.76
B81091,50.35
B81092,51.0
B81095,50.4
B81097,48.38
B81099,50.23
B81100,52.91
B81101,51.75
B81104,49.07
B81108,50.9
B81109,50.5
B81112,50.35
B81113,49.53
B81118,49.53
B81119,50.97
B81603,50.0
B81606,48.2
B81616,48.89
B81617,47.65
B81619,51.39
B81620,46.77
B81628,50.58
B81631,48.56
B81635,49.17
B81642,50.75
B81645,48.43
B81647,50.08
B81648,48.77
B81653,49.58
B81655,50.51
B81656,50.13
B81658,49.64
B81663,47.18
B81664,49.36
B81665,48.64
B81666,50.1
B81675,48.65
B81697,49.29
B82002,51.58
B82004,50.41
B82005,50.02
B82007,50.57
B82008,49.79
B82010,51.21
B82011,49.11
B82012,51.66
B82013,49.6
B82014,48.59
B82016,50.44
B82017,50.33
B82018,51.8
B82019,50.88
B82020,51.24
B82021,51.41
B82022,50.62
B82023,51.08
B82024,51.88
B82025,49.86
B82026,51.84
B82027,51.18
B82028,50.8
B82029,50.35
B82030,50.07
B82031,50.89
B82032,51.17
B82033,51.49
B82034,52.21
B82035,50.28
B82036,51.95
B82037,51.42
B82038,49.4
B82041,50.24
B82042,51.04
B82044,51.28
B82045,49.07
B82046,49.7
B82047,53.02
B82049,51.71
B82050,51.27
B82053,50.49
B82054,50.94
B82057,49.72
B82059,49.7
B82060,51.48
B82061,50.07
B82062,49.62
B82063,52.14
B82064,50.43
B82066,49.81
B82067,51.42
B82068,49.76
B82069,50.04
B82071,50.45
B82072,50.72
B82073,50.63
B82074,50.59
B82075,51.02
B82077,50.68
B82078,50.91
B82079,51.65
B82080,51.66
B82081,50.88
B82083,50.65
B82086,49.55
B82088,49.09
B82091,52.58
B82097,49.35
B82098,50.65
B82100,51.89
B82101,51.53
B82104,55.74
B82105,50.85
B82106,52.27
B82609,50.93
B82619,49.82
B82622,49.91
B82628,51.3
B83002,52.04
B83005,48.82
B83006,51.09
B83008,49.71
B83009,50.87
B83010,49.12
B83012,49.15
B83014,50.36
B83015,50.19
B83016,51.69
B83017,51.42
B83018,50.76
B83019,50.6
B83020,50.48
B83021,50.73
B83022,49.91
B83023,50.46
B83025,47.24
B83026,48.23
B83027,51.08
B83028,50.66
B83029,50.82
B83030,50.45
B83031,50.29
B83032,45.41
B83033,49.52
B83034,47.79
B83035,48.49
B83037,52.44
B83038,51.01
B83039,51.08
B83041,49.62
B83042,50.01
B83045,51.49
B83049,54.17
B83051,33.68
B83052,49.76
B83054,52.08
B83055,50.65
B83056,51.65
B83058,47.86
B83061,50.24
B83062,50.08
B83063,49.5
B83064,50.67
B83067,50.69
B83602,46.54
B83604,47.38
B83611,46.69
B83614,49.52
B83617,46.39
B83620,52.35
B83621,47.23
B83622,48.35
B83624,51.22
B83626,49.39
B83627,45.7
B83628,45.94
B83629,48.27
B83641,48.65
B83642,47.04
B83653,48.09
B83657,32.72
B83659,46.88
B83660,45.87
B83661,48.3
B84001,49.13
B84003,50.36
B84004,50.68
B84005,50.3
B84006,51.39
B84007,50.49
B84008,51.07
B84009,50.99
B84010,50.49
B84011,50.68
B84012,48.25
B84013,50.67
B84014,49.98
B84016,50.17
B84019,49.36
B84021,51.23
B84612,46.95
B84613,51.02
B84618,48.44
B84623,51.71
B85001,49.83
B85002,51.18
B85004,48.85
B85005,50.47
B85006,50.2
B85008,49.43
B85009,49.59
B85010,51.13
B85012,51.08
B85014,51.44
B85015,50.9
B85016,49.37
B85018,49.41
B85019,50.98
B85020,49.57
B85021,50.4
B85022,50.18
B85023,51.92
B85024,51.41
B85025,51.7
B85026,50.76
B85027,52.91
B85028,50.54
B85030,50.31
B85031,50.8
B85032,51.54
B85033,50.59
B85036,50.65
B85037,48.17
B85038,51.35
B85041,48.72
B85042,48.36
B85044,46.78
B85048,49.75
B85051,51.35
B85054,49.64
B85055,49.34
B85058,45.55
B85059,51.57
B85060,48.69
B85061,51.04
B85062,41.5
B85606,45.56
B85610,51.1
B85611,47.12
B85612,48.64
B85614,45.29
B85619,47.83
B85620,48.95
B85622,50.45
B85623,48.29
B85634,46.62
B85636,52.99
B85640,49.08
B85641,51.41
B85645,49.36
B85646,47.56
B85650,47.0
B85652,49.95
B85655,48.64
B85659,28.26
B85660,50.58
B86001,44.36
B86002,45.14
B86003,48.54
B86004,50.88
B86005,47.64
B86006,52.16
B86007,50.43
B86008,51.99
B86009,51.52
B86010,51.16
B86011,51.22
B86012,47.32
B86013,49.13
B86014,51.36
B86015,50.66
B86016,51.22
B86017,43.8
B86018,51.41
B86019,49.1
B86020,51.05
B86022,50.42
B86023,49.77
B86024,48.56
B86025,42.47
B86028,48.78
B86029,50.49
B86030,50.45
B86032,50.34
B86033,51.58
B86034,51.18
B86035,48.47
B86036,51.6
B86038,51.3
B86039,49.5
B86041,48.77
B86042,51.0
B86043,50.06
B86044,51.61
B86048,51.31
B86049,49.13
B86050,51.37
B86051,50.96
B86052,51.03
B86054,50.1
B86055,50.99
B86056,49.77
B86057,51.22
B86058,49.21
B86059,50.19
B86060,48.99
B86061,43.53
B86062,48.63
B86064,50.62
B86066,51.12
B86067,50.45
B86068,49.15
B86069,41.28
B86070,49.08
B86071,50.88
B86074,49.72
B86075,50.8
B86081,46.96
B86086,45.53
B86089,49.65
B86092,51.46
B86093,51.25
B86094,48.9
B86096,48.22
B86100,49.45
B86101,49.41
B86103,47.71
B86104,49.52
B86106,50.29
B86108,48.71
B86109,44.94
B86110,58.54
B86623,41.67
B86625,50.41
B86642,48.66
B86643,43.79
B86648,49.42
B86654,52.07
B86655,43.64
B86658,50.16
B86666,44.79
B86667,49.23
B86669,19.84
B86672,49.34
B86673,48.36
B86675,44.61
B86678,51.19
B87001,50.48
B87002,51.16
B87003,51.28
B87004,46.86
B87005,50.39
B87006,49.57
B87007,50.34
B87008,50.77
B87009,49.47
B87011,50.92
B87012,47.39
B87013,51.35
B87015,50.38
B87016,50.18
B87017,47.69
B87018,49.85
B87019,50.02
B87020,51.17
B87021,49.04
B87022,49.09
B87025,50.52
B87026,49.37
B87027,50.48
B87028,50.52
B87030,50.34
B87031,51.07
B87032,50.63
B87033,47.91
B87036,49.19
B87039,50.38
B87041,46.91
B87042,49.71
B87044,49.37
B87600,48.91
B87602,50.45
B87604,48.45
C81001,50.09
C81002,51.33
C81003,49.38
C81004,51.67
C81005,49.93
C81006,47.36
C81007,49.99
C81008,49.99
C81009,45.19
C81010,49.44
C81012,50.26
C81013,52.15
C81014,49.61
C81015,50.73
C81016,51.12
C81017,51.04
C81018,50.96
C81020,49.45
C81021,50.36
C81022,51.49
C81023,50.62
C81025,52.05
C81026,49.76
C81027,50.4
C81028,50.3
C81029,50.57
C81030,50.54
C81031,50.5
C81032,50.23
C81033,50.53
C81034,49.81
C81035,49.51
C81036,47.32
C81037,50.34
C81038,50.36
C81039,50.68
C81040,51.36
C81041,50.5
C81042,51.9
C81044,49.71
C81045,49.61
C81046,50.21
C81047,50.63
C81048,51.32
C81049,50.27
C81050,49.76
C81051,50.0
C81052,49.27
C81053,50.51
C81054,50.41
C81055,49.96
C81056,50.1
C81057,51.49
C81058,50.06
C81059,49.58
C81060,49.69
C81061,49.0
C81062,51.09
C81063,50.05
C81064,50.79
C81065,49.65
C81066,50.49
C81067,51.63
C81068,50.7
C81069,50.6
C81070,50.7
C81071,47.72
C81072,48.48
C81073,47.71
C81074,49.82
C81075,50.47
C81077,49.91
C81080,50.4
C81081,50.9
C81082,48.13
C81083,51.21
C81084,50.94
C81086,50.41
C81087,48.75
C81089,49.16
C81090,49.03
C81091,49.62
C81092,51.05
C81094,50.26
C81095,49.55
C81096,49.95
C81097,49.02
C81099,49.32
C81101,50.57
C81106,50.9
C81108,50.65
C81110,50.25
C81113,50.42
C81114,50.18
C81115,50.86
C81118,47.92
C81604,50.23
C81611,51.11
C81615,49.47
C81616,48.64
C81634,49.54
C81638,49.42
C81640,49.57
C81642,50.47
C81647,51.25
C81649,51.03
C81652,45.03
C81653,46.84
C81655,48.98
C81658,51.81
C81660,50.81
C81661,49.98
C81662,51.19
C82001,51.08
C82002,51.34
C82003,51.15
C82005,50.36
C82007,49.01
C82008,51.29
C82009,50.33
C82010,50.94
C82011,48.91
C82012,50.14
C82013,51.04
C82014,51.1
C82016,51.03
C82017,50.02
C82018,49.89
C82019,49.94
C82020,44.46
C82021,51.76
C82022,50.19
C82024,48.48
C82025,49.77
C82026,48.46
C82027,51.06
C82028,51.22
C82029,51.09
C82030,52.04
C82031,50.19
C82032,52.01
C82033,51.33
C82034,50.45
C82035,47.7
C82037,47.88
C82038,50.53
C82039,50.22
C82040,51.58
C82041,48.66
C82042,50.01
C82043,49.28
C82044,52.39
C82045,51.41
C82046,50.79
C82047,49.45
C82048,50.32
C82050,49.52
C82051,50.66
C82052,48.06
C82053,50.4
C82054,51.0
C82055,50.45
C82056,50.32
C82059,42.78
C82060,47.63
C82061,49.55
C82062,51.34
C82063,47.92
C82064,50.94
C82066,50.68
C82067,51.57
C82068,51.21
C82070,48.94
C82071,50.53
C82072,50.21
C82073,48.76
C82075,50.58
C82076,49.36
C82077,49.94
C82078,50.93
C82079,50.91
C82080,46.36
C82082,48.43
C82084,47.86
C82086,48.29
C82088,48.31
C82091,50.57
C82092,46.96
C82093,50.27
C82094,49.42
C82095,51.39
C82096,50.58
C82097,46.72
C82098,51.23
C82099,47.19
C82100,51.56
C82102,49.96
C82103,49.94
C82105,48.14
C82107,51.03
C82109,48.69
C82111,35.2
C82112,50.94
C82114,42.71
C82116,44.76
C82119,44.23
C82120,51.84
C82121,50.17
C82122,47.83
C82124,48.58
C82600,49.53
C82610,50.32
C82611,49.64
C82614,51.11
C82620,43.68
C82623,49.89
C82624,49.99
C82626,47.8
C82627,50.41
C82628,49.43
C82631,50.8
C82634,50.21
C82639,48.76
C82642,49.43
C82643,49.38
C82644,52.01
C82649,51.65
C82650,50.95
C82651,47.92
C82653,43.85
C82656,50.62
C82659,46.25
C82660,46.38
C82662,47.69
C82667,50.24
C82669,49.63
C82670,15.58
C82671,49.22
C82676,50.04
C82678,50.86
C82680,48.48
C83001,45.69
C83002,53.7
C83003,49.78
C83004,49.49
C83005,50.9
C83007,50.74
C83008,50.53
C83009,51.09
C83010,49.53
C83011,52.07
C83013,51.91
C83014,50.69
C83015,49.94
C83018,50.06
C83019,49.71
C83020,51.29
C83022,49.01
C83023,50.9
C83024,49.3
C83025,51.89
C83026,51.67
C83027,51.44
C83028,49.9
C83029,52.01
C83030,51.32
C83031,51.2
C83032,51.02
C83033,50.0
C83035,51.7
C83036,51.2
C83037,51.31
C83038,50.79
C83039,50.15
C83040,49.04
C83041,50.89
C83042,50.31
C83043,50.86
C83044,50.53
C83045,49.88
C83046,50.39
C83048,50.07
C83049,47.56
C83051,44.74
C83052,49.68
C83053,47.76
C83054,50.8
C83055,49.98
C83056,51.73
C83057,51.02
C83058,51.65
C83059,49.83
C83060,48.82
C83061,51.61
C83062,50.95
C83063,50.43
C83064,50.92
C83065,50.38
C83067,51.61
C83071,50.04
C83072,51.34
C83073,49.71
C83074,49.61
C83075,52.4
C83078,50.47
C83079,51.78
C83080,51.52
C83082,50.68
C83083,52.32
C83085,50.97
C83611,51.37
C83613,49.8
C83614,49.96
C83617,50.47
C83626,48.08
C83631,49.11
C83634,51.61
C83635,51.5
C83641,49.78
C83643,49.42
C83649,51.59
C83650,51.02
C83653,51.59
C84001,50.79
C84004,49.38
C84005,51.31
C84008,49.29
C84009,50.33
C84010,49.81
C84011,51.45
C84012,49.87
C84013,51.62
C84014,50.99
C84016,50.51
C84017,50.95
C84018,48.22
C84019,49.93
C84020,49.28
C84021,50.16
C84023,38.72
C84024,48.96
C84025,51.31
C84026,51.82
C84028,51.0
C84029,49.0
C84030,48.09
C84031,45.98
C84032,50.86
C84033,49.41
C84034,50.05
C84035,50.22
C84036,49.58
C84037,50.84
C84039,46.46
C84042,52.09
C84043,51.81
C84044,51.35
C84045,51.11
C84046,50.49
C84047,50.8
C84049,52.39
C84051,51.68
C84053,51.3
C84055,51.69
C84057,49.95
C84059,50.8
C84060,50.81
C84061,48.81
C84063,47.26
C84064,52.64
C84065,49.26
C84066,50.77
C84067,49.73
C84069,49.92
C84072,49.47
C84074,51.12
C84076,51.07
C84077,51.03
C84078,51.49
C84080,49.17
C84081,50.23
C84084,52.59
C84085,48.82
C84086,50.93
C84087,50.84
C84090,49.82
C84091,51.28
C84092,44.1
C84094,49.91
C84095,50.53
C84096,22.22
C84101,50.37
C84103,46.31
C84105,49.99
C84106,50.31
C84107,49.38
C84112,50.47
C84113,50.64
C84114,50.02
C84115,51.13
C84116,51.17
C84117,47.6
C84120,51.75
C84122,51.74
C84123,50.31
C84127,51.25
C84129,52.99
C84131,51.46
C84135,49.32
C84136,44.73
C84138,48.56
C84140,49.64
C84142,49.13
C84144,48.28
C84150,49.23
C84151,45.02
C84605,50.14
C84613,52.14
C84619,51.26
C84621,48.56
C84624,50.35
C84628,46.76
C84629,48.34
C84637,48.88
C84646,50.68
C84647,48.24
C84654,50.97
C84656,50.06
C84658,50.39
C84660,50.65
C84664,50.47
C84667,48.85
C84676,43.07
C84679,46.56
C84682,47.02
C84683,46.56
C84691,42.89
C84692,50.17
C84693,47.52
C84694,50.0
C84695,49.76
C84696,51.46
C84703,50.6
C84704,47.35
C84705,50.1
C84714,38.32
C84717,48.55
C84720,6.25
C85001,49.54
C85003,50.75
C85004,50.33
C85005,50.13
C85006,50.05
C85007,50.2
C85008,50.61
C85009,43.77
C85010,51.25
C85013,50.3
C85014,50.68
C85016,50.43
C85017,49.71
C85018,51.58
C85019,46.96
C85020,50.28
C85022,49.94
C85023,50.22
C85024,49.68
C85026,48.35
C85028,44.85
C85030,49.61
C85033,51.26
C85614,48.71
C85619,50.14
C85622,50.8
C85623,51.03
C85628,16.67
C86001,49.84
C86002,48.98
C86003,50.38
C86005,50.2
C86006,49.44
C86007,50.11
C86009,51.89
C86011,49.92
C86012,50.9
C86013,51.9
C86015,50.12
C86016,52.13
C86017,49.45
C86018,49.29
C86019,49.61
C86020,49.16
C86021,50.67
C86022,50.29
C86023,51.04
C86024,51.29
C86025,47.08
C86026,48.05
C86029,49.31
C86032,51.26
C86033,51.56
C86034,50.94
C86037,49.73
C86038,51.85
C86605,47.76
C86606,50.88
C86609,50.17
C86611,51.94
C86613,51.67
C86614,50.74
C86616,49.54
C86621,50.73
C86625,45.98
C86626,51.65
C87002,50.45
C87003,48.29
C87004,51.25
C87005,49.55
C87006,49.61
C87007,51.63
C87008,50.47
C87009,50.08
C87010,47.62
C87012,50.74
C87013,50.64
C87014,50.82
C87015,50.78
C87016,51.57
C87017,50.5
C87018,50.92
C87020,50.71
C87022,51.92
C87024,50.08
C87029,52.08
C87030,50.82
C87031,49.97
C87603,49.24
C87604,49.56
C87606,47.28
C87608,47.18
C87616,51.44
C87620,50.68
C87622,45.37
C88005,51.14
C88006,50.48
C88007,43.26
C88008,48.94
C88009,50.73
C88010,50.69
C88011,49.92
C88014,51.17
C88015,50.42
C88016,49.78
C88018,50.07
C88019,49.4
C88020,50.57
C88021,49.41
C88022,50.5
C88023,50.49
C88025,50.83
C88026,51.05
C88027,49.26
C88028,49.87
C88030,48.69
C88031,49.8
C88032,51.48
C88034,51.42
C88035,50.38
C88036,51.7
C88037,49.23
C88038,45.9
C88039,51.18
C88040,49.81
C88041,51.91
C88043,49.24
C88044,50.57
C88045,50.69
C88046,51.34
C88047,49.04
C88048,45.53
C88049,51.88
C88050,50.74
C88051,48.11
C88052,50.22
C88053,50.56
C88054,50.15
C88059,36.5
C88060,45.36
C88062,51.53
C88068,51.53
C88069,45.78
C88070,50.51
C88072,50.74
C88073,50.37
C88074,49.69
C88076,42.14
C88077,49.99
C88078,51.06
C88079,49.67
C88082,43.62
C88083,49.31
C88084,45.99
C88085,50.91
C88086,49.0
C88087,50.11
C88088,51.92
C88090,47.51
C88091,49.31
C88092,50.5
C88095,52.4
C88096,50.25
C88622,42.57
C88627,41.89
C88631,38.71
C88647,48.97
C88648,51.45
C88652,49.03
C88655,46.6
C88656,50.57
D81001,44.58
D81002,47.74
D81003,47.06
D81004,51.68
D81005,43.83
D81008,48.7
D81010,49.06
D81011,49.76
D81012,50.82
D81013,45.97
D81014,44.93
D81015,49.46
D81016,48.24
D81017,48.77
D81018,49.9
D81021,49.98
D81022,49.4
D81023,49.49
D81025,48.94
D81026,48.76
D81027,49.74
D81028,51.82
D81029,50.42
D81030,49.61
D81031,49.96
D81033,50.35
D81034,51.18
D81035,50.62
D81036,50.48
D81037,43.94
D81038,50.12
D81041,50.06
D81042,50.16
D81043,50.11
D81044,48.73
D81045,49.6
D81046,50.84
D81047,50.8
D81049,51.23
D81050,49.4
D81051,50.87
D81052,51.11
D81054,46.12
D81055,51.68
D81056,48.0
D81057,50.09
D81058,49.74
D81059,50.39
D81060,51.36
D81061,50.02
D81062,49.79
D81064,51.09
D81065,48.44
D81066,50.91
D81070,47.29
D81073,47.82
D81078,47.38
D81081,49.9
D81082,49.63
D81084,50.34
D81085,50.39
D81086,47.49
D81602,48.91
D81603,50.73
D81606,48.9
D81607,49.43
D81611,50.31
D81612,48.57
D81615,49.99
D81618,49.01
D81622,49.72
D81625,48.42
D81629,50.53
D81630,51.06
D81631,44.05
D81633,49.25
D81637,51.03
D81645,47.07
D82001,51.76
D82002,49.41
D82003,50.17
D82004,51.19
D82005,51.84
D82006,50.88
D82007,47.8
D82008,50.24
D82009,50.3
D82010,50.72
D82011,51.28
D82012,50.47
D82013,49.73
D82015,51.8
D82016,51.88
D82017,50.31
D82018,50.49
D82019,51.02
D82020,50.9
D82022,49.64
D82023,50.85
D82024,49.8
D82025,49.42
D82026,47.87
D82027,52.62
D82028,50.63
D82029,50.93
D82030,50.56
D82031,50.71
D82032,50.22
D82034,49.76
D82035,50.99
D82036,51.14
D82037,50.65
D82038,50.19
D82039,50.26
D82040,49.03
D82041,49.35
D82042,50.21
D82043,50.3
D82044,51.12
D82045,50.92
D82046,50.75
D82047,48.11
D82048,51.01
D82049,48.53
D82050,50.47
D82051,49.94
D82053,51.16
D82054,50.63
D82056,51.04
D82057,51.7
D82058,50.78
D82059,51.19
D82060,51.26
D82062,51.38
D82063,50.32
D82064,51.59
D82065,51.5
D82066,50.49
D82067,49.59
D82068,50.97
D82070,49.44
D82071,49.99
D82072,51.75
D82073,48.99
D82076,50.74
D82078,50.56
D82079,50.27
D82080,51.79
D82084,49.97
D82085,51.73
D82087,47.73
D82088,53.14
D82096,48.65
D82099,49.27
D82100,50.05
D82104,50.9
D82105,51.38
D82106,49.28
D82600,48.7
D82604,48.62
D82618,52.13
D82621,50.85
D82624,51.63
D82628,49.29
D83001,49.72
D83002,49.01
D83003,50.19
D83004,49.87
D83005,50.93
D83006,51.21
D83007,51.87
D83008,46.85
D83009,50.64
D83010,51.22
D83011,50.43
D83012,49.4
D83013,50.26
D83014,51.34
D83015,52.59
D83016,50.17
D83017,50.78
D83018,50.53
D83019,49.74
D83020,51.42
D83021,50.36
D83022,52.04
D83023,49.82
D83024,49.8
D83026,51.51
D83027,51.28
D83028,51.29
D83029,48.65
D83030,45.86
D83033,50.82
D83034,50.88
D83035,50.48
D83037,51.29
D83038,50.92
D83039,48.78
D83040,50.14
D83041,50.6
D83043,49.55
D83044,50.71
D83045,50.36
D83046,50.29
D83047,51.91
D83048,49.63
D83049,52.74
D83050,49.75
D83051,50.89
D83053,51.43
D83054,50.46
D83055,50.34
D83056,50.55
D83057,51.56
D83058,48.4
D83059,48.87
D83060,50.97
D83061,50.16
D83062,49.56
D83064,49.18
D83067,49.97
D83069,51.07
D83070,51.07
D83073,47.7
D83074,47.06
D83075,50.98
D83076,50.18
D83078,51.06
D83079,50.28
D83080,50.42
D83081,50.93
D83084,49.83
D83608,52.66
D83610,50.78
D83615,51.04
E81001,45.34
E81002,52.4
E81003,50.66
E81004,50.73
E81005,46.82
E81006,49.86
E81007,49.8
E81008,50.29
E81009,49.17
E81010,50.62
E81012,50.43
E81013,46.52
E81014,50.24
E81015,49.12
E81016,49.24
E81018,49.9
E81019,51.52
E81021,48.64
E81022,50.41
E81024,50.79
E81025,49.2
E81026,50.48
E81027,49.26
E81028,48.56
E81029,50.47
E81030,47.21
E81031,48.99
E81032,46.93
E81033,50.98
E81034,50.42
E81035,50.22
E81036,50.44
E81037,50.01
E81038,50.74
E81040,50.32
E81041,49.97
E81043,46.62
E81044,48.68
E81045,50.8
E81046,50.98
E81047,50.15
E81048,47.74
E81049,49.75
E81050,50.07
E81052,49.52
E81056,47.47
E81057,50.82
E81060,48.85
E81061,50.29
E81063,48.87
E81064,50.65
E81065,41.56
E81069,51.46
E81073,48.54
E81074,51.25
E81076,50.81
E81077,50.41
E81611,48.46
E81612,47.72
E81615,44.72
E81617,50.32
E81631,47.67
E81632,50.34
E81633,48.4
E81635,50.13
E82001,50.78
E82002,49.7
E82004,45.11
E82005,49.64
E82006,48.84
E82007,51.84
E82008,50.61
E82009,49.95
E82012,50.87
E82013,50.43
E82014,50.94
E82015,48.9
E82017,50.17
E82018,49.43
E82019,50.67
E82020,48.57
E82021,50.36
E82022,49.84
E82023,47.98
E82024,49.41
E82027,51.59
E82031,49.41
E82032,49.93
E82035,50.83
E82037,50.97
E82038,49.57
E82040,49.58
E82041,50.91
E82042,51.37
E82043,51.08
E82044,51.23
E82045,46.07
E82046,50.44
E82048,49.11
E82049,51.53
E82050,49.52
E82051,49.7
E82053,50.35
E82055,50.95
E82056,49.72
E82058,45.36
E82059,50.83
E82060,50.41
E82061,50.17
E82062,50.7
E82063,52.67
E82064,50.66
E82066,48.75
E82067,49.98
E82068,50.16
E82069,48.5
E82070,47.49
E82071,50.04
E82072,49.04
E82073,50.76
E82074,50.86
E82075,50.72
E82077,50.1
E82078,52.39
E82079,50.45
E82081,51.15
E82082,51.72
E82083,52.08
E82084,49.53
E82085,50.21
E82086,49.91
E82088,49.87
E82089,49.17
E82090,50.22
E82091,50.8
E82092,50.96
E82093,49.52
E82094,51.44
E82096,51.27
E82098,51.75
E82099,50.12
E82100,49.58
E82102,50.91
E82104,50.95
E82105,49.02
E82106,50.95
E82107,49.35
E82111,48.63
E82113,47.49
E82115,49.11
E82117,50.61
E82121,49.26
E82123,51.87
E82124,50.76
E82129,50.65
E82130,50.72
E82131,48.88
E82132,50.64
E82133,49.45
E82626,49.86
E82638,50.56
E82640,49.4
E82641,49.32
E82643,48.97
E82644,49.25
E82652,48.85
E82654,51.22
E82655,51.86
E82657,52.33
E82661,50.36
E83003,52.03
E83005,50.49
E83006,50.48
E83007,49.41
E83008,52.92
E83009,53.6
E83010,51.06
E83011,51.7
E83012,52.71
E83013,50.27
E83016,52.26
E83017,51.5
E83018,51.58
E83020,51.46
E83021,52.01
E83024,52.31
E83025,49.51
E83026,51.82
E83027,47.66
E83028,50.46
E83030,51.84
E83031,51.05
E83032,49.78
E83034,50.37
E83035,50.68
E83037,51.3
E83038,48.92
E83039,44.93
E83041,40.83
E83044,52.72
E83045,51.38
E83046,49.22
E83049,50.95
E83050,51.88
E83053,49.46
E83600,48.63
E83613,51.32
E83621,49.98
E83622,51.57
E83637,48.22
E83638,49.81
E83639,50.25
E83649,50.6
E83650,51.02
E83653,51.43
E83657,50.16
E83668,45.37
E84002,49.18
E84003,49.97
E84004,51.35
E84005,48.87
E84006,49.49
E84007,50.64
E84008,50.13
E84009,50.62
E84011,42.11
E84012,48.57
E84013,50.2
E84014,49.29
E84015,49.8
E84017,48.25
E84018,50.52
E84020,48.99
E84021,47.82
E84022,48.77
E84024,51.33
E84025,52.33
E84028,48.73
E84030,47.27
E84031,49.91
E84032,49.56
E84033,50.18
E84036,47.66
E84039,46.71
E84040,45.45
E84042,48.74
E84044,49.31
E84048,46.49
E84049,47.4
E84051,45.79
E84053,49.94
E84057,49.84
E84058,49.41
E84059,49.19
E84061,52.13
E84062,49.31
E84063,36.13
E84066,47.19
E84067,44.22
E84068,50.18
E84069,49.42
E84070,50.21
E84074,47.62
E84075,47.27
E84076,50.5
E84078,47.94
E84080,50.76
E84083,47.95
E84086,49.55
E84601,48.79
E84617,46.18
E84620,46.87
E84626,47.39
E84635,44.73
E84637,47.66
E84638,46.93
E84645,48.03
E84646,45.52
E84647,48.53
E84653,48.65
E84656,52.16
E84658,50.04
E84663,51.63
E84665,44.71
E84674,41.6
E84676,47.27
E84678,45.7
E84680,49.57
E84681,46.88
E84684,48.43
E84685,50.08
E84693,50.51
E84696,28.95
E84699,44.95
E84701,47.81
E84702,49.69
E84704,50.96
E84709,45.31
E84713,46.83
E85001,50.67
E85003,49.63
E85004,49.45
E85005,45.14
E85006,49.12
E85007,50.18
E85008,50.95
E85012,48.27
E85013,51.11
E85014,48.81
E85015,47.91
E85016,50.63
E85018,44.27
E85019,50.36
E85020,51.54
E85021,49.47
E85023,47.9
E85024,49.84
E85025,54.7
E85026,49.79
E85028,47.77
E85029,47.54
E85030,50.0
E85032,49.96
E85033,50.45
E85034,47.41
E85035,46.51
E85038,51.98
E85040,50.3
E85041,47.97
E85042,49.52
E85045,48.89
E85046,49.66
E85048,52.1
E85049,43.68
E85050,47.5
E85051,47.05
E85052,46.19
E85053,50.75
E85054,47.26
E85055,47.45
E85056,51.08
E85057,50.87
E85058,48.96
E85059,45.69
E85060,48.33
E85061,46.17
E85062,43.29
E85064,50.89
E85066,50.06
E85069,49.57
E85071,49.97
E85074,45.05
E85075,50.01
E85077,43.43
E85083,48.43
E85088,49.01
E85090,40.68
E85091,41.22
E85096,43.06
E85098,50.09
E85099,51.02
E85103,45.76
E85105,47.87
E85107,52.9
E85108,49.24
E85109,47.61
E85111,48.06
E85112,47.41
E85113,49.25
E85114,50.34
E85115,49.48
E85116,52.7
E85118,50.65
E85119,46.33
E85120,51.27
E85121,41.4
E85122,49.56
E85123,48.91
E85124,46.13
E85125,51.52
E85126,45.47
E85127,48.83
E85128,52.42
E85129,49.0
E85130,51.54
E85600,47.56
E85605,49.46
E85617,44.16
E85623,41.68
E85624,46.01
E85625,50.01
E85628,49.86
E85630,47.83
E85633,42.57
E85635,49.01
E85636,53.28
E85640,44.83
E85643,46.8
E85649,47.91
E85656,44.83
E85657,49.05
E85658,45.22
E85659,48.7
E85663,39.42
E85672,52.94
E85677,46.9
E85680,47.46
E85681,47.66
E85682,48.56
E85683,51.87
E85685,53.0
E85687,46.57
E85692,51.83
E85693,51.21
E85694,47.91
E85696,34.1
E85697,50.02
E85699,50.99
E85707,47.61
E85708,47.6
E85712,49.57
E85713,45.35
E85714,49.8
E85715,52.17
E85716,46.49
E85718,44.55
E85719,53.7
E85721,43.51
E85723,41.94
E85725,47.97
E85726,47.91
E85734,48.76
E85735,49.99
E85736,51.25
E85739,48.35
E85740,46.93
E85743,46.07
E85744,50.09
E85745,44.51
E85746,49.46
E85748,42.59
E85750,47.39
E86001,51.53
E86003,48.46
E86004,48.83
E86005,50.7
E86006,51.81
E86007,49.78
E86009,51.76
E86010,49.48
E86011,51.22
E86012,50.58
E86014,50.64
E86015,49.74
E86016,47.73
E86017,45.22
E86018,47.4
E86019,49.19
E86020,47.4
E86022,50.49
E86024,49.16
E86026,48.73
E86027,49.72
E86028,51.76
E86029,50.53
E86030,36.37
E86033,49.9
E86034,47.62
E86036,51.0
E86038,45.22
E86041,49.83
E86042,48.73
E86605,50.04
E86609,44.11
E86610,50.66
E86612,46.03
E86615,46.73
E86618,48.78
E86619,51.03
E86620,49.49
E86625,47.41
E86626,49.48
E86629,49.4
E86632,48.79
E86637,47.05
E86640,52.31
E87002,50.42
E87003,49.81
E87004,48.51
E87005,50.78
E87006,48.23
E87007,49.21
E87008,48.03
E87009,46.32
E87010,46.37
E87011,47.76
E87013,52.12
E87016,52.5
E87021,49.54
E87024,45.74
E87026,45.5
E87029,53.54
E87034,49.6
E87037,49.48
E87038,48.67
E87043,51.1
E87045,47.72
E87046,52.9
E87047,48.21
E87048,45.39
E87052,45.32
E87061,49.78
E87063,53.68
E87065,50.25
E87066,45.13
E87067,48.33
E87069,39.25
E87070,47.57
E87609,52.84
E87637,48.04
E87648,44.5
E87663,40.71
E87665,54.81
E87677,35.65
E87681,50.17
E87691,34.78
E87694,49.62
E87701,50.56
E87702,50.14
E87706,45.12
E87711,5.09
E87714,42.49
E87715,51.66
E87720,49.43
E87722,48.38
E87733,49.31
E87735,42.64
E87737,49.9
E87738,51.51
E87739,49.42
E87740,15.85
E87741,52.02
E87742,47.04
E87745,50.84
E87746,46.98
E87750,43.94
E87751,48.72
E87753,53.03
E87754,48.56
E87755,46.39
E87756,40.18
E87762,52.35
E87768,59.46
E87772,15.86
F81001,51.52
F81003,48.39
F81004,50.48
F81006,49.15
F81007,50.75
F81009,50.75
F81010,49.84
F81011,49.5
F81012,51.31
F81013,51.24
F81014,49.3
F81015,51.28
F81017,52.24
F81019,51.09
F81020,50.06
F81021,50.55
F81022,52.02
F81023,50.19
F81024,49.55
F81025,50.13
F81026,52.97
F81027,49.88
F81028,51.23
F81029,51.03
F81030,51.69
F81031,49.4
F81032,50.28
F81034,50.64
F81036,50.63
F81037,50.37
F81038,51.73
F81040,50.12
F81041,51.25
F81042,50.86
F81043,51.57
F81044,51.69
F81045,49.29
F81046,50.17
F81047,50.9
F81048,50.9
F81049,51.23
F81051,49.61
F81052,52.88
F81053,50.73
F81055,50.93
F81056,51.32
F81057,50.66
F81060,51.77
F81061,50.5
F81062,51.14
F81065,50.2
F81066,52.12
F81067,51.45
F81068,51.14
F81069,50.02
F81071,49.32
F81072,50.83
F81075,50.78
F81076,49.56
F81078,50.1
F81080,51.49
F81081,49.45
F81082,48.88
F81083,50.9
F81085,50.31
F81086,50.91
F81087,50.66
F81088,49.09
F81089,50.81
F81090,51.11
F81091,51.51
F81092,48.09
F81095,50.26
F81096,51.42
F81097,49.96
F81098,51.6
F81099,50.42
F81100,50.13
F81101,49.74
F81102,50.81
F81104,50.83
F81105,51.51
F81106,51.37
F81108,51.59
F81110,51.55
F81111,50.1
F81112,51.47
F81113,50.75
F81114,51.34
F81115,51.15
F81116,50.43
F81117,49.11
F81118,50.84
F81119,50.16
F81120,50.42
F81121,52.04
F81122,50.75
F81123,51.49
F81125,50.58
F81126,50.67
F81128,50.47
F81130,50.36
F81131,50.83
F81132,50.49
F81133,51.45
F81134,50.73
F81136,50.69
F81137,51.24
F81141,42.62
F81142,50.55
F81144,51.84
F81147,49.38
F81149,49.59
F81150,50.46
F81152,52.05
F81153,51.75
F81155,50.38
F81156,51.88
F81158,51.99
F81159,49.33
F81163,50.95
F81164,50.22
F81165,50.5
F81169,51.1
F81170,50.19
F81173,50.54
F81176,49.05
F81177,50.67
F81181,49.31
F81183,48.98
F81184,49.73
F81186,50.74
F81192,50.73
F81193,51.76
F81197,49.45
F81198,50.34
F81205,48.53
F81206,51.75
F81207,41.02
F81209,49.2
F81211,50.05
F81212,49.14
F81213,51.42
F81215,50.56
F81216,52.14
F81218,46.63
F81219,50.19
F81221,50.0
F81222,49.82
F81223,48.34
F81606,51.21
F81613,51.06
F81618,49.56
F81619,47.06
F81623,47.94
F81632,50.94
F81633,49.71
F81635,48.18
F81636,50.92
F81640,49.08
F81641,47.97
F81645,50.45
F81649,49.89
F81651,49.57
F81652,49.79
F81656,48.44
F81665,48.63
F81666,49.89
F81669,50.82
F81674,50.24
F81675,50.65
F81679,50.36
F81681,51.0
F81683,49.96
F81684,50.33
F81688,41.89
F81690,50.31
F81696,49.29
F81697,46.96
F81700,49.85
F81704,49.62
F81707,50.34
F81708,50.0
F81711,50.02
F81713,49.9
F81716,51.49
F81721,51.18
F81725,49.17
F81729,50.75
F81730,51.0
F81732,49.07
F81737,50.92
F81739,52.76
F81740,49.86
F81741,50.87
F81744,50.13
F81746,50.66
F81749,50.32
F81751,49.91
F81757,52.76
F82001,50.55
F82002,51.02
F82003,49.99
F82005,51.23
F82006,51.66
F82007,50.62
F82008,50.92
F82009,51.31
F82010,49.73
F82011,52.19
F82012,50.08
F82013,50.93
F82014,51.92
F82015,48.82
F82016,52.19
F82017,50.15
F82018,50.76
F82019,50.49
F82021,51.3
F82022,51.24
F82023,49.76
F82025,50.7
F82027,50.64
F82028,51.52
F82030,51.69
F82031,51.68
F82033,51.09
F82034,48.62
F82038,49.85
F82039,49.97
F82040,47.81
F82042,50.95
F82045,49.93
F82051,50.57
F82053,50.16
F82055,51.25
F82604,51.5
F82607,51.86
F82609,51.02
F82610,49.65
F82612,49.56
F82619,49.29
F82621,50.22
F82624,52.44
F82625,45.8
F82627,48.31
F82630,52.16
F82634,50.81
F82638,50.99
F82642,50.5
F82647,40.68
F82648,50.49
F82649,51.36
F82650,47.07
F82660,50.13
F82661,46.81
F82663,47.78
F82666,52.07
F82670,49.92
F82671,50.42
F82674,52.2
F82675,51.28
F82677,51.22
F82678,50.0
F82679,50.3
F82680,51.59
F82686,49.19
F83002,51.89
F83003,52.93
F83004,52.85
F83005,50.07
F83006,49.21
F83007,48.29
F83008,49.32
F83010,51.73
F83011,51.96
F83012,50.65
F83015,51.5
F83017,52.64
F83018,49.14
F83019,49.91
F83020,51.93
F83021,51.76
F83022,52.51
F83023,51.63
F83025,50.13
F83027,49.21
F83032,50.93
F83033,47.41
F83034,41.88
F83039,51.98
F83042,49.8
F83043,49.65
F83044,47.02
F83045,52.1
F83048,50.85
F83050,46.58
F83052,52.09
F83053,51.28
F83055,53.97
F83056,51.96
F83057,52.02
F83058,53.91
F83059,46.54
F83060,51.16
F83061,49.87
F83063,50.4
F83064,50.06
F83615,50.47
F83623,51.77
F83624,51.88
F83632,46.68
F83633,49.64
F83635,51.25
F83652,49.33
F83658,50.51
F83660,50.45
F83664,50.41
F83665,51.77
F83666,49.32
F83671,49.19
F83672,54.25
F83673,49.57
F83674,49.21
F83678,47.5
F83680,48.46
F83681,47.79
F83683,50.72
F83686,48.54
F84003,50.68
F84004,50.39
F84006,45.83
F84008,51.19
F84009,49.75
F84010,46.41
F84012,44.64
F84013,49.51
F84014,44.91
F84015,49.39
F84016,50.52
F84017,49.33
F84018,52.51
F84021,50.53
F84022,47.07
F84025,47.12
F84030,47.89
F84031,49.29
F84033,49.83
F84034,50.34
F84035,53.35
F84036,50.36
F84038,47.79
F84039,46.04
F84041,46.18
F84044,48.09
F84046,46.71
F84047,49.83
F84050,46.1
F84051,46.96
F84052,49.62
F84053,44.53
F84054,48.11
F84055,46.08
F84060,48.59
F84062,49.89
F84063,49.36
F84069,51.4
F84070,47.69
F84072,50.15
F84074,45.65
F84077,48.76
F84079,46.77
F84080,48.48
F84081,47.3
F84083,49.08
F84086,47.01
F84087,48.6
F84088,42.69
F84092,49.56
F84093,50.77
F84096,51.46
F84097,49.15
F84105,50.94
F84111,46.8
F84114,41.88
F84115,50.13
F84117,51.79
F84118,44.65
F84119,51.88
F84121,49.32
F84122,48.22
F84123,49.71
F84124,49.46
F84601,51.42
F84619,50.23
F84620,49.7
F84621,50.51
F84632,23.88
F84635,48.82
F84636,50.45
F84640,45.99
F84641,42.38
F84642,38.33
F84647,47.28
F84656,47.82
F84657,49.67
F84658,44.75
F84660,39.25
F84666,49.4
F84668,47.28
F84669,46.53
F84670,44.42
F84672,47.03
F84673,35.76
F84676,45.82
F84677,48.67
F84681,46.94
F84682,46.87
F84685,51.85
F84686,48.72
F84692,48.32
F84694,50.35
F84696,52.14
F84698,48.6
F84710,46.89
F84711,49.59
F84714,48.25
F84716,48.87
F84717,49.09
F84718,47.3
F84719,46.6
F84720,49.33
F84724,43.91
F84729,43.75
F84730,46.71
F84731,46.6
F84733,15.0
F84735,47.88
F84739,40.72
F84740,38.44
F84741,45.1
F84742,39.83
F84747,47.97
F84749,47.29
F85002,50.79
F85004,51.07
F85007,47.92
F85008,49.16
F85010,50.09
F85013,49.81
F85014,51.48
F85016,50.76
F85017,48.38
F85019,51.37
F85020,50.19
F85023,52.52
F85025,51.07
F85028,44.84
F85029,52.43
F85030,49.09
F85031,49.5
F85032,50.58
F85033,51.4
F85034,50.38
F85035,52.62
F85039,52.5
F85043,50.1
F85044,50.57
F85045,50.2
F85046,47.43
F85052,47.2
F85053,49.56
F85058,50.96
F85060,48.95
F85061,50.88
F85063,52.19
F85064,50.42
F85065,50.84
F85066,50.43
F85067,47.09
F85069,52.84
F85071,48.84
F85072,49.79
F85615,49.1
F85623,48.93
F85625,51.6
F85628,48.47
F85634,48.55
F85640,48.92
F85642,51.71
F85650,50.35
F85654,50.31
F85663,52.9
F85666,50.11
F85669,48.67
F85675,48.72
F85676,51.86
F85678,48.56
F85682,49.36
F85687,49.78
F85688,51.77
F85697,45.24
F85700,48.22
F85701,50.47
F85705,46.98
F85711,0.0
F86001,49.26
F86004,51.29
F86005,52.26
F86006,47.82
F86007,51.28
F86008,49.02
F86009,49.83
F86010,50.17
F86011,44.63
F86012,50.92
F86013,50.57
F86018,50.38
F86020,50.62
F86022,45.63
F86023,50.62
F86025,48.24
F86026,49.32
F86028,51.1
F86030,44.83
F86032,52.57
F86034,49.76
F86036,49.1
F86038,46.82
F86040,46.91
F86042,48.33
F86044,48.85
F86045,40.84
F86057,51.49
F86058,49.39
F86060,49.84
F86062,46.82
F86064,52.37
F86066,52.02
F86074,47.93
F86078,51.1
F86081,49.21
F86082,48.55
F86083,47.75
F86085,47.59
F86086,49.18
F86087,48.71
F86088,45.0
F86607,50.73
F86612,50.49
F86616,52.27
F86621,45.97
F86624,50.28
F86625,47.42
F86626,46.68
F86627,49.88
F86637,46.8
F86638,49.62
F86641,51.86
F86642,48.14
F86644,48.29
F86650,49.73
F86652,48.67
F86657,47.63
F86658,50.86
F86664,50.25
F86666,47.86
F86679,48.8
F86689,54.05
F86691,50.08
F86692,47.48
F86696,48.63
F86698,49.46
F86700,48.31
F86701,45.66
F86702,49.59
F86703,52.31
F86705,46.57
F86707,50.64
F86708,50.11
F86712,48.25
F86731,50.6
G81001,50.52
G81002,48.99
G81003,51.68
G81004,52.0
G81006,46.32
G81007,50.43
G81008,51.24
G81011,48.31
G81012,51.85
G81014,50.74
G81016,50.45
G81017,50.09
G81018,49.37
G81019,50.73
G81021,51.25
G81022,52.16
G81023,50.94
G81024,51.0
G81025,52.46
G81028,49.53
G81029,51.65
G81030,51.48
G81031,51.96
G81032,51.62
G81034,50.63
G81036,50.27
G81037,50.72
G81038,49.06
G81039,53.38
G81040,54.04
G81041,52.68
G81042,50.5
G81043,50.77
G81044,48.5
G81046,51.13
G81047,42.71
G81048,50.55
G81049,51.12
G81050,53.37
G81051,51.24
G81052,50.36
G81054,45.78
G81055,50.75
G81057,50.72
G81059,51.4
G81061,49.02
G81065,51.66
G81070,50.26
G81071,44.81
G81073,52.19
G81074,50.01
G81075,50.58
G81076,51.4
G81077,50.72
G81082,50.29
G81083,50.95
G81084,51.68
G81085,50.76
G81086,51.18
G81087,50.76
G81088,50.82
G81089,49.33
G81090,47.65
G81095,49.6
G81096,48.15
G81098,51.23
G81099,52.36
G81100,50.91
G81102,51.43
G81104,51.76
G81613,46.55
G81614,50.49
G81634,52.57
G81638,52.09
G81641,49.33
G81646,46.78
G81656,44.67
G81658,49.78
G81663,49.52
G81667,49.73
G81669,49.25
G81680,49.15
G81689,19.57
G81694,45.25
G81703,28.57
G82002,48.47
G82006,50.17
G82007,50.97
G82013,51.03
G82014,50.72
G82015,49.06
G82016,52.09
G82017,49.13
G82018,51.14
G82019,50.92
G82020,51.24
G82021,51.8
G82022,51.17
G82023,51.11
G82024,51.03
G82025,50.86
G82026,51.41
G82027,49.88
G82028,51.25
G82031,49.51
G82032,50.07
G82035,50.29
G82036,51.2
G82037,51.24
G82038,51.33
G82039,47.65
G82041,49.66
G82042,50.84
G82044,50.0
G82046,49.37
G82048,49.91
G82049,50.19
G82050,49.56
G82051,51.09
G82052,50.31
G82053,52.8
G82055,50.36
G82056,50.43
G82057,49.84
G82058,51.11
G82059,50.02
G82060,50.39
G82062,45.9
G82063,51.0
G82064,50.29
G82066,51.37
G82067,50.27
G82069,50.39
G82071,51.3
G82072,49.14
G82073,51.48
G82074,51.48
G82076,50.65
G82077,51.49
G82079,51.25
G82080,50.01
G82082,51.03
G82083,51.01
G82085,50.48
G82086,51.28
G82087,51.41
G82088,51.45
G82089,49.7
G82090,50.91
G82091,48.33
G82092,51.77
G82093,50.51
G82094,49.98
G82095,50.42
G82097,51.86
G82098,51.86
G82099,49.94
G82100,50.7
G82103,46.2
G82105,51.12
G82106,50.96
G82107,51.07
G82108,50.46
G82110,51.18
G82111,52.16
G82112,50.88
G82113,49.33
G82114,52.03
G82115,51.42
G82117,51.51
G82118,50.44
G82119,51.35
G82120,51.12
G82121,51.74
G82122,50.68
G82123,49.73
G82125,51.25
G82126,51.53
G82128,50.37
G82129,52.61
G82135,50.93
G82137,51.12
G82138,50.2
G82139,50.62
G82140,49.6
G82141,50.15
G82142,50.53
G82143,51.5
G82147,50.79
G82150,48.41
G82152,50.99
G82154,51.36
G82155,52.29
G82158,50.66
G82160,52.51
G82161,50.59
G82162,53.82
G82164,51.0
G82165,51.04
G82170,49.47
G82180,50.18
G82184,49.71
G82185,50.74
G82186,50.88
G82198,50.4
G82200,50.48
G82203,50.94
G82205,50.95
G82211,50.43
G82212,50.67
G82215,49.67
G82217,49.76
G82218,51.39
G82219,52.47
G82224,49.73
G82225,52.05
G82226,50.07
G82227,51.97
G82228,49.86
G82229,49.23
G82231,50.79
G82232,49.63
G82233,51.02
G82234,51.27
G82235,48.63
G82600,49.88
G82604,50.11
G82605,50.04
G82631,48.1
G82634,50.01
G82635,51.64
G82639,50.04
G82641,52.72
G82647,51.04
G82648,46.56
G82650,52.05
G82652,49.79
G82653,54.38
G82658,50.74
G82665,51.19
G82666,52.99
G82671,49.9
G82679,49.61
G82681,50.49
G82682,49.31
G82684,51.19
G82687,50.18
G82691,51.39
G82693,51.3
G82696,51.16
G82697,51.24
G82698,47.81
G82700,48.85
G82702,49.89
G82704,51.96
G82706,50.97
G82708,49.74
G82711,51.36
G82719,50.59
G82721,48.61
G82729,49.7
G82730,50.86
G82732,49.99
G82733,58.28
G82737,52.08
G82741,50.42
G82744,50.22
G82753,49.87
G82754,50.93
G82762,48.52
G82763,48.65
G82768,50.99
G82775,47.75
G82780,48.88
G82790,50.24
G82791,27.91
G82796,50.87
G82799,50.48
G82802,45.6
G82808,51.51
G82809,50.88
G82888,52.39
G83001,52.07
G83002,50.47
G83004,52.4
G83006,52.21
G83009,52.13
G83010,50.88
G83012,50.07
G83013,51.68
G83015,50.8
G83016,50.14
G83018,51.55
G83019,50.37
G83021,52.49
G83024,50.46
G83025,51.43
G83026,49.99
G83027,51.52
G83028,50.67
G83029,51.9
G83030,52.0
G83031,50.59
G83033,50.13
G83037,49.09
G83039,50.57
G83044,51.74
G83046,51.31
G83047,52.29
G83049,52.24
G83052,51.35
G83053,51.75
G83057,51.43
G83058,49.54
G83060,47.15
G83062,52.42
G83065,51.01
G83066,51.66
G83067,49.59
G83628,51.39
G83630,50.61
G83631,49.1
G83633,47.31
G83635,49.38
G83641,45.92
G83642,51.1
G83647,48.55
G83651,49.33
G83654,48.08
G83663,40.62
G83673,48.47
G83680,51.89
G84001,51.9
G84002,50.98
G84003,51.17
G84004,50.66
G84005,51.19
G84006,51.52
G84007,51.09
G84008,50.57
G84009,48.01
G84010,51.73
G84011,50.8
G84013,52.05
G84015,50.42
G84016,50.77
G84017,50.23
G84018,51.06
G84019,51.47
G84020,50.92
G84022,36.21
G84023,51.38
G84024,50.78
G84025,51.45
G84027,51.75
G84028,52.2
G84029,48.64
G84030,50.38
G84032,52.01
G84033,49.64
G84035,50.95
G84039,49.82
G84040,51.53
G84041,48.98
G84604,48.55
G84607,53.11
G84609,50.18
G84621,49.79
G84624,46.13
G84625,50.68
G84627,50.2
G84629,50.43
G84630,51.15
G85001,52.07
G85002,50.44
G85003,49.28
G85004,51.97
G85005,51.71
G85006,47.73
G85008,43.8
G85011,51.9
G85013,47.09
G85014,49.77
G85015,48.29
G85016,50.3
G85019,47.59
G85020,46.39
G85021,46.64
G85022,50.91
G85023,49.53
G85024,51.11
G85025,50.02
G85026,50.11
G85027,50.98
G85028,49.99
G85029,49.29
G85030,48.0
G85031,49.76
G85032,50.84
G85034,49.29
G85035,50.37
G85038,49.99
G85039,51.8
G85040,52.6
G85041,48.58
G85042,52.4
G85044,48.92
G85045,49.22
G85046,51.63
G85047,51.1
G85051,51.14
G85052,47.23
G85053,46.79
G85054,48.7
G85055,51.99
G85057,52.39
G85061,51.75
G85073,45.41
G85076,49.38
G85082,38.79
G85083,47.99
G85084,50.65
G85085,49.82
G85086,47.02
G85087,50.89
G85089,50.18
G85091,52.55
G85096,43.97
G85100,48.29
G85102,48.79
G85104,50.6
G85105,50.51
G85109,52.4
G85114,51.65
G85119,48.79
G85120,50.9
G85121,51.45
G85123,47.16
G85124,49.5
G85125,52.03
G85127,47.81
G85129,48.64
G85130,46.38
G85132,51.83
G85134,47.79
G85135,49.33
G85136,48.35
G85137,52.34
G85138,48.44
G85623,50.01
G85632,48.99
G85633,50.29
G85642,47.93
G85644,52.97
G85647,49.85
G85651,50.75
G85662,47.52
G85673,48.58
G85674,50.87
G85681,48.41
G85685,51.94
G85690,50.92
G85695,47.03
G85696,51.42
G85698,56.3
G85705,46.83
G85706,48.93
G85708,50.66
G85711,50.63
G85715,48.24
G85716,52.61
G85721,45.92
G85722,50.83
G85724,51.87
G85726,51.59
G85727,50.46
G85736,44.47
H81002,49.03
H81003,50.81
H81004,51.08
H81005,49.97
H81006,49.97
H81007,49.78
H81009,50.61
H81010,49.93
H81011,51.9
H81013,50.56
H81015,50.64
H81016,51.3
H81017,51.1
H81019,48.86
H81020,52.09
H81021,49.99
H81022,51.09
H81023,50.67
H81024,50.44
H81025,49.76
H81026,50.85
H81027,49.85
H81028,50.92
H81029,48.85
H81030,50.24
H81031,50.84
H81032,49.14
H81033,49.94
H81034,49.61
H81035,50.31
H81036,50.06
H81037,49.06
H81038,47.8
H81039,48.78
H81040,50.6
H81041,48.97
H81042,50.45
H81043,53.33
H81044,51.05
H81045,50.48
H81046,50.53
H81047,47.86
H81048,50.3
H81050,51.07
H81051,51.96
H81052,51.35
H81053,50.73
H81055,50.89
H81056,51.69
H81057,49.77
H81058,48.56
H81060,52.2
H81061,49.13
H81062,50.91
H81064,50.7
H81065,51.66
H81066,49.19
H81067,50.0
H81068,50.2
H81069,50.22
H81070,50.52
H81071,51.47
H81072,50.2
H81073,50.71
H81074,50.76
H81075,50.29
H81076,51.46
H81077,50.95
H81078,49.92
H81080,52.27
H81081,50.9
H81082,49.96
H81083,49.77
H81084,50.55
H81085,49.85
H81086,50.24
H81087,48.81
H81088,50.18
H81089,51.29
H81090,49.92
H81091,50.36
H81094,51.98
H81095,48.75
H81097,48.6
H81099,50.51
H81103,50.44
H81104,49.26
H81107,50.32
H81109,51.21
H81110,50.52
H81111,51.78
H81113,49.17
H81116,51.81
H81119,49.9
H81122,50.18
H81123,48.85
H81126,52.29
H81128,51.35
H81129,51.36
H81130,50.63
H81131,48.65
H81132,43.76
H81133,50.44
H81134,50.08
H81613,51.27
H81615,52.46
H81618,48.96
H81632,48.86
H81638,50.31
H81641,45.18
H81642,49.81
H81643,46.63
H81644,50.62
H81656,50.33
H81658,51.11
H81663,49.0
H81672,51.69
H82003,50.55
H82004,49.48
H82005,50.77
H82006,50.87
H82007,52.36
H82008,51.11
H82009,51.93
H82010,50.54
H82011,50.65
H82012,49.24
H82013,52.42
H82014,52.09
H82016,50.15
H82017,50.28
H82020,46.89
H82021,51.05
H82022,51.35
H82023,50.97
H82025,50.39
H82026,49.84
H82027,51.1
H82028,50.12
H82030,51.11
H82031,50.37
H82032,51.73
H82033,49.74
H82034,51.01
H82035,51.09
H82036,50.63
H82037,51.11
H82038,51.92
H82039,51.5
H82040,50.56
H82041,51.81
H82042,51.36
H82043,51.5
H82044,49.55
H82045,50.73
H82046,50.65
H82047,48.75
H82048,51.39
H82049,51.45
H82050,49.39
H82051,51.6
H82052,50.6
H82053,50.22
H82055,50.47
H82056,51.16
H82057,51.45
H82058,50.77
H82059,53.27
H82060,50.89
H82061,48.69
H82063,50.83
H82064,49.93
H82065,50.97
H82066,49.23
H82067,51.18
H82070,51.11
H82072,51.05
H82076,53.12
H82077,51.03
H82078,52.21
H82084,52.31
H82087,54.21
H82088,47.08
H82089,51.45
H82091,51.19
H82092,50.93
H82095,52.32
H82096,48.7
H82098,48.72
H82099,50.92
H82100,52.11
H82615,50.62
H82621,49.79
H82640,50.85
H83001,50.77
H83004,51.68
H83005,49.1
H83006,51.12
H83007,49.96
H83008,50.69
H83009,47.93
H83010,50.85
H83011,43.63
H83012,49.39
H83013,51.15
H83014,50.66
H83015,50.95
H83016,50.31
H83017,48.78
H83018,50.64
H83019,48.06
H83020,50.2
H83021,48.97
H83022,49.61
H83023,48.52
H83024,50.34
H83028,50.9
H83029,52.7
H83030,52.33
H83031,49.11
H83033,50.1
H83034,50.68
H83037,51.79
H83039,49.15
H83040,49.62
H83042,50.49
H83043,50.22
H83044,47.82
H83049,48.92
H83050,50.64
H83051,48.58
H83052,48.04
H83053,49.08
H83608,49.01
H83609,49.25
H83611,52.58
H83624,47.31
H83625,43.73
H83627,49.41
H83631,47.23
H84002,50.68
H84005,49.23
H84006,50.33
H84007,50.4
H84010,50.33
H84012,50.17
H84014,46.44
H84015,50.69
H84016,51.26
H84017,49.4
H84018,51.91
H84020,50.86
H84023,50.34
H84025,50.22
H84027,48.77
H84030,51.68
H84031,52.08
H84032,49.18
H84033,50.01
H84034,49.81
H84039,49.94
H84040,49.57
H84041,50.11
H84042,50.65
H84044,50.95
H84048,51.09
H84050,50.9
H84051,47.85
H84053,50.59
H84054,44.96
H84055,50.51
H84057,49.71
H84059,51.58
H84060,50.21
H84061,51.06
H84062,50.52
H84618,48.64
H84619,49.2
H84623,51.64
H84625,47.97
H84629,45.07
H84630,49.47
H84635,49.51
H84639,50.0
H85001,51.76
H85002,49.48
H85003,49.07
H85005,49.44
H85006,50.18
H85007,51.69
H85008,50.98
H85009,50.77
H85011,50.9
H85012,52.45
H85018,50.58
H85020,50.44
H85021,49.63
H85022,49.25
H85023,52.31
H85024,46.26
H85025,51.63
H85026,51.49
H85027,50.2
H85028,48.5
H85029,51.61
H85030,51.18
H85031,49.9
H85032,48.82
H85033,50.14
H85035,48.19
H85037,47.88
H85038,51.96
H85041,51.55
H85045,48.14
H85047,48.25
H85048,50.18
H85049,51.54
H85051,49.67
H85052,49.44
H85053,45.82
H85055,47.19
H85057,52.85
H85061,48.68
H85063,50.7
H85065,46.52
H85066,52.66
H85067,47.9
H85069,51.98
H85070,47.32
H85075,49.1
H85076,50.41
H85077,51.34
H85078,44.59
H85082,47.21
H85087,42.01
H85088,46.96
H85090,46.78
H85092,47.32
H85095,51.37
H85100,49.1
H85101,48.7
H85103,51.84
H85105,51.16
H85110,49.05
H85111,47.9
H85112,50.0
H85113,50.46
H85114,52.47
H85115,51.23
H85116,50.71
H85618,50.53
H85634,49.33
H85637,51.22
H85649,47.54
H85653,51.45
H85656,47.81
H85659,53.67
H85662,49.32
H85664,40.79
H85665,49.14
H85680,46.96
H85682,50.3
H85683,47.01
H85686,51.17
H85691,71.2
H85693,51.01
H85695,48.74
J81002,52.84
J81003,47.49
J81004,47.18
J81005,51.74
J81006,50.83
J81009,50.49
J81010,50.57
J81011,51.48
J81012,48.52
J81013,51.25
J81014,50.0
J81016,51.2
J81017,42.49
J81018,50.52
J81019,51.32
J81020,49.6
J81021,47.35
J81022,52.23
J81025,50.12
J81027,49.81
J81028,52.84
J81029,52.6
J81030,50.12
J81033,49.17
J81034,51.21
J81035,48.73
J81036,49.54
J81039,50.36
J81041,51.09
J81042,53.56
J81044,49.91
J81045,50.86
J81046,51.23
J81047,50.24
J81048,51.3
J81049,51.67
J81051,50.72
J81052,50.19
J81053,51.39
J81054,50.95
J81056,50.59
J81057,51.13
J81058,51.24
J81059,51.76
J81061,51.59
J81062,49.56
J81064,50.73
J81066,50.65
J81067,50.96
J81068,50.98
J81070,50.5
J81072,46.24
J81073,50.63
J81074,51.63
J81075,51.45
J81076,51.41
J81077,50.69
J81078,54.24
J81081,51.74
J81082,51.37
J81083,51.42
J81086,51.36
J81087,50.52
J81609,50.8
J81612,50.61
J81613,50.61
J81616,50.3
J81620,51.22
J81621,50.51
J81625,50.38
J81626,52.55
J81628,53.38
J81631,51.48
J81633,51.84
J81634,43.0
J81637,52.14
J81644,51.9
J81646,52.0
J81647,51.05
J81648,49.64
J82001,46.16
J82002,50.7
J82005,51.41
J82006,52.98
J82007,52.23
J82008,51.61
J82009,52.18
J82010,50.86
J82012,51.12
J82015,50.76
J82016,51.65
J82017,50.81
J82018,50.58
J82019,51.56
J82020,48.29
J82021,51.69
J82022,49.29
J82023,49.98
J82024,45.12
J82025,50.69
J82026,50.69
J82028,49.32
J82033,51.35
J82034,51.59
J82035,49.59
J82036,50.91
J82039,51.75
J82040,50.79
J82041,51.48
J82042,50.67
J82044,51.54
J82049,50.07
J82050,52.32
J82051,51.17
J82053,49.56
J82054,51.03
J82055,49.41
J82056,49.89
J82058,50.34
J82059,50.33
J82060,48.44
J82061,51.48
J82062,49.43
J82063,50.02
J82064,50.86
J82066,50.81
J82067,48.9
J82069,49.91
J82071,50.69
J82072,51.77
J82073,50.86
J82074,51.44
J82075,51.5
J82076,50.32
J82077,48.32
J82079,51.05
J82080,40.74
J82081,42.94
J82082,50.75
J82083,50.09
J82084,49.79
J82085,49.44
J82087,49.15
J82088,49.08
J82089,51.31
J82090,49.51
J82092,49.91
J82094,50.36
J82098,51.15
J82099,50.47
J82101,48.97
J82102,51.95
J82103,51.27
J82104,53.12
J82106,51.45
J82110,50.14
J82112,50.03
J82114,50.23
J82115,48.79
J82116,50.61
J82119,51.24
J82120,51.1
J82121,50.87
J82122,45.56
J82124,51.82
J82125,49.85
J82126,49.68
J82128,50.25
J82129,51.57
J82130,51.64
J82131,51.12
J82132,50.58
J82134,50.7
J82135,51.13
J82136,51.49
J82138,50.56
J82139,52.25
J82142,48.83
J82143,50.76
J82144,49.2
J82145,51.55
J82146,50.69
J82147,50.52
J82149,50.91
J82150,50.99
J82151,51.62
J82152,49.59
J82154,51.22
J82155,50.11
J82156,51.63
J82157,50.92
J82161,50.03
J82163,51.74
J82164,52.32
J82169,50.39
J82174,50.67
J82178,51.67
J82180,52.17
J82181,50.28
J82183,48.15
J82184,49.11
J82188,49.39
J82192,51.31
J82194,48.69
J82196,50.14
J82197,51.02
J82198,50.16
J82199,40.6
J82201,52.44
J82207,48.1
J82208,49.96
J82210,50.73
J82213,49.64
J82214,50.02
J82215,52.26
J82216,51.92
J82217,19.6
J82218,50.81
J82220,50.04
J82605,45.27
J82622,49.39
J82625,51.52
J82628,52.61
J82630,50.99
J82633,47.85
J82639,50.3
J82640,50.52
J82646,50.02
J82663,47.23
J82669,52.41
J83001,51.33
J83002,50.4
J83003,52.48
J83004,51.04
J83005,52.35
J83006,50.27
J83007,50.35
J83008,50.9
J83009,51.26
J83010,51.77
J83011,49.95
J83013,52.02
J83014,54.08
J83016,50.25
J83018,51.82
J83019,52.14
J83021,51.76
J83022,48.8
J83023,52.84
J83024,50.85
J83025,49.0
J83026,51.25
J83027,50.05
J83029,51.23
J83030,51.46
J83031,50.95
J83033,46.63
J83034,52.01
J83035,50.96
J83036,50.74
J83037,51.09
J83038,50.32
J83039,51.25
J83040,51.08
J83041,51.0
J83042,50.16
J83043,51.15
J83045,50.99
J83046,51.9
J83047,50.34
J83048,51.84
J83049,50.96
J83050,52.31
J83052,51.12
J83053,51.22
J83055,51.48
J83056,50.91
J83057,52.25
J83058,51.44
J83059,51.66
J83060,51.85
J83064,50.82
J83601,51.05
J83603,50.89
J83609,50.84
J83615,50.47
J83618,50.65
J83619,50.99
J83625,51.08
J83629,50.98
J83630,51.39
J83633,48.44
J83645,49.86
J83646,47.0
J84003,49.92
J84004,51.11
J84005,50.81
J84007,51.75
J84008,50.76
J84011,50.94
J84012,49.97
J84013,50.8
J84015,50.87
J84016,51.86
J84017,51.4
J84019,51.7
K81001,50.47
K81002,48.64
K81003,51.38
K81004,51.44
K81005,46.32
K81006,50.27
K81007,45.98
K81010,52.4
K81012,50.3
K81014,50.65
K81015,50.56
K81017,49.21
K81018,50.15
K81019,48.74
K81020,49.29
K81021,50.13
K81022,50.07
K81024,49.99
K81025,50.61
K81026,43.93
K81027,50.17
K81028,51.89
K81030,50.16
K81034,44.28
K81036,49.92
K81039,50.36
K81040,47.52
K81041,50.07
K81042,50.7
K81043,50.33
K81045,50.03
K81046,49.76
K81047,49.87
K81048,47.86
K81050,50.44
K81051,51.29
K81052,48.74
K81055,51.14
K81056,48.55
K81057,50.85
K81059,50.78
K81060,49.72
K81062,48.96
K81063,50.0
K81066,50.06
K81068,50.42
K81069,49.07
K81070,49.02
K81073,49.44
K81074,53.08
K81075,49.51
K81076,51.63
K81077,49.28
K81078,49.37
K81080,50.01
K81081,44.15
K81082,48.06
K81083,47.69
K81084,50.97
K81085,46.15
K81086,49.27
K81087,49.14
K81089,46.15
K81092,51.52
K81094,46.98
K81097,48.72
K81100,47.12
K81102,52.64
K81103,48.43
K81605,49.94
K81607,46.58
K81608,45.13
K81610,50.27
K81616,47.29
K81622,46.23
K81630,46.24
K81633,49.98
K81636,46.02
K81638,51.1
K81644,49.32
K81645,49.88
K81651,47.19
K81655,50.47
K81656,48.6
K81657,47.45
K82001,51.12
K82003,48.52
K82004,50.05
K82006,49.26
K82007,49.89
K82008,51.35
K82009,51.14
K82010,49.16
K82011,51.2
K82012,52.28
K82013,51.77
K82014,49.94
K82015,50.5
K82016,50.54
K82017,49.85
K82018,49.64
K82019,49.34
K82020,48.62
K82021,51.52
K82022,50.56
K82023,51.27
K82024,49.27
K82025,50.16
K82026,51.03
K82027,48.6
K82028,51.24
K82029,51.18
K82030,51.76
K82031,52.27
K82032,49.27
K82033,51.4
K82035,51.87
K82036,50.19
K82037,50.72
K82038,49.87
K82039,49.36
K82040,49.17
K82044,50.15
K82045,51.45
K82046,51.42
K82047,50.86
K82048,50.35
K82049,51.01
K82051,50.95
K82053,49.67
K82054,49.38
K82055,50.45
K82057,51.4
K82058,50.06
K82059,50.01
K82060,47.43
K82061,49.45
K82064,45.11
K82065,46.24
K82066,51.38
K82067,50.15
K82068,49.79
K82070,50.83
K82073,51.45
K82074,49.73
K82076,50.7
K82078,51.23
K82079,50.42
K82603,48.12
K82610,48.8
K82615,50.46
K82617,51.64
K82618,49.72
K82621,52.28
K82631,50.16
K82633,50.49
K83002,49.34
K83003,48.98
K83005,50.03
K83006,49.82
K83007,50.67
K83008,50.87
K83009,52.18
K83010,50.4
K83011,49.71
K83012,49.8
K83013,49.91
K83014,47.73
K83015,49.29
K83017,50.64
K83018,50.68
K83019,51.13
K83020,48.32
K83021,50.38
K83022,50.82
K83023,50.88
K83024,50.17
K83025,47.02
K83026,49.14
K83027,49.22
K83028,50.94
K83029,48.93
K83030,50.68
K83031,49.51
K83032,49.34
K83035,49.18
K83036,50.83
K83037,50.48
K83039,49.27
K83040,49.02
K83041,51.64
K83042,50.15
K83043,49.75
K83044,50.76
K83047,50.49
K83048,49.7
K83049,49.34
K83050,47.53
K83051,49.42
K83052,50.61
K83053,50.12
K83055,51.57
K83056,45.78
K83059,50.55
K83064,50.76
K83065,50.48
K83066,50.11
K83068,50.21
K83069,48.08
K83070,49.65
K83076,49.02
K83077,51.32
K83079,49.12
K83080,50.58
K83081,44.91
K83601,49.98
K83607,47.02
K83610,50.78
K83614,50.9
K83616,49.14
K83618,49.69
K83620,48.26
K83621,43.92
K83622,50.78
K83625,51.01
K84001,50.23
K84002,49.67
K84003,50.61
K84004,48.57
K84006,50.69
K84007,48.74
K84008,50.55
K84009,52.15
K84010,50.49
K84011,46.26
K84012,52.75
K84013,49.18
K84014,49.91
K84015,52.26
K84016,43.66
K84017,50.43
K84019,50.1
K84020,50.25
K84021,50.22
K84023,50.24
K84024,50.09
K84025,48.85
K84026,49.27
K84027,49.23
K84028,48.82
K84030,51.09
K84031,49.65
K84032,48.08
K84033,51.18
K84034,49.15
K84035,51.92
K84036,52.44
K84037,50.71
K84038,50.08
K84041,49.41
K84042,51.46
K84043,50.87
K84044,52.48
K84045,49.89
K84046,51.33
K84047,50.73
K84048,47.24
K84049,44.4
K84050,50.89
K84051,50.83
K84052,50.0
K84054,50.98
K84055,50.93
K84056,50.8
K84058,51.35
K84059,51.27
K84060,48.06
K84062,49.19
K84063,46.31
K84065,48.83
K84066,17.33
K84071,49.52
K84072,51.29
K84075,52.77
K84078,44.7
K84079,47.13
K84080,47.2
K84082,49.23
K84605,41.7
K84610,45.58
K84613,51.22
K84618,51.02
K84624,50.65
L81004,50.76
L81007,49.02
L81008,49.63
L81009,51.21
L81010,49.74
L81012,45.7
L81013,49.53
L81014,50.35
L81015,45.75
L81016,49.07
L81017,51.91
L81018,50.5
L81019,49.72
L81020,49.16
L81021,51.14
L81022,48.71
L81023,46.61
L81024,50.39
L81025,49.74
L81026,50.9
L81027,51.79
L81029,49.97
L81030,50.42
L81031,50.3
L81033,49.01
L81034,50.82
L81036,50.11
L81037,49.01
L81038,49.09
L81039,50.57
L81040,51.46
L81041,50.95
L81042,50.05
L81044,50.68
L81045,51.36
L81046,49.68
L81047,50.57
L81050,50.15
L81051,50.72
L81053,51.33
L81054,49.96
L81055,50.09
L81058,51.52
L81059,50.69
L81061,49.0
L81062,49.74
L81063,50.53
L81064,51.28
L81065,51.79
L81066,50.02
L81067,49.98
L81068,50.03
L81069,50.06
L81070,51.49
L81071,55.42
L81072,50.14
L81073,51.44
L81075,48.85
L81077,51.34
L81078,49.64
L81079,50.7
L81081,50.19
L81082,49.78
L81083,49.88
L81084,49.92
L81085,49.38
L81086,51.43
L81087,49.24
L81089,46.62
L81090,49.46
L81091,48.0
L81094,50.17
L81095,49.59
L81098,50.36
L81101,50.92
L81103,51.24
L81106,50.28
L81117,48.2
L81118,48.91
L81120,50.35
L81122,50.62
L81123,50.88
L81125,49.55
L81127,50.71
L81130,51.25
L81131,52.0
L81132,50.16
L81133,56.59
L81600,50.06
L81617,47.81
L81622,52.27
L81632,50.46
L81637,51.32
L81642,52.54
L81643,50.3
L81644,53.1
L81649,49.48
L81655,51.24
L81669,46.98
L81670,50.73
L82001,50.82
L82003,52.09
L82004,51.99
L82006,51.23
L82007,51.25
L82008,49.72
L82009,50.52
L82010,50.26
L82011,49.98
L82012,50.54
L82013,50.29
L82015,50.99
L82016,51.01
L82017,47.95
L82018,52.04
L82021,50.31
L82022,51.46
L82023,50.34
L82024,48.52
L82025,51.37
L82026,51.32
L82028,51.75
L82029,50.21
L82030,50.71
L82035,51.62
L82036,51.62
L82038,51.28
L82039,51.76
L82041,50.97
L82042,50.52
L82043,50.87
L82044,49.63
L82045,51.66
L82046,51.39
L82047,50.67
L82048,50.38
L82049,50.69
L82050,51.97
L82051,49.51
L82052,51.73
L82054,51.54
L82056,51.56
L82057,50.71
L82058,50.9
L82059,53.25
L82061,51.6
L82066,52.37
L82068,50.43
L82070,51.73
L82618,49.14
L82620,49.5
L82622,52.66
L83002,51.54
L83003,49.61
L83004,51.45
L83005,52.01
L83006,50.64
L83007,52.96
L83008,50.33
L83010,52.07
L83011,52.54
L83012,48.8
L83013,51.1
L83014,50.83
L83015,51.11
L83016,51.88
L83018,46.45
L83019,52.4
L83020,51.67
L83021,52.82
L83023,51.35
L83024,50.82
L83025,50.22
L83026,50.88
L83027,46.36
L83028,51.21
L83029,51.37
L83030,46.15
L83031,52.24
L83034,50.99
L83035,50.53
L83036,52.56
L83038,51.16
L83039,51.86
L83040,50.97
L83041,51.46
L83042,51.1
L83043,51.89
L83044,50.01
L83045,51.54
L83046,50.97
L83048,52.84
L83049,51.11
L83050,51.54
L83051,50.29
L83052,50.61
L83053,53.13
L83054,52.22
L83055,51.92
L83056,50.43
L83057,52.12
L83058,50.23
L83059,51.19
L83064,53.02
L83065,50.27
L83066,50.21
L83067,53.37
L83068,50.95
L83069,50.31
L83070,49.45
L83071,49.98
L83072,47.87
L83073,51.7
L83075,52.08
L83076,49.25
L83077,51.28
L83079,51.35
L83081,50.77
L83082,50.83
L83083,50.42
L83084,52.39
L83085,50.57
L83086,51.77
L83087,50.55
L83088,51.86
L83089,52.87
L83092,50.58
L83094,50.9
L83095,51.63
L83096,49.79
L83097,52.34
L83098,51.89
L83099,49.19
L83100,51.74
L83101,51.77
L83102,52.32
L83103,50.97
L83105,50.77
L83106,50.97
L83111,51.38
L83112,48.26
L83113,52.11
L83115,52.45
L83116,51.22
L83118,49.74
L83120,51.38
L83127,51.59
L83128,50.93
L83129,49.49
L83131,50.73
L83134,50.61
L83136,51.43
L83137,50.68
L83143,49.54
L83146,53.02
L83147,49.08
L83148,51.11
L83607,49.55
L83616,49.86
L83624,48.1
L83627,51.52
L83628,52.32
L83639,51.4
L83642,50.29
L83646,48.9
L83648,52.4
L83651,46.55
L83655,50.65
L83657,51.4
L83663,49.47
L83666,50.72
L83673,19.01
L84003,49.74
L84004,51.36
L84005,51.81
L84006,51.45
L84007,51.4
L84008,49.42
L84009,51.25
L84010,50.86
L84011,52.18
L84012,51.46
L84014,51.49
L84015,50.62
L84016,49.8
L84018,50.36
L84021,50.86
L84022,48.83
L84023,50.24
L84024,51.14
L84025,51.12
L84026,50.02
L84027,50.08
L84028,50.63
L84029,48.96
L84030,48.79
L84031,52.53
L84032,49.79
L84033,50.34
L84034,50.42
L84036,51.87
L84037,51.55
L84038,51.82
L84039,50.84
L84040,52.59
L84041,55.52
L84043,51.97
L84045,51.35
L84046,50.16
L84047,52.14
L84048,52.09
L84049,49.21
L84050,50.83
L84051,49.94
L84052,49.77
L84053,51.37
L84054,50.47
L84056,49.5
L84058,48.86
L84059,50.86
L84060,50.79
L84063,50.95
L84065,50.88
L84067,51.08
L84068,53.42
L84069,50.92
L84070,50.18
L84071,51.36
L84072,50.18
L84073,49.59
L84075,51.0
L84077,51.66
L84078,50.25
L84080,49.71
L84081,48.59
L84084,51.52
L84085,47.89
L84606,50.68
L84613,50.07
L84615,49.41
L84616,49.37
L84617,50.29
L85001,50.36
L85002,51.43
L85003,50.76
L85004,51.37
L85006,50.64
L85007,51.63
L85008,50.37
L85009,51.65
L85010,49.57
L85011,50.73
L85012,51.31
L85013,49.51
L85014,48.78
L85015,51.31
L85016,51.27
L85017,50.47
L85018,49.89
L85019,50.51
L85020,51.99
L85021,52.44
L85022,50.51
L85023,51.01
L85024,50.52
L85025,49.0
L85026,51.41
L85027,50.1
L85028,49.09
L85029,50.54
L85030,49.24
L85031,51.82
L85032,51.84
L85033,51.59
L85034,51.36
L85035,49.79
L85036,51.69
L85037,50.69
L85038,49.95
L85039,50.06
L85040,52.92
L85042,49.04
L85043,50.11
L85044,50.39
L85046,50.71
L85047,52.14
L85048,50.59
L85050,50.9
L85051,47.73
L85052,52.6
L85053,48.34
L85054,51.97
L85055,50.34
L85056,50.44
L85061,50.06
L85062,49.78
L85064,50.08
L85065,51.15
L85066,51.91
L85601,51.51
L85607,48.87
L85609,51.69
L85611,47.93
L85612,50.09
L85619,51.4
L85624,51.42
M81001,50.09
M81002,48.39
M81003,49.58
M81004,50.04
M81005,49.85
M81006,51.45
M81007,50.54
M81008,49.66
M81009,49.92
M81010,48.97
M81011,50.96
M81012,50.82
M81015,51.45
M81016,50.33
M81017,49.15
M81018,51.83
M81019,49.9
M81020,49.57
M81021,50.35
M81022,50.81
M81024,50.27
M81025,49.05
M81026,50.79
M81027,51.22
M81029,51.75
M81032,50.86
M81033,50.42
M81034,50.41
M81035,50.57
M81037,49.54
M81038,51.28
M81039,51.7
M81040,50.97
M81041,50.64
M81042,49.94
M81043,50.25
M81044,49.58
M81045,49.8
M81046,50.98
M81047,50.73
M81048,49.89
M81049,49.47
M81054,49.41
M81055,50.84
M81056,49.2
M81057,49.68
M81058,50.06
M81061,50.97
M81062,48.9
M81063,49.68
M81064,51.76
M81066,50.35
M81067,49.65
M81068,50.55
M81069,50.21
M81070,50.06
M81072,49.55
M81074,51.03
M81075,51.41
M81076,51.05
M81077,50.64
M81078,51.25
M81081,51.58
M81082,50.49
M81083,50.33
M81084,49.87
M81089,50.16
M81090,50.44
M81091,51.89
M81092,50.28
M81093,49.85
M81094,50.68
M81600,48.79
M81604,50.47
M81605,51.11
M81608,51.12
M81616,47.03
M81617,50.56
M81627,48.7
M81629,50.64
M82002,49.68
M82003,49.4
M82004,50.22
M82005,51.41
M82006,50.25
M82007,51.29
M82008,51.44
M82009,49.57
M82010,50.82
M82011,51.59
M82012,50.94
M82013,46.98
M82014,51.73
M82016,51.5
M82017,50.9
M82018,50.42
M82019,51.46
M82020,49.95
M82021,52.05
M82022,50.87
M82023,51.6
M82024,50.41
M82025,49.8
M82026,49.7
M82028,50.18
M82030,50.57
M82031,49.26
M82032,49.41
M82033,50.28
M82034,50.8
M82035,49.79
M82038,50.63
M82039,48.32
M82040,50.3
M82041,49.7
M82042,49.64
M82043,50.49
M82044,51.74
M82046,50.0
M82047,52.17
M82048,50.37
M82051,50.74
M82056,50.72
M82057,46.42
M82058,49.32
M82059,51.27
M82060,52.52
M82601,50.17
M82604,49.28
M82606,49.9
M82616,51.75
M82620,50.2
M83001,50.21
M83004,51.54
M83005,45.77
M83006,50.98
M83007,49.24
M83009,50.64
M83010,48.87
M83011,51.29
M83012,49.98
M83013,50.76
M83014,50.36
M83015,51.07
M83016,50.36
M83017,50.27
M83018,51.06
M83020,50.29
M83021,49.89
M83022,50.95
M83023,49.94
M83024,49.46
M83025,47.85
M83026,49.88
M83027,50.54
M83028,49.52
M83030,50.83
M83031,51.52
M83032,50.01
M83033,48.67
M83034,50.47
M83035,51.38
M83036,50.63
M83037,50.41
M83038,51.13
M83042,51.11
M83044,49.77
M83045,51.05
M83046,51.05
M83047,47.99
M83048,50.07
M83049,50.37
M83050,48.59
M83051,49.7
M83052,48.67
M83054,50.28
M83056,50.8
M83057,50.3
M83059,50.15
M83061,50.49
M83062,50.33
M83063,50.91
M83065,50.38
M83066,50.76
M83067,47.72
M83068,49.53
M83069,50.61
M83070,48.49
M83071,50.38
M83072,49.35
M83073,49.01
M83074,48.87
M83075,44.24
M83076,41.84
M83079,50.87
M83082,49.06
M83084,50.83
M83088,49.88
M83089,50.04
M83090,46.83
M83092,50.85
M83093,50.94
M83094,50.59
M83096,48.92
M83097,51.93
M83100,50.62
M83102,50.59
M83103,50.43
M83107,50.01
M83108,50.95
M83109,51.02
M83110,49.36
M83111,47.35
M83113,50.65
M83117,49.36
M83121,50.0
M83122,47.7
M83123,50.03
M83125,49.05
M83126,51.63
M83127,49.42
M83129,50.53
M83130,49.43
M83132,50.18
M83138,49.58
M83139,50.12
M83140,50.23
M83141,51.25
M83143,49.38
M83146,50.69
M83148,50.55
M83601,51.17
M83608,49.86
M83616,48.66
M83617,51.03
M83619,48.05
M83623,41.9
M83624,48.49
M83625,47.89
M83627,46.41
M83632,50.9
M83637,50.09
M83638,52.36
M83640,48.59
M83641,49.65
M83650,49.99
M83661,48.65
M83668,52.06
M83670,51.73
M83680,52.43
M83681,45.07
M83682,46.57
M83691,47.48
M83693,50.1
M83697,49.0
M83698,49.89
M83700,44.22
M83701,51.22
M83703,50.59
M83705,48.71
M83706,49.5
M83709,50.01
M83711,52.27
M83713,49.61
M83715,51.17
M83717,50.07
M83718,48.45
M83719,49.11
M83723,50.14
M83725,49.54
M83727,49.08
M83738,51.13
M84001,50.49
M84002,50.55
M84003,50.02
M84004,48.78
M84005,49.02
M84006,50.18
M84007,50.68
M84008,50.36
M84009,49.04
M84010,49.08
M84011,50.49
M84012,50.5
M84013,50.44
M84014,49.35
M84015,46.93
M84016,49.14
M84017,50.19
M84018,50.38
M84019,50.09
M84020,49.64
M84021,50.68
M84022,49.85
M84023,48.38
M84024,51.6
M84025,50.89
M84026,50.48
M84028,48.95
M84029,50.1
M84030,50.85
M84031,50.59
M84032,45.67
M84034,49.1
M84035,49.43
M84036,50.2
M84037,50.7
M84040,47.67
M84041,47.43
M84042,50.54
M84043,50.09
M84044,50.08
M84046,51.01
M84047,49.65
M84049,50.77
M84050,50.02
M84051,50.83
M84055,48.75
M84059,45.2
M84060,51.26
M84061,51.45
M84062,49.81
M84063,50.41
M84064,50.16
M84065,46.49
M84066,50.37
M84067,51.03
M84069,49.78
M84070,50.33
M84609,49.04
M84612,48.22
M84615,51.04
M84616,50.1
M84618,50.46
M84620,49.62
M84621,49.63
M84627,49.93
M84629,51.37
M85001,51.14
M85002,44.5
M85005,46.6
M85006,50.37
M85007,51.63
M85008,49.18
M85009,48.99
M85011,50.86
M85013,48.48
M85014,48.15
M85016,48.53
M85018,51.41
M85019,50.68
M85020,48.56
M85021,44.92
M85023,51.46
M85024,47.04
M85025,46.5
M85026,50.91
M85027,50.66
M85028,50.5
M85029,50.79
M85030,50.68
M85031,50.98
M85033,50.88
M85034,49.63
M85035,51.7
M85037,51.05
M85041,53.89
M85042,46.54
M85043,50.42
M85046,50.99
M85047,51.83
M85048,51.0
M85051,46.53
M85053,49.32
M85055,47.93
M85056,47.94
M85058,50.83
M85060,51.05
M85061,50.4
M85062,51.23
M85063,48.57
M85065,51.18
M85066,49.59
M85069,47.35
M85070,49.39
M85071,50.43
M85074,49.13
M85076,51.63
M85077,51.35
M85078,45.4
M85079,51.82
M85081,50.39
M85082,41.64
M85084,48.0
M85086,51.27
M85087,51.4
M85088,47.34
M85092,45.44
M85094,43.32
M85097,47.75
M85098,45.28
M85105,50.62
M85107,50.49
M85108,48.26
M85110,47.11
M85113,49.9
M85115,46.5
M85116,48.97
M85117,52.01
M85118,48.04
M85123,46.02
M85124,46.59
M85128,47.74
M85134,48.18
M85136,49.53
M85139,47.12
M85141,53.61
M85142,50.1
M85143,51.15
M85145,49.77
M85146,44.07
M85149,46.09
M85153,45.45
M85154,48.09
M85155,50.85
M85156,49.83
M85158,49.56
M85164,44.46
M85167,42.09
M85170,44.06
M85171,49.15
M85172,51.32
M85174,44.92
M85175,50.8
M85176,47.21
M85177,50.14
M85178,44.42
M85179,52.01
M85600,50.99
M85624,49.17
M85634,45.32
M85642,48.59
M85669,46.73
M85670,44.29
M85671,43.76
M85676,46.48
M85679,48.03
M85680,40.44
M85684,39.41
M85686,50.5
M85693,48.04
M85694,48.69
M85697,47.38
M85699,43.53
M85701,46.47
M85706,48.32
M85711,47.27
M85713,48.73
M85715,48.58
M85716,45.11
M85717,52.43
M85721,38.19
M85722,47.46
M85730,48.97
M85732,47.51
M85733,50.82
M85735,46.82
M85736,45.72
M85739,43.3
M85746,50.21
M85749,47.15
M85753,49.22
M85756,42.93
M85757,47.35
M85759,50.24
M85766,45.3
M85770,47.39
M85774,50.83
M85778,49.78
M85779,50.63
M85781,46.65
M85782,51.05
M85783,46.63
M85792,50.14
M85794,46.99
M85797,49.64
M85801,42.73
M85803,45.14
M86001,49.06
M86002,48.51
M86003,48.73
M86004,50.34
M86005,45.97
M86006,48.02
M86007,49.63
M86008,49.95
M86009,44.69
M86010,49.77
M86012,48.08
M86014,51.35
M86015,49.47
M86016,47.52
M86017,49.37
M86018,50.44
M86019,47.56
M86020,50.45
M86021,50.71
M86027,50.55
M86028,44.0
M86029,50.47
M86030,49.02
M86032,48.72
M86033,52.19
M86034,50.85
M86035,49.91
M86037,47.97
M86038,49.41
M86039,50.43
M86040,49.82
M86041,47.37
M86044,44.97
M86045,48.3
M86046,49.44
M86048,50.11
M86605,50.82
M86610,45.53
M86612,41.14
M86617,47.72
M86622,48.92
M86624,48.65
M86627,45.96
M86633,47.81
M86638,49.38
M87001,49.47
M87003,51.93
M87005,51.08
M87006,52.24
M87007,51.05
M87008,50.57
M87009,51.1
M87010,47.59
M87011,50.01
M87012,50.39
M87013,49.31
M87014,51.89
M87015,50.93
M87016,49.75
M87017,48.11
M87018,52.32
M87019,48.91
M87020,51.5
M87021,50.02
M87023,51.11
M87024,50.83
M87025,49.18
M87026,48.0
M87027,49.78
M87028,50.76
M87030,48.14
M87034,50.12
M87036,48.54
M87037,50.57
M87041,50.99
M87601,49.22
M87602,51.99
M87605,48.57
M87612,48.62
M87617,49.15
M87618,48.88
M87620,49.41
M87621,49.12
M87623,46.54
M87628,47.64
M87638,48.42
M88001,51.1
M88002,48.39
M88003,50.79
M88004,50.19
M88006,49.37
M88007,49.89
M88008,49.74
M88009,50.08
M88010,51.02
M88013,50.39
M88014,47.37
M88015,52.08
M88016,48.13
M88018,50.02
M88019,44.93
M88020,49.85
M88021,50.77
M88022,49.6
M88023,49.33
M88026,49.67
M88030,50.43
M88031,50.2
M88035,50.67
M88038,50.63
M88040,42.82
M88041,47.36
M88042,50.07
M88043,51.16
M88044,40.4
M88600,49.88
M88610,46.24
M88612,49.32
M88616,47.7
M88618,47.65
M88619,51.45
M88620,49.15
M88625,48.76
M88626,46.06
M88627,48.53
M88628,45.52
M88630,49.54
M88633,46.95
M88635,48.21
M88639,47.11
M88640,50.59
M88643,50.71
M88645,50.77
M88646,48.17
M88647,45.74
M89001,49.13
M89002,50.8
M89003,50.77
M89005,50.29
M89007,49.44
M89008,50.64
M89009,50.95
M89010,50.37
M89012,50.27
M89013,50.21
M89015,50.75
M89016,50.34
M89017,50.64
M89019,50.94
M89021,50.06
M89024,50.03
M89026,51.87
M89027,51.97
M89030,51.79
M89602,48.86
M89608,49.46
M91003,51.06
M91004,49.96
M91006,49.39
M91007,50.5
M91008,49.25
M91009,49.47
M91010,51.24
M91011,50.21
M91013,48.2
M91014,45.26
M91015,51.17
M91016,50.37
M91017,51.75
M91018,48.8
M91019,50.86
M91020,50.78
M91021,49.7
M91024,49.86
M91026,51.07
M91028,51.58
M91029,51.25
M91032,51.86
M91033,51.68
M91034,51.43
M91036,48.93
M91602,47.93
M91609,49.34
M91611,48.8
M91612,50.88
M91613,47.72
M91614,50.73
M91616,47.73
M91619,51.55
M91621,47.01
M91623,49.13
M91624,51.02
M91626,52.57
M91628,46.95
M91629,50.37
M91637,50.79
M91639,47.48
M91640,50.86
M91641,49.62
M91642,48.35
M91647,50.55
M91650,51.04
M91654,49.62
M91659,47.76
M91660,49.65
M92001,46.7
M92002,51.13
M92004,48.18
M92006,49.65
M92007,48.76
M92008,50.79
M92009,51.5
M92010,50.5
M92011,50.65
M92012,49.11
M92013,48.54
M92014,48.13
M92015,46.95
M92016,47.38
M92019,49.57
M92022,52.04
M92026,50.0
M92028,44.21
M92029,50.81
M92039,50.37
M92040,50.76
M92041,49.08
M92042,47.21
M92043,50.91
M92044,53.83
M92607,47.54
M92609,51.27
M92612,49.11
M92627,50.45
M92629,50.73
M92630,51.21
M92640,51.47
M92649,50.42
M92654,49.13
N81001,49.87
N81002,50.32
N81005,51.01
N81006,50.48
N81007,48.83
N81008,51.49
N81009,50.82
N81010,51.62
N81011,50.42
N81012,50.27
N81013,50.31
N81014,51.03
N81016,48.26
N81018,51.55
N81019,49.53
N81020,50.92
N81022,50.83
N81024,49.71
N81025,49.97
N81027,50.6
N81028,48.46
N81029,49.4
N81030,50.13
N81031,50.63
N81032,50.75
N81033,51.45
N81034,49.82
N81035,50.62
N81036,50.23
N81037,50.88
N81038,50.93
N81039,50.51
N81040,49.14
N81041,49.64
N81043,49.65
N81044,49.44
N81045,49.33
N81046,49.6
N81047,50.94
N81048,49.93
N81049,51.56
N81050,50.3
N81051,49.7
N81052,50.83
N81053,49.47
N81054,50.19
N81055,49.5
N81056,49.47
N81057,50.55
N81059,51.43
N81060,51.23
N81061,50.23
N81062,50.37
N81063,51.01
N81064,48.63
N81065,49.79
N81066,48.41
N81067,50.02
N81068,48.62
N81069,50.91
N81070,50.03
N81071,49.84
N81072,49.2
N81074,50.31
N81075,50.75
N81077,50.64
N81079,49.44
N81080,51.18
N81081,50.75
N81082,49.09
N81083,48.05
N81084,50.5
N81085,50.53
N81086,49.41
N81087,50.66
N81088,50.24
N81089,49.68
N81090,50.5
N81092,50.97
N81093,50.28
N81096,51.42
N81097,47.87
N81100,52.12
N81101,51.22
N81102,55.8
N81107,53.56
N81108,51.68
N81109,49.63
N81111,50.47
N81113,49.41
N81114,49.09
N81115,50.71
N81117,49.89
N81118,49.34
N81119,49.98
N81120,50.63
N81121,50.32
N81122,50.62
N81123,49.95
N81125,51.17
N81127,51.38
N81607,48.84
N81614,50.64
N81619,49.91
N81623,50.44
N81624,50.49
N81626,49.92
N81628,47.29
N81632,49.15
N81637,44.95
N81642,50.56
N81645,46.8
N81651,49.1
N81655,17.19
N82001,50.94
N82002,51.56
N82003,51.51
N82004,47.86
N82009,51.01
N82011,51.25
N82014,49.76
N82018,51.65
N82019,51.07
N82022,47.27
N82024,51.43
N82026,51.17
N82033,50.22
N82034,49.86
N82035,50.99
N82036,52.0
N82037,51.03
N82039,49.56
N82041,51.89
N82046,48.65
N82048,51.19
N82049,49.24
N82050,47.14
N82052,50.53
N82053,51.24
N82054,44.72
N82058,51.67
N82059,47.33
N82062,49.74
N82065,46.13
N82066,51.32
N82067,43.48
N82070,50.17
N82073,50.69
N82074,49.47
N82076,46.51
N82077,49.54
N82078,49.75
N82079,47.05
N82081,48.78
N82082,47.42
N82083,52.62
N82084,51.81
N82086,52.16
N82087,47.9
N82089,46.68
N82090,49.96
N82091,46.62
N82092,52.28
N82093,50.13
N82094,52.33
N82095,50.14
N82097,50.11
N82099,47.51
N82101,49.33
N82103,49.01
N82104,49.78
N82106,51.07
N82107,48.41
N82108,52.42
N82109,49.81
N82110,51.35
N82113,45.16
N82115,49.67
N82116,50.64
N82117,47.38
N82617,49.02
N82633,51.55
N82641,46.53
N82645,48.44
N82646,45.43
N82648,45.18
N82650,49.53
N82651,45.26
N82655,49.08
N82662,44.85
N82663,51.73
N82664,49.57
N82668,50.0
N82669,43.71
N82670,45.07
N82671,41.43
N82676,50.0
N82678,49.21
N83001,51.02
N83002,50.18
N83003,48.53
N83005,51.26
N83006,49.08
N83007,46.96
N83008,49.33
N83009,49.86
N83010,50.93
N83012,50.4
N83013,50.98
N83014,52.04
N83015,52.35
N83017,49.16
N83018,51.69
N83019,50.84
N83020,50.95
N83021,50.28
N83023,48.81
N83024,51.14
N83025,48.35
N83026,46.87
N83027,51.44
N83028,49.43
N83030,52.44
N83031,50.54
N83032,51.0
N83033,49.37
N83035,50.65
N83041,49.81
N83043,49.51
N83045,50.52
N83047,51.96
N83049,53.18
N83050,47.51
N83053,51.63
N83054,51.96
N83055,49.51
N83060,49.92
N83601,51.03
N83603,51.01
N83604,47.14
N83605,50.44
N83608,49.25
N83609,50.56
N83610,51.85
N83614,50.97
N83619,51.36
N83620,47.81
N83621,50.24
N83622,45.89
N83624,47.76
N83628,49.8
N83633,52.51
N83635,51.31
N83637,49.25
N84001,51.46
N84002,47.29
N84003,51.41
N84004,53.01
N84005,51.86
N84006,51.21
N84007,49.68
N84008,51.33
N84010,49.99
N84011,49.5
N84012,51.92
N84013,49.39
N84014,50.64
N84015,51.42
N84016,50.86
N84017,51.07
N84018,51.42
N84019,47.39
N84020,51.47
N84021,47.82
N84023,50.15
N84024,52.71
N84025,52.73
N84026,49.33
N84027,49.68
N84028,49.31
N84029,51.82
N84034,48.91
N84035,51.38
N84037,51.22
N84038,48.96
N84041,51.49
N84043,49.47
N84605,50.81
N84611,52.97
N84613,52.06
N84614,53.97
N84615,46.64
N84617,50.99
N84618,53.24
N84621,51.55
N84624,46.34
N84625,51.02
N84626,51.09
N84627,48.73
N84630,48.36
N85002,51.8
N85003,51.22
N85005,51.01
N85006,52.1
N85007,51.77
N85008,51.31
N85009,51.31
N85012,51.09
N85013,52.03
N85014,50.08
N85015,50.0
N85016,49.33
N85017,49.39
N85018,51.77
N85019,47.44
N85020,50.5
N85021,43.2
N85022,47.28
N85023,51.25
N85024,49.63
N85025,50.88
N85027,50.43
N85028,52.02
N85031,45.77
N85032,51.74
N85037,49.59
N85038,47.92
N85040,50.2
N85044,51.74
N85046,51.97
N85047,50.81
N85048,50.5
N85051,50.11
N85052,51.66
N85054,51.28
N85057,46.35
N85059,51.53
N85616,49.54
N85617,52.24
N85620,50.24
N85625,49.72
N85629,46.62
N85633,52.99
N85634,46.68
N85640,50.38
N85643,50.22
N85648,49.25
P81002,49.04
P81003,50.29
P81004,46.83
P81005,49.15
P81006,50.56
P81008,50.54
P81010,50.87
P81013,50.55
P81014,51.19
P81015,51.1
P81016,48.17
P81017,49.97
P81018,51.36
P81020,49.48
P81022,49.05
P81025,50.64
P81027,50.38
P81029,51.22
P81031,47.96
P81032,51.62
P81033,49.98
P81035,46.34
P81036,50.62
P81037,52.01
P81038,49.79
P81039,50.05
P81040,50.8
P81041,50.66
P81042,47.52
P81043,45.13
P81044,50.76
P81045,50.57
P81046,46.52
P81047,49.64
P81051,50.3
P81053,49.91
P81054,50.15
P81055,50.44
P81057,50.69
P81058,49.76
P81059,50.2
P81061,48.97
P81062,50.63
P81063,45.29
P81065,50.03
P81066,50.45
P81067,51.06
P81069,50.51
P81070,51.07
P81071,50.21
P81072,51.32
P81073,51.91
P81074,50.75
P81076,50.44
P81077,52.17
P81078,49.66
P81079,51.55
P81081,50.93
P81082,50.57
P81083,50.24
P81084,50.33
P81086,50.7
P81087,50.38
P81088,49.64
P81089,49.95
P81092,51.15
P81095,50.33
P81096,51.55
P81099,51.02
P81100,50.31
P81103,51.67
P81107,50.75
P81112,51.72
P81113,51.05
P81115,47.85
P81117,50.42
P81118,50.11
P81119,48.88
P81123,48.04
P81125,50.18
P81127,49.71
P81128,49.81
P81129,51.37
P81130,50.28
P81132,49.93
P81133,51.69
P81136,50.13
P81137,51.53
P81138,48.09
P81140,49.16
P81143,50.14
P81147,48.09
P81149,51.41
P81150,50.89
P81154,51.6
P81155,49.88
P81157,51.37
P81159,49.01
P81160,48.48
P81165,48.77
P81166,47.48
P81167,49.98
P81169,48.15
P81170,48.48
P81171,50.48
P81172,51.37
P81179,50.69
P81180,48.66
P81181,50.28
P81182,48.1
P81184,50.09
P81185,50.55
P81186,50.66
P81191,51.56
P81196,47.92
P81197,50.26
P81201,48.68
P81204,49.33
P81208,50.29
P81212,48.64
P81213,48.86
P81214,48.95
P81218,50.46
P81620,48.24
P81622,48.22
P81633,46.91
P81646,50.45
P81647,46.53
P81655,50.7
P81664,48.95
P81668,46.64
P81674,51.23
P81681,49.65
P81683,46.68
P81685,44.89
P81686,46.32
P81687,53.36
P81692,48.13
P81694,44.84
P81695,50.24
P81699,48.92
P81701,49.15
P81704,48.92
P81707,49.25
P81709,51.08
P81710,50.13
P81711,47.98
P81714,49.06
P81721,46.9
P81724,47.2
P81726,50.03
P81730,50.95
P81731,45.43
P81732,51.37
P81734,50.06
P81735,48.04
P81736,49.28
P81737,49.47
P81738,44.08
P81740,47.47
P81741,48.41
P81742,50.7
P81748,51.16
P81755,50.14
P81757,47.84
P81770,44.55
P81771,47.56
P81780,45.91
P82001,51.41
P82002,47.45
P82003,50.28
P82004,50.11
P82005,50.8
P82006,50.26
P82007,50.32
P82008,51.16
P82009,50.37
P82010,49.34
P82011,50.42
P82012,46.97
P82013,47.15
P82014,49.04
P82015,50.63
P82016,50.43
P82018,50.56
P82020,48.25
P82021,51.51
P82022,49.84
P82023,50.68
P82025,49.36
P82029,47.7
P82030,45.01
P82031,51.5
P82033,40.55
P82034,49.61
P82036,47.91
P82037,48.73
P82607,50.43
P82609,48.25
P82613,50.17
P82616,48.54
P82624,45.22
P82625,47.43
P82626,48.06
P82627,49.37
P82629,46.99
P82633,49.72
P82634,47.54
P82640,45.73
P82643,51.53
P82652,49.27
P82660,47.95
P83001,51.4
P83004,50.25
P83005,49.19
P83006,50.22
P83007,50.36
P83009,50.23
P83010,47.91
P83011,51.24
P83012,51.44
P83015,49.99
P83017,48.06
P83020,50.2
P83021,49.37
P83024,48.24
P83025,48.46
P83027,47.03
P83603,50.34
P83605,50.49
P83608,50.12
P83609,50.37
P83611,44.47
P83612,51.95
P83620,49.19
P83621,47.02
P83623,48.75
P84004,47.41
P84005,52.28
P84009,45.25
P84010,47.91
P84012,48.28
P84014,49.83
P84016,48.34
P84017,50.32
P84018,45.75
P84019,50.28
P84020,48.42
P84021,51.62
P84022,51.21
P84023,45.14
P84024,49.51
P84025,48.38
P84026,41.65
P84027,47.23
P84028,49.6
P84029,50.61
P84030,47.03
P84032,48.28
P84033,48.06
P84034,49.48
P84035,48.87
P84037,46.91
P84038,51.16
P84039,44.63
P84040,49.21
P84041,47.55
P84042,50.28
P84043,49.52
P84045,47.68
P84046,44.8
P84047,49.25
P84048,49.96
P84049,51.86
P84050,49.8
P84051,49.01
P84052,48.24
P84053,45.58
P84054,47.24
P84056,49.93
P84059,49.91
P84061,51.8
P84064,45.85
P84065,49.01
P84066,48.22
P84067,51.43
P84068,50.1
P84070,50.57
P84071,51.76
P84072,44.84
P84074,46.25
P84605,45.48
P84611,48.18
P84616,46.81
P84626,46.9
P84630,48.6
P84635,49.07
P84637,49.98
P84639,48.1
P84640,43.99
P84644,45.82
P84645,48.91
P84650,50.42
P84651,50.82
P84652,48.41
P84663,49.55
P84665,41.84
P84669,47.03
P84672,49.79
P84673,44.5
P84678,49.94
P84679,47.81
P84683,39.84
P84684,46.66
P84689,43.55
P84690,47.83
P85001,40.17
P85002,49.71
P85003,48.33
P85004,49.64
P85005,51.57
P85007,48.93
P85008,50.65
P85010,51.41
P85011,50.53
P85012,48.32
P85013,50.89
P85014,49.78
P85015,51.18
P85016,50.82
P85017,50.73
P85018,44.81
P85019,50.54
P85020,49.66
P85021,49.97
P85022,49.05
P85026,51.94
P85028,49.58
P85601,48.96
P85602,49.21
P85605,47.78
P85606,51.08
P85607,49.27
P85608,51.72
P85610,48.56
P85612,45.59
P85614,50.78
P85615,49.3
P85620,50.3
P85621,48.97
P85622,48.11
P86001,49.79
P86002,44.39
P86003,50.95
P86004,50.26
P86005,48.09
P86006,49.1
P86007,49.53
P86008,50.95
P86009,50.98
P86010,50.58
P86011,49.5
P86012,49.7
P86013,49.23
P86014,46.56
P86015,47.66
P86016,48.94
P86017,47.31
P86018,50.65
P86019,49.79
P86021,50.16
P86022,50.79
P86023,51.35
P86026,51.46
P86602,50.48
P86606,48.48
P86608,48.2
P86609,47.41
P86614,46.5
P86619,46.49
P86620,50.08
P86624,50.43
P87002,49.98
P87004,47.17
P87008,50.5
P87015,47.58
P87016,50.75
P87017,52.33
P87019,49.71
P87020,49.75
P87022,44.69
P87024,49.67
P87025,51.21
P87026,46.99
P87027,45.68
P87028,51.9
P87032,50.35
P87035,46.13
P87040,48.52
P87610,50.54
P87613,49.92
P87618,46.88
P87620,48.64
P87624,52.0
P87625,50.04
P87627,51.42
P87630,51.13
P87634,46.37
P87639,46.21
P87648,51.09
P87649,49.21
P87651,47.9
P87654,46.58
P87657,50.42
P87658,48.53
P87661,49.02
P88002,50.88
P88003,49.89
P88005,50.35
P88006,51.38
P88007,50.7
P88008,51.24
P88009,46.95
P88011,48.46
P88012,50.5
P88013,49.98
P88014,50.97
P88015,51.23
P88016,50.46
P88017,50.48
P88018,51.26
P88019,52.5
P88020,51.51
P88021,50.22
P88023,49.92
P88024,51.33
P88025,49.84
P88026,49.95
P88031,51.86
P88034,49.7
P88041,51.95
P88042,50.88
P88043,49.75
P88044,48.07
P88606,52.41
P88607,51.94
P88610,49.51
P88615,44.29
P88623,50.37
P88625,50.64
P88632,50.25
P89002,51.74
P89003,50.26
P89004,49.35
P89005,50.75
P89006,50.86
P89007,49.36
P89008,49.59
P89010,51.03
P89011,50.68
P89012,50.62
P89013,49.04
P89014,50.49
P89015,51.02
P89016,49.67
P89018,50.42
P89020,46.99
P89021,51.52
P89022,47.08
P89023,48.53
P89025,48.71
P89026,49.79
P89029,50.08
P89030,45.02
P89602,49.98
P89609,48.97
P89612,49.8
P89613,49.24
P89618,50.09
P91003,50.86
P91004,50.92
P91006,50.98
P91007,49.52
P91008,50.99
P91009,51.08
P91011,49.97
P91012,52.02
P91013,51.29
P91014,50.28
P91016,51.07
P91017,50.3
P91018,49.86
P91019,49.96
P91020,46.49
P91021,49.91
P91026,51.1
P91029,50.41
P91032,33.33
P91035,50.34
P91603,49.1
P91604,50.78
P91617,48.51
P91619,45.96
P91623,52.36
P91625,48.9
P91627,52.06
P91629,48.41
P91631,49.86
P91633,51.6
P92001,50.04
P92002,50.57
P92003,49.97
P92004,49.61
P92005,50.61
P92006,49.17
P92007,50.47
P92008,50.25
P92010,50.29
P92011,49.25
P92012,49.52
P92014,50.79
P92015,49.68
P92016,50.42
P92017,50.82
P92019,49.11
P92020,48.22
P92021,50.21
P92023,50.9
P92024,49.01
P92026,49.18
P92028,51.56
P92029,49.31
P92030,47.82
P92031,48.28
P92033,47.63
P92034,50.86
P92035,48.65
P92038,49.27
P92041,49.57
P92042,49.83
P92602,46.72
P92605,49.86
P92607,50.23
P92615,50.08
P92616,50.04
P92620,48.7
P92621,47.38
P92626,50.25
P92630,46.14
P92633,50.58
P92634,46.24
P92635,47.58
P92637,50.93
P92639,48.57
P92642,51.7
P92646,51.21
P92647,50.49
P92648,50.47
P92651,48.52
P92653,50.38
Y00020,48.14
Y00026,46.95
Y00033,49.5
Y00049,10.0
Y00050,48.12
Y00054,24.68
Y00056,15.51
Y00057,49.24
Y00058,46.25
Y00060,22.38
Y00078,49.85
Y00080,50.75
Y00081,9.76
Y00090,47.61
Y00110,51.11
Y00137,50.36
Y00140,48.54
Y00155,48.17
Y00159,50.2
Y00182,34.11
Y00184,40.38
Y00185,50.24
Y00186,43.36
Y00200,50.55
Y00206,48.85
Y00212,48.94
Y00228,49.65
Y00230,0.0
Y00252,49.5
Y00260,52.34
Y00265,47.61
Y00278,49.09
Y00286,53.07
Y00293,50.4
Y00297,51.39
Y00312,52.97
Y00316,51.28
Y00328,45.52
Y00344,27.94
Y00347,48.63
Y00351,49.35
Y00352,48.42
Y00372,7.14
Y00399,48.81
Y00400,0.0
Y00403,49.81
Y00411,49.88
Y00412,45.59
Y00437,50.6
Y00445,46.73
Y00446,50.42
Y00449,49.6
Y00469,51.24
Y00471,43.02
Y00475,50.35
Y00486,49.22
Y00492,47.09
Y00507,53.05
Y00522,51.21
Y00542,51.44
Y00560,52.15
Y00561,51.43
Y00568,48.63
Y00572,0.0
Y00589,49.88
Y00612,50.02
Y00726,50.55
Y00758,49.29
Y00774,48.68
Y00848,7.69
Y00902,47.66
Y00912,44.34
Y00918,48.81
Y00969,51.4
Y00996,30.49
Y00999,49.62
Y01008,50.42
Y01011,51.48
Y01050,53.69
Y01051,49.72
Y01057,14.03
Y01066,52.41
Y01068,48.11
Y01090,44.57
Y01108,48.95
Y01118,47.54
Y01124,47.93
Y01127,52.91
Y01132,47.61
Y01139,49.35
Y01163,50.59
Y01165,52.68
Y01206,50.13
Y01221,44.66
Y01262,8.33
Y01280,44.66
Y01281,49.52
Y01291,51.65
Y01652,50.68
Y01655,51.44
Y01690,49.01
Y01695,45.88
Y01719,51.16
Y01756,49.01
Y01794,49.78
Y01795,50.53
Y01812,50.75
Y01839,51.17
Y01845,0.0
Y01922,51.86
Y01924,31.11
Y01929,49.67
Y01948,39.43
Y01964,51.89
Y02002,44.44
Y02045,0.0
Y02117,49.97
Y02157,0.0
Y02177,50.42
Y02212,48.54
Y02222,53.53
Y02260,47.24
Y02274,48.28
Y02319,43.99
Y02321,50.17
Y02322,49.52
Y02325,51.13
Y02332,45.09
Y02342,41.15
Y02344,49.4
Y02354,49.94
Y02378,50.45
Y02414,50.12
Y02423,49.2
Y02442,45.29
Y02463,49.85
Y02466,50.82
Y02469,49.61
Y02476,45.13
Y02494,44.71
Y02495,32.68
Y02506,49.07
Y02509,32.43
Y02510,52.32
Y02517,50.37
Y02519,48.34
Y02520,52.12
Y02521,51.21
Y02526,45.89
Y02567,52.08
Y02571,51.78
Y02572,49.23
Y02575,48.56
Y02578,47.3
Y02586,48.89
Y02589,51.86
Y02594,52.29
Y02605,51.63
Y02606,49.92
Y02611,52.5
Y02622,46.03
Y02625,65.97
Y02626,49.45
Y02627,50.29
Y02633,49.92
Y02636,46.73
Y02639,49.62
Y02645,14.29
Y02646,51.11
Y02653,50.63
Y02656,49.57
Y02657,51.28
Y02658,52.26
Y02663,52.96
Y02669,46.85
Y02671,45.91
Y02672,47.48
Y02674,17.43
Y02676,50.07
Y02684,44.75
Y02686,45.14
Y02692,43.68
Y02701,49.32
Y02707,51.76
Y02713,50.64
Y02718,51.67
Y02720,49.98
Y02721,51.43
Y02736,50.94
Y02747,51.47
Y02751,46.58
Y02753,51.57
Y02755,48.34
Y02757,50.48
Y02767,50.18
Y02769,49.96
Y02787,46.14
Y02790,49.04
Y02794,49.13
Y02795,51.28
Y02807,49.65
Y02811,52.55
Y02816,43.1
Y02827,47.92
Y02842,49.25
Y02847,43.05
Y02849,48.79
Y02867,45.24
Y02873,42.31
Y02875,48.74
Y02885,48.64
Y02886,50.45
Y02890,48.74
Y02893,49.42
Y02900,50.51
Y02906,52.52
Y02928,50.41
Y02933,51.87
Y02936,50.45
Y02946,49.27
Y02960,43.9
Y02962,46.83
Y02973,50.21
Y02974,50.54
Y02986,49.47
Y02987,47.17
Y03023,49.24
Y03035,50.51
Y03049,48.45
Y03052,50.16
Y03063,47.53
Y03079,49.68
Y03103,22.56
Y03124,52.9
Y03135,45.48
Y03222,49.33
Y03296,48.18
Y03303,14.71
Y03366,48.78
Y03402,49.2
Y03441,50.82
Y03528,0.0
Y03584,17.07
Y03587,42.34
Y03595,48.95
Y03597,51.19
Y03602,50.96
Y03656,52.23
Y03663,50.32
Y03664,48.13
Y03671,50.01
Y03755,51.07
Y04225,56.9
Y04266,48.65
Y04273,50.31
Y04543,25.0
Y04662,51.8
Y04664,50.86
Y04809,51.79
Y04882,47.02
Y04883,21.72
Y04884,50.03
Y04925,51.05
Y04942,52.03
Y04947,48.35
Y04951,46.33
Y04952,49.11
Y04957,50.53
Y04965,48.14
Y04968,48.58
Y04969,50.45
Y04977,48.66
Y04995,49.3
Y05023,51.13
Y05080,44.67
Y05167,43.11
Y05180,9.26
Y05212,49.56
Y05248,49.53
Y05286,51.44
Y05291,52.21
Y05317,51.27
Y05318,51.02
Y05330,53.1
Y05346,51.16
Y05349,44.38
Y05363,50.71
Y05364,51.79
Y05369,51.04
Y05412,0.0
Y05622,53.39
Y05690,52.24
Y05733,49.48
Y05750,30.08
Y05788,8.49
Y05826,46.5
Y05857,42.54
Y06007,52.55
Y06095,25.0
Y06113,64.53
Y06218,49.02
Y06275,46.15
Y06345,72.36
Y06356,50.04
Y06378,45.89
Y06389,23.81
Y06443,50.74
Y06487,48.19
Y06499,15.98
Y06507,50.66
Y06545,20.35
Y06592,24.22
Y06659,49.77
Y06792,51.47
Y06810,52.05
