A81001,75.941
A81002,71.142
A81004,11.639
A81005,31.183
A81006,71.142
A81007,66.571
A81009,56.451
A81011,66.571
A81012,73.511
A81013,16.925
A81014,38.561
A81016,50.844
A81017,60.939
A81018,70.522
A81019,68.402
A81020,53.565
A81021,62.43
A81022,43.374
A81023,48.84
A81025,75.941
A81026,56.451
A81027,5.236
A81029,48.84
A81030,70.851
A81031,66.571
A81032,31.183
A81034,60.939
A81035,70.851
A81036,15.039
A81037,48.84
A81038,73.511
A81039,13.021
A81040,28.613
A81041,43.049
A81042,62.43
A81043,12.615
A81044,48.578
A81045,38.576
A81046,75.941
A81048,22.99
A81049,73.511
A81051,13.027
A81052,70.522
A81053,36.373
A81054,38.576
A81056,33.671
A81057,38.561
A81058,11.077
A81060,66.571
A81063,45.778
A81064,48.84
A81065,62.43
A81066,19.796
A81067,71.142
A81070,72.03
A81602,28.613
A81608,29.606
A81610,28.613
A81611,11.077
A81612,18.508
A81618,18.093
A81621,74.736
A81622,66.571
A81629,71.142
A81630,43.856
A81631,60.109
A81633,70.851
A81634,55.909
A82003,10.42
A82004,19.127
A82005,10.85
A82006,19.216
A82007,64.948
A82008,22.641
A82009,36.138
A82010,75.081
A82012,20.943
A82013,21.556
A82014,17.336
A82015,33.953
A82016,33.953
A82018,33.953
A82019,41.998
A82020,33.606
A82021,7.289
A82022,13.057
A82023,36.102
A82024,8.381
A82025,19.649
A82026,10.617
A82027,11.049
A82028,12.988
A82029,19.725
A82030,10.425
A82031,13.977
A82032,22.403
A82033,35.272
A82034,11.637
A82035,24.942
A82036,24.942
A82037,27.429
A82038,14.829
A82039,18.128
A82041,22.339
A82044,30.341
A82045,24.589
A82046,8.09
A82047,51.733
A82048,33.265
A82049,47.713
A82050,51.733
A82053,8.806
A82055,18.328
A82058,59.64
A82062,75.081
A82064,26.186
A82065,8.806
A82068,10.42
A82070,12.738
A82071,20.618
A82072,75.081
A82075,59.64
A82077,38.878
A82608,14.865
A82613,13.778
A82617,17.478
A82620,18.254
A82621,16.381
A82623,51.733
A82629,60.944
A82631,16.79
A82646,42.673
A82647,7.092
A82650,18.083
A82651,9.703
A82654,33.953
A83001,37.665
A83003,61.39
A83005,15.842
A83006,22.238
A83007,61.925
A83008,39.411
A83009,9.152
A83010,13.052
A83011,8.655
A83012,62.968
A83013,29.372
A83014,3.98
A83015,24.464
A83016,23.957
A83018,20.497
A83020,33.522
A83021,34.642
A83022,16.647
A83023,23.957
A83024,17.858
A83025,33.112
A83026,25.764
A83027,13.645
A83028,9.771
A83029,15.99
A83030,34.314
A83031,6.935
A83032,30.961
A83033,38.896
A83034,29.338
A83035,20.914
A83036,21.957
A83037,27.129
A83038,23.696
A83040,37.366
A83041,31.385
A83043,20.93
A83044,64.313
A83045,28.764
A83046,24.712
A83047,64.591
A83048,4.39
A83049,17.394
A83050,14.137
A83051,42.372
A83052,37.665
A83054,16.278
A83055,3.98
A83057,42.161
A83060,18.514
A83061,11.723
A83066,47.555
A83070,11.987
A83071,36.436
A83072,19.247
A83073,25.806
A83074,36.427
A83075,57.073
A83610,42.161
A83616,55.922
A83617,32.762
A83618,13.85
A83619,29.356
A83622,26.729
A83626,43.089
A83627,34.089
A83630,25.04
A83632,36.799
A83634,38.565
A83635,15.261
A83636,35.219
A83637,34.627
A83641,73.994
A83644,25.806
A84002,18.302
A84003,22.281
A84005,12.422
A84006,15.154
A84007,14.546
A84008,21.969
A84009,62.252
A84011,14.546
A84013,34.301
A84014,62.252
A84015,41.394
A84016,11.865
A84018,6.045
A84020,36.413
A84022,23.721
A84024,4.684
A84025,20.598
A84026,19.56
A84027,15.863
A84028,32.633
A84029,20.8
A84030,20.598
A84031,11.376
A84032,14.019
A84033,4.684
A84034,25.317
A84035,22.84
A84036,19.006
A84037,25.557
A84038,20.598
A84039,11.376
A84040,9.929
A84042,17.072
A84043,11.606
A84044,23.147
A84045,15.669
A84047,9.792
A84604,14.019
A84609,6.853
A84614,22.84
A84619,26.74
A85001,9.899
A85002,50.601
A85003,8.425
A85004,34.269
A85005,30.764
A85006,37.968
A85007,7.586
A85008,25.882
A85009,48.206
A85010,16.964
A85011,48.206
A85012,34.293
A85013,34.293
A85014,9.455
A85016,56.101
A85017,32.819
A85018,42.709
A85019,32.819
A85020,22.807
A85021,50.601
A85023,32.239
A85024,43.006
A85026,26.803
A85611,14.135
A85614,34.293
A85616,42.709
A85617,7.701
A85620,17.011
A86003,15.786
A86004,62.795
A86005,41.947
A86006,3.493
A86007,7.996
A86008,40.465
A86010,12.82
A86011,67.363
A86012,30.515
A86013,49.885
A86016,12.805
A86017,71.679
A86018,4.596
A86020,3.434
A86021,73.512
A86022,9.721
A86023,18.563
A86024,71.356
A86025,25.589
A86026,47.841
A86027,15.786
A86028,5.02
A86029,71.356
A86030,63.175
A86031,44.711
A86033,1.852
A86035,14.537
A86036,5.02
A86037,53.797
A86038,25.153
A86040,79.298
A86041,14.23
A86601,49.012
A87002,12.687
A87003,49.334
A87004,48.543
A87005,20.513
A87006,9.87
A87007,22.648
A87008,9.87
A87009,48.543
A87011,5.529
A87012,17.11
A87013,49.777
A87015,48.543
A87016,15.436
A87017,4.479
A87019,48.543
A87020,8.826
A87022,32.109
A87023,32.109
A87029,15.436
A87030,61.805
A87600,11.756
A87612,4.864
A87615,4.864
A88001,40.062
A88002,47.809
A88003,31.04
A88004,29.084
A88005,29.814
A88006,46.877
A88007,42.311
A88008,69.062
A88009,41.326
A88010,26.901
A88012,45.934
A88013,30.073
A88014,26.14
A88015,69.062
A88016,41.326
A88022,40.062
A88023,17.346
A88025,50.844
A88601,42.311
A88608,9.475
A88613,50.844
A89001,51.152
A89002,43.891
A89004,43.377
A89005,72.638
A89006,31.706
A89007,31.706
A89008,33.999
A89009,30.601
A89010,51.041
A89011,23.515
A89012,16.165
A89013,70.5
A89015,6.679
A89016,38.563
A89017,37.632
A89018,61.279
A89019,61.456
A89020,35.639
A89021,33.227
A89022,51.041
A89023,36.65
A89024,41.531
A89025,16.165
A89026,51.041
A89027,41.531
A89028,18.582
A89030,54.932
A89031,31.706
A89032,23.515
A89034,29.457
A89035,20.229
A89036,34.636
A89040,38.563
A89041,49.063
A89604,61.456
A89614,24.292
A89616,12.08
A89617,8.289
A89623,27.141
B81002,65.025
B81003,37.097
B81004,9.617
B81005,22.078
B81006,75.033
B81007,11.316
B81008,59.111
B81009,6.565
B81010,12.849
B81011,48.742
B81012,77.552
B81013,27.903
B81014,30.99
B81015,29.41
B81016,43.484
B81017,70.567
B81018,67.283
B81020,62.105
B81022,9.777
B81023,43.484
B81024,7.222
B81025,49.856
B81026,7.185
B81027,78.298
B81029,9.31
B81030,30.733
B81031,20.283
B81032,36.728
B81034,3.634
B81035,23.867
B81036,3.527
B81037,17.128
B81038,42.847
B81039,58.703
B81040,67.75
B81041,9.194
B81042,32.916
B81043,6.65
B81045,23.077
B81046,67.283
B81047,57.716
B81048,35.755
B81051,9.848
B81052,32.424
B81054,53.355
B81055,20.083
B81058,78.298
B81060,45.283
B81061,7.905
B81063,31.545
B81064,12.493
B81065,31.249
B81068,6.619
B81069,30.99
B81070,30.99
B81074,59.111
B81075,23.675
B81077,20.283
B81082,2.024
B81085,24.936
B81087,21.756
B81088,14.223
B81090,39.903
B81091,20.283
B81092,14.381
B81095,17.575
B81097,23.312
B81099,12.311
B81100,15.441
B81101,37.527
B81104,16.317
B81108,27.782
B81109,31.545
B81112,65.025
B81113,7.185
B81118,67.405
B81119,65.025
B81603,29.317
B81606,77.552
B81616,65.025
B81617,39.903
B81619,10.982
B81620,35.206
B81628,15.999
B81631,60.23
B81635,30.247
B81642,20.083
B81645,23.312
B81647,26.842
B81648,24.957
B81653,8.896
B81655,8.554
B81656,44.475
B81658,20.348
B81663,27.782
B81664,77.552
B81665,6.233
B81666,4.185
B81675,66.451
B81677,29.317
B81688,65.025
B81697,74.512
B82002,4.494
B82004,10.595
B82005,29.8
B82007,14.33
B82008,19.723
B82010,11.56
B82011,18.739
B82012,3.922
B82013,21.211
B82014,2.672
B82016,15.11
B82017,17.889
B82018,7.075
B82019,9.829
B82020,18.319
B82021,5.701
B82022,7.363
B82023,11.217
B82024,49.535
B82025,17.553
B82026,5.923
B82027,15.11
B82028,7.259
B82029,10.062
B82030,12.632
B82031,19.192
B82032,10.112
B82033,24.932
B82034,17.249
B82035,8.42
B82036,11.56
B82037,37.098
B82038,28.065
B82041,6.777
B82042,19.328
B82044,26.125
B82045,9.207
B82046,25.845
B82047,4.245
B82049,9.275
B82050,10.938
B82053,7.259
B82054,10.895
B82057,11.63
B82059,13.575
B82060,16.055
B82061,15.192
B82062,19.999
B82063,12.779
B82064,8.777
B82066,12.21
B82067,16.055
B82068,12.632
B82069,16.055
B82071,5.87
B82072,17.249
B82073,5.677
B82074,33.097
B82075,4.993
B82077,14.936
B82078,7.293
B82079,14.196
B82080,7.851
B82081,2.84
B82083,11.59
B82086,22.445
B82088,26.641
B82091,15.11
B82097,26.738
B82098,29.782
B82100,28.292
B82101,19.915
B82103,4.732
B82104,9.244
B82105,19.706
B82106,10.895
B82609,15.134
B82619,8.432
B82622,16.783
B82628,28.795
B83002,7.156
B83005,50.874
B83006,14.784
B83008,74.227
B83009,54.41
B83010,23.04
B83012,46.498
B83014,30.58
B83015,45.537
B83016,47.912
B83017,30.293
B83018,16.928
B83019,8.228
B83020,18.481
B83021,56.224
B83022,10.712
B83023,75.65
B83025,63.238
B83026,70.94
B83027,26.843
B83028,27.367
B83029,29.129
B83030,35.219
B83031,2.593
B83032,52.793
B83033,37.382
B83034,32.016
B83035,54.755
B83037,13.764
B83038,28.986
B83039,53.659
B83040,14.151
B83041,36.838
B83042,36.838
B83045,26.304
B83049,65.517
B83051,31.905
B83052,46.498
B83054,43.802
B83055,69.178
B83056,45.552
B83058,52.793
B83061,12.123
B83062,58.621
B83063,15.053
B83064,23.458
B83067,30.58
B83602,42.281
B83604,62.245
B83611,70.94
B83614,62.245
B83617,56.316
B83620,11.33
B83621,54.755
B83622,46.498
B83624,10.319
B83626,45.552
B83627,41.28
B83628,63.301
B83629,45.552
B83641,48.563
B83642,56.316
B83653,63.238
B83657,33.188
B83659,32.016
B83660,63.301
B83661,52.793
B84001,35.623
B84003,31.231
B84004,19.938
B84005,15.295
B84006,26.837
B84007,14.128
B84008,15.676
B84009,24.25
B84010,28.383
B84011,31.231
B84012,37.496
B84013,40.869
B84014,18.54
B84016,40.572
B84019,15.295
B84021,36.647
B84612,51.367
B84613,42.874
B84618,50.422
B84623,21.881
B85001,19.638
B85002,15.063
B85004,55.206
B85005,7.751
B85006,8.396
B85008,57.678
B85009,50.155
B85010,20.261
B85012,35.853
B85014,35.853
B85015,57.678
B85016,51.716
B85018,33.486
B85019,30.19
B85020,55.206
B85021,19.638
B85022,9.393
B85023,7.048
B85024,18.421
B85025,31.539
B85026,4.219
B85027,22.83
B85028,51.672
B85030,19.638
B85031,22.733
B85032,18.301
B85033,21.785
B85036,40.067
B85037,19.424
B85038,10.255
B85041,37.918
B85042,42.493
B85044,51.716
B85048,40.889
B85051,12.972
B85054,23.528
B85055,49.051
B85058,40.333
B85059,25.914
B85060,40.333
B85061,5.555
B85062,27.05
B85606,32.546
B85610,11.272
B85611,58.233
B85612,30.205
B85614,51.672
B85619,35.853
B85620,34.875
B85622,57.678
B85623,20.354
B85634,14.444
B85636,23.71
B85638,20.598
B85640,27.345
B85641,51.716
B85645,24.057
B85646,32.423
B85650,50.155
B85652,40.152
B85655,57.678
B85659,42.493
B85660,24.687
B86001,31.608
B86002,57.256
B86003,63.407
B86004,34.401
B86005,68.158
B86006,13.331
B86007,49.517
B86008,41.818
B86009,17.367
B86010,2.022
B86011,13.362
B86012,57.256
B86013,11.415
B86014,14.273
B86015,34.47
B86016,48.526
B86017,28.918
B86018,28.871
B86019,10.781
B86020,16.026
B86022,39.367
B86023,6.527
B86024,73.67
B86025,40.604
B86028,31.608
B86029,13.64
B86030,15.018
B86031,48.864
B86032,13.64
B86033,14.996
B86034,6.609
B86035,49.625
B86036,8.54
B86038,35.522
B86039,21.148
B86041,44.142
B86042,15.206
B86043,72.732
B86044,44.85
B86048,11.464
B86049,28.918
B86050,15.501
B86051,35.522
B86052,13.602
B86054,48.526
B86055,17.367
B86056,13.3
B86057,31.608
B86058,8.915
B86059,32.732
B86060,73.67
B86061,47.041
B86062,51.35
B86064,34.961
B86066,11.612
B86067,13.852
B86068,31.393
B86069,47.904
B86070,35.522
B86071,15.502
B86074,5.719
B86075,5.507
B86081,66.91
B86086,13.755
B86089,28.136
B86092,27.623
B86093,72.671
B86094,18.457
B86096,57.848
B86100,21.148
B86101,29.452
B86103,54.836
B86104,45.472
B86106,71.544
B86108,54.328
B86109,13.755
B86110,28.223
B86623,65.869
B86625,25.043
B86633,49.625
B86642,49.625
B86643,59.39
B86648,5.507
B86654,12.053
B86655,22.189
B86658,15.992
B86666,21.148
B86667,38.709
B86669,28.104
B86672,15.502
B86673,13.326
B86675,67.767
B86678,15.832
B87001,20.141
B87002,16.6
B87003,12.406
B87004,53.088
B87005,36.602
B87006,29.204
B87007,50.51
B87008,48.647
B87009,37.242
B87011,34.098
B87012,26.129
B87013,31.861
B87015,26.904
B87016,46.597
B87017,53.088
B87018,30.468
B87019,25.917
B87020,35.954
B87021,41.526
B87022,40.459
B87025,36.602
B87026,39.431
B87027,8.378
B87028,18.589
B87030,14.56
B87031,22.986
B87032,37.242
B87033,40.131
B87036,29.204
B87039,20.596
B87040,22.986
B87041,28.135
B87042,60.423
B87044,21.711
B87600,28.135
B87602,14.637
B87604,47.618
C81001,22.309
C81002,17.935
C81003,11.1
C81004,25.022
C81005,10.126
C81006,64.431
C81007,33.189
C81008,31.279
C81009,50.187
C81010,32.122
C81012,38.997
C81013,4.339
C81014,39.782
C81015,23.538
C81016,14.409
C81017,9.654
C81018,13.006
C81020,21.16
C81021,30.992
C81022,16.511
C81023,21.286
C81025,14.882
C81026,22.272
C81027,39.487
C81028,7.567
C81029,23.011
C81030,4.821
C81031,19.34
C81032,21.466
C81033,34.497
C81034,19.178
C81035,44.759
C81036,27.32
C81037,15.895
C81038,5.661
C81039,6.897
C81040,4.214
C81041,25.078
C81042,12.969
C81044,41.649
C81045,22.024
C81046,5.531
C81047,32.491
C81048,7.424
C81049,19.043
C81050,24.13
C81051,17.641
C81052,19.043
C81053,30.461
C81054,16.601
C81055,47.707
C81056,30.273
C81057,3.394
C81058,31.725
C81059,25.022
C81060,16.302
C81061,26.601
C81062,11.98
C81063,15.795
C81064,7.699
C81065,4.454
C81066,7.054
C81067,2.072
C81068,7.284
C81069,19.993
C81070,19.385
C81071,62.942
C81072,38.979
C81073,50.187
C81074,19.231
C81075,9.461
C81076,7.577
C81077,24.696
C81080,10.159
C81081,24.696
C81082,18.463
C81083,21.286
C81084,22.024
C81086,15.895
C81087,30.033
C81089,7.727
C81090,16.511
C81091,13.106
C81092,7.571
C81094,13.444
C81095,16.225
C81096,42.823
C81097,20.57
C81099,30.461
C81101,18.621
C81106,25.522
C81108,10.056
C81110,6.414
C81113,5.958
C81114,5.351
C81115,16.511
C81118,56.431
C81604,28.92
C81611,12.549
C81615,15.116
C81616,48.143
C81634,10.69
C81638,40.567
C81640,8.629
C81642,3.722
C81647,25.535
C81648,6.083
C81649,27.678
C81652,33.652
C81653,14.391
C81655,25.078
C81658,6.048
C81660,18.325
C81661,20.178
C81662,10.933
C82001,3.116
C82002,11.514
C82003,10.567
C82005,32.211
C82007,16.001
C82008,68.224
C82009,13.153
C82010,14.545
C82011,62.516
C82012,25.247
C82013,28.624
C82014,5.698
C82016,4.134
C82017,28.831
C82018,16.122
C82019,37.311
C82020,17.497
C82021,13.26
C82022,9.308
C82024,29.598
C82025,10.135
C82026,24.742
C82027,18.849
C82028,7.98
C82029,31.362
C82030,11.61
C82031,32.863
C82032,7.295
C82033,48.212
C82034,6.082
C82035,62.516
C82037,27.652
C82038,26.304
C82039,14.284
C82040,10.777
C82041,15.487
C82042,17.228
C82043,16.852
C82044,4.887
C82045,23.783
C82046,27.732
C82047,28.443
C82048,24.661
C82050,15.427
C82051,17.99
C82052,6.604
C82053,69.014
C82054,6.756
C82055,6.887
C82056,14.124
C82059,28.277
C82060,34.3
C82061,13.504
C82062,6.907
C82063,22.209
C82064,5.322
C82066,11.238
C82067,9.83
C82068,14.951
C82070,24.742
C82071,28.624
C82072,23.27
C82073,29.161
C82075,28.443
C82076,6.9
C82077,7.601
C82078,17.228
C82079,31.478
C82080,48.735
C82082,28.443
C82084,16.434
C82086,32.511
C82088,16.678
C82091,9.751
C82092,18.684
C82093,9.276
C82094,53.974
C82095,27.626
C82096,12.747
C82097,6.939
C82098,18.376
C82099,31.473
C82100,58.904
C82102,10.444
C82103,8.644
C82105,16.678
C82107,26.729
C82109,10.601
C82111,2.56
C82112,8.585
C82114,28.277
C82116,39.533
C82119,31.102
C82120,6.604
C82121,25.672
C82122,9.691
C82124,18.238
C82600,13.137
C82610,44.581
C82611,10.135
C82614,7.559
C82620,30.173
C82623,12.917
C82624,58.397
C82626,58.904
C82627,9.644
C82628,12.562
C82631,13.399
C82634,7.092
C82639,22.629
C82642,37.575
C82643,26.876
C82644,13.137
C82649,6.817
C82650,10.459
C82651,29.768
C82653,28.277
C82656,15.899
C82659,48.735
C82660,48.735
C82662,31.105
C82667,37.575
C82669,18.684
C82670,27.214
C82671,26.729
C82676,37.238
C82678,15.813
C82680,33
C83001,48.634
C83002,7.572
C83003,12.203
C83004,31.273
C83005,16.209
C83007,11.619
C83008,44.358
C83009,41.995
C83010,24.625
C83011,10.95
C83013,8.029
C83014,14.315
C83015,22.289
C83018,36.857
C83019,31.918
C83020,9.807
C83022,8.916
C83023,19.884
C83024,12.504
C83025,11.846
C83026,7.859
C83027,23.32
C83028,13.377
C83029,21.831
C83030,27.982
C83031,4.879
C83032,26.576
C83033,20.924
C83035,12.41
C83036,16.404
C83037,12
C83038,13.306
C83039,16.452
C83040,25.017
C83041,16.677
C83042,25.045
C83043,20.757
C83044,56.159
C83045,45.683
C83046,4.418
C83048,23.416
C83049,29.216
C83051,26.95
C83052,14.609
C83053,16.593
C83054,4.552
C83055,29.832
C83056,23.526
C83057,15.632
C83058,5.594
C83059,26.027
C83060,34.131
C83061,13.358
C83062,18.587
C83063,17.415
C83064,61.083
C83065,21.963
C83067,7.445
C83071,35.029
C83072,41.995
C83073,13.342
C83074,16.604
C83075,25.017
C83078,24.007
C83079,13.926
C83080,40.558
C83082,16.677
C83083,18.175
C83085,24.661
C83611,7.661
C83613,25.706
C83614,25.023
C83617,12.748
C83626,15.151
C83631,10.517
C83634,8.554
C83635,16.809
C83637,11.846
C83641,13.306
C83643,24.039
C83649,16.25
C83650,25.369
C83653,21.335
C84001,40.292
C84004,50.013
C84005,10.229
C84008,24.768
C84009,22.758
C84010,27.954
C84011,17.579
C84012,44.679
C84013,14.541
C84014,4.513
C84016,28.818
C84017,8.877
C84018,49.247
C84019,22.072
C84020,40.104
C84021,30.116
C84023,11.997
C84024,31.087
C84025,4.241
C84026,20.549
C84028,2.579
C84029,44.462
C84030,12.262
C84031,46.819
C84032,41.017
C84033,16.123
C84034,35.503
C84035,14.541
C84036,39.349
C84037,15.388
C84039,12.806
C84042,24.205
C84043,57.26
C84044,5.354
C84045,5.691
C84046,38.938
C84047,5.2
C84048,5.781
C84049,5.054
C84051,46.819
C84053,29.766
C84055,29.058
C84057,28.586
C84059,16.035
C84060,39.54
C84061,44.679
C84063,37.673
C84064,57.26
C84065,16.858
C84066,26.99
C84067,20.433
C84069,40.104
C84072,61.335
C84074,59.223
C84076,46.353
C84077,31.244
C84078,38.554
C84080,12.262
C84081,38.938
C84084,4.836
C84085,29.854
C84086,13.431
C84087,25.905
C84090,3.281
C84091,25.286
C84092,52.842
C84094,27.344
C84095,20.236
C84096,23.896
C84101,7.219
C84103,53.234
C84105,53.234
C84106,49.611
C84107,24.205
C84112,10.21
C84113,16.753
C84114,37.434
C84115,6.65
C84116,42.915
C84117,23.896
C84120,13.783
C84122,8.013
C84123,30.558
C84127,29.667
C84129,14.704
C84131,15.227
C84135,40.462
C84136,23.896
C84138,57.26
C84140,46.353
C84142,25.096
C84144,52.842
C84150,9.611
C84151,49.048
C84605,3.281
C84613,27.897
C84619,24.72
C84621,13.431
C84624,17.74
C84628,47.476
C84629,46.353
C84637,78.837
C84646,4.738
C84647,51.254
C84654,21.945
C84656,25.681
C84658,29.667
C84660,9.966
C84664,27.681
C84667,8.22
C84676,45.955
C84679,40.104
C84680,45.803
C84682,21.884
C84683,45.479
C84691,53.234
C84692,8.875
C84693,26.804
C84694,46.357
C84695,33.436
C84696,7.585
C84703,7.874
C84704,26.911
C84705,20.614
C84709,27.897
C84710,35.207
C84714,21.388
C84717,57.26
C85001,30.26
C85003,47.676
C85004,26.9
C85005,24.016
C85006,22.802
C85007,31.28
C85008,34.41
C85009,66.116
C85010,28.684
C85013,32.335
C85014,29.598
C85016,32.462
C85017,32.537
C85018,45.706
C85019,37.755
C85020,34.547
C85022,34.41
C85023,30.26
C85024,24.016
C85026,22.155
C85028,41.989
C85030,28.362
C85033,20.793
C85614,24.91
C85619,64.564
C85622,49.703
C85623,9.161
C85628,45.706
C86001,58.895
C86002,53.406
C86003,44.304
C86005,45.797
C86006,48.862
C86007,48.862
C86009,7.219
C86011,22.727
C86012,44.518
C86013,9.318
C86015,42.362
C86016,21.754
C86017,52.497
C86018,29.384
C86019,34.457
C86020,34.457
C86021,12.934
C86022,43.641
C86023,28.285
C86024,43.869
C86025,48.862
C86026,49.453
C86029,52.497
C86032,13.016
C86033,49.453
C86034,45.797
C86037,57.707
C86038,30.938
C86605,21.754
C86606,19.889
C86609,23.742
C86611,8.414
C86613,30.938
C86614,29.384
C86616,58.399
C86621,39.031
C86625,43.869
C86626,16.647
C87002,59.836
C87003,62.774
C87004,8.454
C87005,60.282
C87006,30.438
C87007,11.759
C87008,30.822
C87009,10.174
C87010,65.519
C87012,28.689
C87013,39.802
C87014,40.831
C87015,9.98
C87016,20.653
C87017,60.282
C87018,45.691
C87020,60.698
C87022,26.195
C87024,31.88
C87029,46.543
C87030,35.008
C87031,24.453
C87603,60.698
C87604,7.994
C87606,45.39
C87608,70.649
C87616,45.39
C87620,24.453
C87622,60.282
C88005,13.285
C88006,52.765
C88007,31.693
C88008,48.448
C88009,50.884
C88010,34.649
C88011,52.796
C88014,51.154
C88015,58.085
C88016,15.441
C88018,20.278
C88019,54.113
C88020,74.795
C88021,12.332
C88022,13.137
C88023,12.605
C88024,19.256
C88025,25.282
C88026,14.978
C88027,42.074
C88028,8.984
C88030,27.05
C88031,52.996
C88032,10.25
C88034,6.792
C88035,57.431
C88036,32.107
C88037,6.701
C88038,31.592
C88039,14.229
C88040,13.729
C88041,12.713
C88043,11.143
C88044,3.211
C88045,12.912
C88046,12.713
C88047,27.493
C88048,56.755
C88049,35.516
C88050,35.211
C88051,48.063
C88052,13.163
C88053,4.284
C88054,8.23
C88059,51.545
C88060,36.31
C88062,5.014
C88068,6.701
C88069,26.766
C88070,46.856
C88072,70.205
C88073,32.174
C88074,22.85
C88076,22.837
C88077,62.208
C88078,11.289
C88079,6.215
C88082,41.123
C88083,6.972
C88084,52.419
C88085,56.216
C88086,52.796
C88087,43.829
C88088,65.174
C88090,57.893
C88091,49.659
C88092,22.85
C88095,14.229
C88096,22.551
C88622,35.078
C88627,23.209
C88631,14.978
C88643,46.916
C88647,14.218
C88648,19.998
C88652,5.424
C88655,27.896
C88656,12.614
D81001,18.777
D81002,10.427
D81003,11.953
D81004,9.071
D81005,5.308
D81008,29.383
D81010,21.495
D81011,35.024
D81012,13.31
D81013,14.552
D81014,9.761
D81015,29.887
D81016,30.788
D81017,11.845
D81018,13.235
D81021,20.483
D81022,18.898
D81023,61.304
D81025,15.417
D81026,38.373
D81027,9.289
D81028,7.165
D81029,33.696
D81030,11.397
D81031,9.665
D81033,4.699
D81034,8.821
D81035,5.04
D81036,4.31
D81037,14.552
D81038,9.648
D81040,4.232
D81041,7.954
D81042,8.405
D81043,3.548
D81044,27.402
D81045,6.688
D81046,26.23
D81047,12.389
D81049,14.988
D81050,15.451
D81051,4.865
D81052,25.511
D81054,7.927
D81055,6.838
D81056,7.158
D81057,17.289
D81058,1.559
D81059,18.524
D81060,8.154
D81061,21.267
D81062,16.525
D81064,25.511
D81065,40.974
D81066,9.792
D81070,18.777
D81073,47.974
D81078,12.234
D81081,10.738
D81082,17.115
D81084,6.309
D81085,12.664
D81086,40.291
D81602,1.753
D81603,28.583
D81606,6.759
D81607,3.848
D81611,17.082
D81612,20.154
D81615,16.458
D81618,14.199
D81622,35.024
D81623,11.397
D81625,36.789
D81629,57.289
D81630,12.897
D81631,37.866
D81633,27.143
D81637,14.301
D81645,24.793
D82001,21.566
D82002,23.112
D82003,33.538
D82004,13.601
D82005,15.363
D82006,20.145
D82007,34.899
D82008,9.269
D82009,19.797
D82010,16.6
D82011,26.494
D82012,18.903
D82013,5.66
D82015,27.197
D82016,23.102
D82017,10.551
D82018,13.377
D82019,8.599
D82020,26.713
D82022,23.063
D82023,25.098
D82024,10.453
D82025,23.146
D82026,31.52
D82027,25.521
D82028,19.077
D82029,9.058
D82030,23.102
D82031,23.063
D82032,4.137
D82034,18.383
D82035,40.358
D82036,4.214
D82037,19.377
D82038,14.627
D82039,15.33
D82040,37.558
D82041,23.112
D82042,9.515
D82043,17.187
D82044,21.207
D82045,5.84
D82046,15.891
D82047,26.494
D82048,48.265
D82049,20.035
D82050,22.766
D82051,57.757
D82053,26.731
D82054,19.774
D82056,28.36
D82057,14.051
D82058,16.955
D82059,16.914
D82060,24.753
D82062,18.116
D82063,33.642
D82064,12.512
D82065,37.256
D82066,16.914
D82067,60.79
D82068,15.78
D82070,19.984
D82071,8.656
D82072,23.77
D82073,24.104
D82076,16.102
D82078,4.214
D82079,22.82
D82080,4.161
D82084,16.397
D82085,21.059
D82087,49.974
D82088,5.804
D82096,15.642
D82099,21.657
D82100,14.507
D82104,6.911
D82105,18.283
D82106,48.021
D82600,23.875
D82604,20.762
D82618,8.071
D82621,32.785
D82624,16.923
D82628,18.628
D83001,8.201
D83002,52.692
D83003,15.669
D83004,12.928
D83005,15.845
D83006,16.375
D83007,10.766
D83008,39.168
D83009,15.127
D83010,29.247
D83011,22.188
D83012,31.894
D83013,15.845
D83014,21.356
D83015,18.42
D83016,21.534
D83017,7.125
D83018,11.486
D83019,17.088
D83020,8.541
D83021,23.759
D83022,5.708
D83023,76.806
D83024,10.775
D83026,8.334
D83027,30.414
D83028,18.398
D83029,30.414
D83030,39.418
D83033,7.824
D83034,22.429
D83035,13.042
D83037,21.931
D83038,5.675
D83039,17.923
D83040,20.895
D83041,11.149
D83043,15.478
D83044,17.546
D83045,11.54
D83046,11.681
D83047,6.918
D83048,7.973
D83049,11.159
D83050,37.77
D83051,20.254
D83053,15.801
D83054,20.708
D83055,8.208
D83056,36.572
D83057,4.714
D83058,23.236
D83059,35.521
D83060,16.311
D83061,14.443
D83062,25.76
D83064,18.274
D83067,30.414
D83069,18.195
D83070,8.604
D83073,53.861
D83074,53.861
D83075,7.369
D83076,11.334
D83078,13.759
D83079,18.248
D83080,8.167
D83081,43.759
D83082,27.698
D83084,13.531
D83608,32.941
D83610,15.155
D83615,10.127
E81001,38.008
E81002,2.812
E81003,19.901
E81004,23.229
E81005,34.829
E81006,26.145
E81007,10.124
E81008,21.996
E81009,21.563
E81010,20.067
E81012,9.45
E81013,35.715
E81014,20.007
E81015,4.893
E81016,26.802
E81018,28.653
E81019,38.687
E81021,35.51
E81022,6.846
E81023,14.419
E81024,12.772
E81025,36.498
E81026,8.644
E81027,14.321
E81028,32.079
E81029,9.236
E81030,20.646
E81031,7.241
E81032,42.239
E81033,18.544
E81034,10.595
E81035,13.666
E81036,19.318
E81037,32.989
E81038,13.204
E81040,23.009
E81041,24.946
E81043,17.033
E81044,19.901
E81045,20.007
E81046,7.66
E81047,13.46
E81048,42.239
E81049,11.222
E81050,5.867
E81052,21.563
E81056,30.84
E81057,17.454
E81060,37.484
E81061,5.191
E81063,34.769
E81064,8.53
E81065,41.937
E81069,4.709
E81073,36.659
E81074,2.812
E81076,39.664
E81077,2.812
E81611,20.496
E81612,25.004
E81615,50.921
E81617,26.145
E81631,37.995
E81632,8.868
E81633,13.879
E81635,20.007
E82001,3.852
E82002,16.57
E82004,8.037
E82005,11.417
E82006,9.07
E82007,8.344
E82008,8.141
E82009,14.028
E82012,27.189
E82013,17.152
E82014,6.924
E82015,20.187
E82017,11.045
E82018,33.313
E82019,7.424
E82020,24.438
E82021,4.902
E82022,14.868
E82023,18.542
E82024,8.344
E82027,6.04
E82028,1.216
E82031,19.14
E82032,16.432
E82034,6.636
E82035,4.713
E82037,5.92
E82038,6.385
E82040,31.804
E82041,9.275
E82042,24.341
E82043,16.302
E82044,7.295
E82045,20.187
E82046,2.968
E82048,14.192
E82049,7.655
E82050,26.067
E82051,27.372
E82053,7.295
E82055,7.638
E82056,17.469
E82057,8.567
E82058,10.667
E82059,5.692
E82060,6.556
E82061,14.901
E82062,8.519
E82063,19.705
E82064,1.605
E82066,3.373
E82067,9.39
E82068,3.383
E82069,10.15
E82070,11.53
E82071,2.623
E82072,7.647
E82073,8.311
E82074,9.39
E82075,7.295
E82077,5.92
E82078,12.677
E82079,22.719
E82081,12.826
E82082,8.141
E82083,3.383
E82084,5.692
E82085,7.095
E82086,22.9
E82088,14.271
E82089,16.983
E82090,6.778
E82091,18.907
E82092,10.1
E82093,30.92
E82094,4.503
E82096,10.696
E82098,12.677
E82099,10.483
E82100,4.803
E82102,10.1
E82104,7.361
E82105,10.696
E82106,6.695
E82107,19.579
E82109,8.567
E82111,22.142
E82113,10.125
E82115,28.018
E82117,26.881
E82121,5.881
E82123,14.499
E82124,8.311
E82126,4.806
E82129,7.147
E82130,8.675
E82131,4.294
E82132,20.61
E82133,21.628
E82603,20.187
E82620,9.01
E82626,13.128
E82638,27.341
E82640,23.263
E82641,21.089
E82643,3.299
E82644,28.145
E82652,4.636
E82654,7.182
E82655,39.977
E82657,1.792
E82661,7.361
E83003,15.103
E83005,12.284
E83006,12.388
E83007,9.915
E83008,6.585
E83009,14.568
E83010,18.834
E83011,38.897
E83012,11.315
E83013,12.11
E83016,9.156
E83017,7.608
E83018,31
E83020,10.706
E83021,18.834
E83024,10.933
E83025,27.098
E83026,12.284
E83027,17.109
E83028,27.543
E83030,15.472
E83031,24.261
E83032,26.704
E83034,8.319
E83035,7.059
E83036,7.608
E83037,14.405
E83038,8.028
E83039,15.33
E83041,19.417
E83044,18.853
E83045,14.513
E83046,8.853
E83049,13.364
E83050,8.01
E83053,15.472
E83600,10.294
E83613,20.384
E83621,9.812
E83622,14.568
E83637,27.671
E83638,6.735
E83639,12.516
E83649,18.538
E83650,15.262
E83653,24.116
E83657,14.457
E83668,8.853
E84002,27.74
E84003,22.985
E84004,10.431
E84005,12.222
E84006,15.596
E84007,17.634
E84008,19.735
E84009,19.699
E84011,44.228
E84012,26.806
E84013,42.123
E84014,15.646
E84015,18.959
E84017,22.928
E84018,10.429
E84020,20.65
E84021,26.984
E84022,27.335
E84024,5.666
E84025,20.094
E84028,52.88
E84030,52.88
E84031,39.051
E84032,33.304
E84033,33.304
E84036,30.111
E84039,13.064
E84040,13.132
E84042,34.612
E84044,14.665
E84048,21.407
E84049,20.6
E84051,25.222
E84053,6.412
E84057,6.404
E84058,9.138
E84059,11.391
E84061,10.748
E84062,12.828
E84063,21.854
E84066,25.172
E84067,20.361
E84068,8.357
E84069,10.431
E84070,12.955
E84074,42.066
E84075,15.476
E84076,23.67
E84078,26.149
E84080,23.257
E84083,15.16
E84086,19.077
E84601,11.259
E84617,14.672
E84620,16.509
E84626,22.985
E84635,24.108
E84637,52.88
E84638,25.222
E84645,36.846
E84646,9.749
E84647,13.579
E84653,26.704
E84656,51.118
E84658,18.298
E84663,11.259
E84665,30.111
E84674,32.007
E84676,12.679
E84678,16.509
E84680,17.805
E84681,8.835
E84684,33.304
E84685,22.141
E84693,20.176
E84696,41.111
E84699,15.01
E84701,22.985
E84702,23.465
E84704,30.111
E84709,28.89
E84713,10.431
E85001,19.551
E85003,34.648
E85004,24.157
E85005,33.544
E85006,35.644
E85007,3.804
E85008,35.515
E85012,47.749
E85013,25.654
E85014,9.84
E85015,21.955
E85016,22.043
E85018,19.386
E85019,28.006
E85020,14.292
E85021,30.832
E85023,27.974
E85024,21.842
E85025,22.092
E85026,16.451
E85028,22.226
E85029,25.552
E85030,15.502
E85032,31.034
E85033,33.791
E85034,21.071
E85035,21.091
E85038,10.542
E85040,15.502
E85041,25.654
E85042,31.87
E85045,13.193
E85046,15.858
E85048,37.986
E85049,30.306
E85050,19.058
E85051,23.184
E85052,18.791
E85053,26.465
E85054,15.378
E85055,39.967
E85056,18.378
E85057,10.395
E85058,28.32
E85059,28.32
E85060,12.671
E85061,24.898
E85062,19.67
E85064,24.129
E85066,8.237
E85069,20.741
E85071,26.874
E85074,14.292
E85075,23.916
E85077,24.159
E85083,22.011
E85088,40.085
E85090,24.898
E85091,7.15
E85096,29.18
E85098,23.054
E85099,9.146
E85103,30.196
E85105,40.826
E85107,45.936
E85108,23.054
E85109,45.936
E85111,12
E85112,11.103
E85113,12.671
E85114,18.608
E85115,27.052
E85116,25.654
E85118,31.102
E85119,34.209
E85120,9.146
E85121,24.895
E85122,14.225
E85123,11.671
E85124,50.627
E85125,31.549
E85126,28.32
E85127,15.651
E85128,16.976
E85129,13.864
E85130,23.916
E85600,12.671
E85605,24.157
E85617,13.847
E85623,40.826
E85624,37.986
E85625,15.502
E85628,7.673
E85630,20.451
E85633,23.36
E85635,18.031
E85636,31.034
E85640,32.757
E85643,31.82
E85649,25.873
E85656,24.895
E85657,20.032
E85658,15.502
E85659,37.986
E85663,42.16
E85672,22.554
E85677,22.254
E85680,21.278
E85681,19.386
E85682,15.937
E85683,19.261
E85685,12.078
E85687,11.21
E85692,11.415
E85693,10.479
E85694,9.462
E85696,23.215
E85697,28.577
E85699,34.677
E85707,20.411
E85708,21.842
E85712,40.826
E85713,26.128
E85714,10.395
E85715,40.826
E85716,21.955
E85718,14.607
E85719,9.705
E85721,30.196
E85723,40.826
E85725,31.82
E85726,16.451
E85734,18.378
E85735,24.157
E85736,18.663
E85739,19.386
E85740,7.15
E85743,22.485
E85744,15.455
E85745,22.011
E85746,21.712
E85748,27.284
E85750,19.551
E86001,17.647
E86003,24.386
E86004,27.692
E86005,7.515
E86006,6.636
E86007,12.569
E86009,12.343
E86010,27.843
E86011,8.993
E86012,8.346
E86014,13.784
E86015,21.833
E86016,13.456
E86017,23.489
E86018,21.242
E86019,26.362
E86020,22.759
E86022,6.636
E86024,8.346
E86026,26.723
E86027,29.289
E86028,7.519
E86029,13.456
E86030,8.777
E86033,5.524
E86034,23.999
E86036,9.387
E86038,18.249
E86041,21.292
E86042,27.843
E86605,7.115
E86609,21.072
E86610,27.799
E86612,18.599
E86615,16.8
E86618,21.292
E86619,7.08
E86620,31.015
E86625,30.981
E86626,7.256
E86629,12.74
E86632,7.515
E86637,18.249
E86640,7.115
E87002,13.225
E87003,20.135
E87004,21.771
E87005,5.445
E87006,10.512
E87007,14.819
E87008,42.113
E87009,32.394
E87010,3.915
E87011,40.99
E87013,10.461
E87016,9.697
E87021,28.56
E87024,59.009
E87026,45.147
E87029,11.335
E87034,11.205
E87038,33.045
E87043,10.9
E87045,21.741
E87046,20.127
E87047,17.215
E87048,11.093
E87050,41.706
E87052,10.512
E87061,14.819
E87063,42.608
E87065,36.708
E87066,14.959
E87067,36.708
E87069,23.381
E87070,20.233
E87609,6.385
E87637,43.654
E87648,10.467
E87663,20.127
E87665,21.45
E87677,6.602
E87681,12.798
E87691,18.171
E87694,10.008
E87701,10.093
E87702,8.969
E87706,40.49
E87711,16.507
E87714,23.381
E87715,8.169
E87720,22.328
E87722,8.45
E87733,33.044
E87735,35.96
E87737,12.041
E87738,12.656
E87739,20.842
E87740,18.171
E87741,28.633
E87742,59.009
E87745,7.513
E87746,19.923
E87750,19.923
E87751,38.504
E87753,26.096
E87754,9.4
E87755,35.96
E87756,20.127
E87762,37.672
E87768,35.28
E87772,23.381
F81001,10.048
F81003,32.188
F81004,4.656
F81006,46.416
F81007,25.909
F81009,6.174
F81010,21.722
F81011,5.163
F81012,8.068
F81013,3.997
F81014,18.182
F81015,6.174
F81016,28.5
F81017,42.285
F81019,33.614
F81020,12.939
F81021,13.886
F81022,20.725
F81023,8.579
F81024,26.44
F81025,27.027
F81026,14.513
F81027,23.72
F81028,5.067
F81029,11.344
F81030,19.391
F81031,34.046
F81032,10.286
F81034,6.062
F81036,4.058
F81037,71.02
F81038,10.061
F81040,21.759
F81041,19.583
F81042,24.532
F81043,14.22
F81044,14.908
F81045,4.345
F81046,20.213
F81047,32.433
F81048,9.386
F81049,20.362
F81051,39.493
F81052,28.265
F81053,7.795
F81055,2.356
F81056,15.827
F81057,8.01
F81060,27.942
F81061,7.756
F81062,16.747
F81065,7.453
F81066,5.2
F81067,6.051
F81068,18.645
F81069,22.362
F81071,9.855
F81072,18.928
F81075,13.343
F81076,12.532
F81078,12.328
F81080,2.48
F81081,60.381
F81082,21.766
F81083,20.335
F81085,8.015
F81086,23.607
F81087,22.234
F81088,10.279
F81089,20.024
F81090,12.151
F81091,24.532
F81092,28.561
F81095,11.025
F81096,23.802
F81097,34.007
F81098,4.408
F81099,20.725
F81100,19.444
F81101,4.658
F81102,2.469
F81104,4.094
F81105,18.73
F81106,32.433
F81108,55.995
F81110,40.759
F81111,6.127
F81112,7.191
F81113,6.724
F81114,6.113
F81115,20.135
F81116,19.858
F81117,24.452
F81118,12.151
F81119,6.027
F81120,24.327
F81121,5.024
F81122,40.693
F81123,14.951
F81125,7.752
F81126,9.51
F81128,20.213
F81130,13.729
F81131,11.031
F81132,22.234
F81133,14.438
F81134,27.669
F81136,6.832
F81137,11.845
F81141,12.724
F81142,10.048
F81144,5.165
F81147,32.188
F81149,17.904
F81150,31.244
F81152,22.319
F81153,18.409
F81155,13.064
F81156,71.02
F81158,38.701
F81159,30.033
F81163,5.692
F81164,32.188
F81165,6.042
F81169,6.042
F81170,4.249
F81173,20.152
F81176,21.168
F81177,18.787
F81181,19.955
F81183,18.922
F81184,16.401
F81186,55.374
F81192,22.152
F81193,12.777
F81197,41.929
F81198,7.608
F81205,19.635
F81206,37.679
F81207,34.007
F81209,25.751
F81211,13.546
F81212,71.02
F81213,31.514
F81215,8.345
F81216,12.375
F81218,33.199
F81219,22.401
F81221,28.693
F81222,4.906
F81223,20.213
F81606,19.803
F81613,28.785
F81618,17.944
F81619,26.794
F81623,25.581
F81632,35.085
F81633,19.137
F81635,12.777
F81636,18.509
F81640,55.374
F81641,22.401
F81645,38.701
F81649,28.785
F81651,16.748
F81652,37.679
F81656,60.786
F81665,6.343
F81666,18.789
F81669,20.807
F81674,8.475
F81675,16.339
F81679,26.187
F81681,54.574
F81683,13.712
F81684,36.087
F81688,50.489
F81690,3.246
F81696,10.243
F81697,16.718
F81700,19.635
F81704,3.12
F81707,46.436
F81708,49.04
F81711,32.472
F81713,11.048
F81716,12.892
F81721,4.249
F81725,21.502
F81729,27.137
F81730,14.268
F81732,19.583
F81737,13.33
F81739,23.802
F81740,23.802
F81741,23.99
F81744,15.115
F81746,13.315
F81749,20.692
F81751,7.744
F81757,12.854
F82001,39.004
F82002,3.16
F82003,28.317
F82005,43.523
F82006,4.228
F82007,10.482
F82008,12.075
F82009,8.668
F82010,33.762
F82011,18.737
F82012,39.89
F82013,18.737
F82014,33.762
F82015,39.815
F82016,33.762
F82017,29.788
F82018,18.848
F82019,22.672
F82021,9.268
F82022,32.066
F82023,13.793
F82025,36.246
F82027,21.038
F82028,15.126
F82030,18.365
F82031,17.988
F82033,6.861
F82034,31.576
F82038,34.377
F82039,17.988
F82040,41.573
F82042,46.922
F82045,9.006
F82051,46.283
F82053,7.011
F82055,9.687
F82604,37.347
F82607,19.839
F82609,6.955
F82610,15.543
F82612,33.284
F82619,13.847
F82621,28.166
F82624,6.861
F82625,31.576
F82627,30.318
F82630,18.365
F82634,28.849
F82638,20.574
F82642,35.044
F82647,32.844
F82648,22.92
F82649,13.9
F82650,34.608
F82660,34.123
F82661,29.266
F82663,16.44
F82666,9.054
F82670,33.762
F82671,22.92
F82674,7.442
F82675,9.687
F82676,46.922
F82677,40.463
F82678,29.788
F82679,19.27
F82680,18.848
F82686,22.672
F83002,36.247
F83003,5.314
F83004,33.321
F83005,14.252
F83006,24.682
F83007,25.019
F83008,31.553
F83010,25.019
F83011,7.224
F83012,32.118
F83015,38.826
F83017,11.81
F83018,30.351
F83019,25.374
F83020,22.13
F83021,20.191
F83022,29.369
F83023,22.434
F83025,34.249
F83027,25.019
F83032,16.852
F83033,38.505
F83034,21.479
F83039,44.134
F83042,15.017
F83043,14.252
F83044,14.324
F83045,28.936
F83048,30.826
F83050,11.158
F83052,27.211
F83053,25.798
F83055,7.866
F83056,34.594
F83057,22.316
F83058,15.017
F83059,30.368
F83060,18.532
F83061,20.684
F83063,21.801
F83064,27.789
F83615,4.907
F83623,5.734
F83624,24.493
F83632,30.351
F83633,4.319
F83635,24.531
F83652,24.493
F83658,25.374
F83660,17.889
F83664,47.055
F83665,8.751
F83666,24.496
F83671,44.134
F83672,35.28
F83673,29.14
F83674,29.312
F83677,24.584
F83678,24.493
F83680,29.14
F83681,33.113
F83682,5.398
F83683,33.601
F83686,22.828
F84003,36.255
F84004,31.507
F84006,29.192
F84008,28.995
F84009,26.797
F84010,30.664
F84012,25.084
F84013,30.857
F84014,27.781
F84015,37.939
F84016,27.495
F84017,33.279
F84018,28.73
F84021,33.44
F84022,30.044
F84025,33.685
F84030,31.203
F84031,30.888
F84033,30.766
F84034,28.641
F84035,25.206
F84036,44.248
F84038,32.844
F84039,33.782
F84041,19.385
F84044,25.746
F84046,29.947
F84047,46.731
F84050,27.328
F84051,35.903
F84052,30.506
F84053,26.11
F84054,34.736
F84055,27.77
F84060,26.492
F84062,29.919
F84063,47.161
F84069,38.772
F84070,26.667
F84072,31.459
F84074,29.192
F84077,26.797
F84079,9.872
F84080,30.577
F84081,38.451
F84083,28.299
F84086,23.221
F84087,31.368
F84088,27.715
F84092,37.186
F84093,47.765
F84096,40.073
F84097,25.848
F84105,42.01
F84111,31.094
F84114,32.582
F84115,24.573
F84117,34.433
F84118,32.998
F84119,44.248
F84121,29.833
F84122,25.849
F84123,32.227
F84124,34.336
F84601,46.392
F84619,35.791
F84620,56.261
F84621,47.161
F84632,38.772
F84635,44.66
F84636,31.063
F84640,15.841
F84641,29.95
F84642,24.045
F84647,18.973
F84656,24.191
F84657,33.98
F84658,28.048
F84660,27.393
F84666,41.668
F84668,35.791
F84669,29.506
F84670,31.336
F84672,23.221
F84673,33.98
F84676,32.998
F84677,29.332
F84681,29.213
F84682,41.255
F84685,30.577
F84686,29.104
F84692,44.66
F84694,29.178
F84696,21.888
F84698,36.13
F84706,23.221
F84710,17.411
F84711,30.577
F84714,35.145
F84716,15.695
F84717,28.627
F84718,27.603
F84719,31.157
F84720,36.874
F84724,42.29
F84729,38.074
F84730,26.797
F84733,36.699
F84734,27.069
F84735,27.328
F84739,29.192
F84740,29.833
F84741,29.192
F84742,29.192
F84747,12.666
F84749,27.315
F85002,35.047
F85003,35.255
F85004,40.471
F85007,39.987
F85008,21.989
F85010,40.049
F85013,31.663
F85014,20.128
F85016,15.471
F85017,41.479
F85019,64.677
F85020,10.265
F85023,27.924
F85024,40.471
F85025,9.567
F85027,15.185
F85028,41.479
F85029,9.567
F85030,35.887
F85031,27.129
F85032,26.371
F85033,8.991
F85034,28.079
F85035,14.078
F85036,9.567
F85039,46.391
F85043,46.391
F85044,35.047
F85045,14.98
F85046,21.726
F85048,48.739
F85052,39.987
F85053,8.991
F85055,14.271
F85058,28.029
F85060,28.237
F85063,14.708
F85064,27.986
F85065,27.986
F85066,18.289
F85067,22.828
F85069,10.007
F85071,36.525
F85072,13.927
F85076,27.925
F85615,51.421
F85623,31.66
F85625,10.556
F85628,26.303
F85634,40.471
F85640,21.262
F85642,26.291
F85650,24.442
F85652,18.403
F85654,30.551
F85656,12.406
F85663,35.063
F85666,39.635
F85669,27.374
F85675,13.306
F85676,35.047
F85678,16.806
F85681,35.255
F85682,46.391
F85684,34.342
F85686,12.406
F85687,21.09
F85688,14.708
F85697,26.638
F85700,20.501
F85701,16.576
F85703,37.118
F85705,39.987
F85707,26.753
F86001,36.022
F86004,19.354
F86005,18.181
F86006,21.595
F86007,30.716
F86008,12.374
F86009,16.546
F86010,18.062
F86011,37.256
F86012,12.172
F86013,4.929
F86018,19.357
F86020,8.929
F86022,31.258
F86023,9.642
F86025,19.087
F86026,18.169
F86028,11.889
F86030,31.365
F86032,9.642
F86034,23.275
F86036,25.659
F86038,38.058
F86040,38.888
F86042,21.961
F86044,29.027
F86045,39.67
F86057,30.716
F86058,34.282
F86060,19.419
F86062,28.415
F86064,17.186
F86066,8.999
F86074,23.261
F86078,17.614
F86081,8.078
F86082,22.036
F86083,14.35
F86085,18.734
F86086,32.772
F86087,24.749
F86088,21.837
F86607,14.801
F86612,16.311
F86616,32.226
F86621,26.601
F86624,9.673
F86625,43.177
F86626,20.481
F86627,24.84
F86637,19.087
F86638,24.382
F86641,8.999
F86642,18.677
F86644,32.772
F86650,32.124
F86652,22.931
F86657,34.175
F86658,17.186
F86664,12.677
F86666,30.077
F86679,32.696
F86689,37.506
F86691,9.727
F86692,26.421
F86696,20.785
F86698,14.35
F86700,28.615
F86701,43.177
F86702,17.125
F86703,10.273
F86705,43.177
F86707,18.734
F86708,32.696
F86712,20.617
F86731,11.304
G81001,19.714
G81002,21.344
G81003,23.757
G81004,18.592
G81006,37.674
G81007,4.034
G81008,5.989
G81011,40.335
G81012,14.209
G81014,28.304
G81016,30.734
G81017,41.104
G81018,28.137
G81019,13.382
G81021,10.796
G81022,29.254
G81023,18.606
G81024,9.966
G81025,28.159
G81026,63.525
G81027,23.757
G81028,18.496
G81029,22.837
G81030,8.573
G81031,17.917
G81032,15.103
G81034,16.513
G81035,11.921
G81036,28.304
G81037,3.972
G81038,14.962
G81039,7.974
G81040,5.772
G81041,35.802
G81042,14.962
G81043,17.119
G81044,15.367
G81045,5.75
G81046,31.813
G81047,13.967
G81048,39.044
G81049,10.103
G81050,21.344
G81051,19.213
G81052,11.275
G81053,20.422
G81054,37.674
G81055,13.382
G81056,21.99
G81057,13.911
G81059,22.452
G81061,30.734
G81065,28.124
G81070,15.936
G81071,11.718
G81073,35.15
G81074,19.958
G81075,29.558
G81076,12.677
G81077,27.215
G81082,19.353
G81083,14.749
G81084,36.36
G81085,17.346
G81086,10.275
G81087,9.781
G81088,6.91
G81089,29.168
G81090,63.07
G81095,24.661
G81096,17.729
G81098,10.711
G81099,22.837
G81100,32.774
G81102,16.115
G81104,33.573
G81105,52.177
G81613,8.917
G81614,8.913
G81634,16.584
G81638,14.534
G81641,26.525
G81646,5.45
G81656,37.674
G81658,68.356
G81663,18.536
G81667,12.677
G81669,66.456
G81680,11.503
G81689,63.07
G81694,28.349
G82002,26.671
G82006,15.828
G82007,30.272
G82013,3.287
G82014,30.056
G82015,50.474
G82016,6.714
G82017,32.928
G82018,16.346
G82019,14.793
G82020,22.373
G82021,23.8
G82022,22.32
G82023,48.488
G82024,19.151
G82025,9.571
G82026,21.596
G82027,13.911
G82028,35.752
G82031,25.028
G82032,22.862
G82035,31.634
G82036,12.059
G82037,7.685
G82038,20.736
G82039,11.746
G82041,7.56
G82042,6.801
G82044,23.685
G82046,37.886
G82048,26.374
G82049,25.849
G82050,17.844
G82051,16.246
G82052,73.499
G82053,19.707
G82055,8.151
G82056,11.73
G82057,61.672
G82058,36.607
G82059,4.433
G82060,34.192
G82062,41.204
G82063,7.065
G82064,22.453
G82066,47.221
G82067,14.761
G82069,18.515
G82071,5.629
G82072,33.258
G82073,11.346
G82074,2.048
G82076,14.488
G82077,26.418
G82079,29.344
G82080,7.043
G82082,7.887
G82083,17.181
G82085,31.827
G82086,30.794
G82087,8.493
G82088,17.978
G82089,30.134
G82090,46.442
G82091,52.742
G82092,7.165
G82093,12.614
G82094,22.195
G82095,31.603
G82097,12.29
G82098,20.822
G82099,21.841
G82100,10.344
G82103,9.571
G82105,21.855
G82106,6.712
G82107,25.475
G82108,31.073
G82109,52.408
G82110,5.007
G82111,12.059
G82112,8.121
G82113,39.216
G82114,19.826
G82115,6.961
G82117,38.312
G82118,5.995
G82119,36.338
G82120,4.37
G82121,23.885
G82122,23.592
G82123,41.102
G82125,3.585
G82126,22.373
G82128,38.312
G82129,49.398
G82133,36.751
G82135,1.879
G82137,14.5
G82138,23.468
G82139,10.331
G82140,5.707
G82141,16.068
G82142,6.859
G82143,26.374
G82147,30.272
G82150,38.556
G82152,17.4
G82154,12.777
G82155,8.275
G82158,9.2
G82160,16.346
G82161,6.838
G82162,30.419
G82164,18.261
G82165,13.607
G82170,12.691
G82180,12.777
G82184,48.254
G82185,11.73
G82186,11.402
G82198,25.779
G82200,5.276
G82203,45.082
G82205,5.734
G82211,38.853
G82212,15.828
G82215,23.402
G82217,52.742
G82218,12.202
G82219,12.469
G82224,16.514
G82225,35.752
G82226,4.326
G82227,9.252
G82228,7.609
G82229,16.36
G82231,19.245
G82232,28.443
G82233,13.915
G82234,18.748
G82235,15.229
G82600,17.8
G82604,42.291
G82605,15.229
G82622,52.408
G82631,33.181
G82634,12.958
G82635,16.297
G82639,11.73
G82641,45.676
G82647,50.311
G82648,25.415
G82650,16.254
G82652,13.102
G82653,31.603
G82658,20.065
G82665,29.143
G82666,19.373
G82671,14.499
G82679,25.779
G82681,9.575
G82682,62.466
G82684,13.102
G82687,48.488
G82690,11.142
G82691,14.861
G82693,17.734
G82696,8.79
G82697,34.429
G82698,23.76
G82700,35.452
G82702,14.993
G82704,30.419
G82706,20.205
G82708,17.971
G82711,21.097
G82719,39.216
G82721,9.991
G82722,4.98
G82729,42.264
G82730,15.191
G82732,8.151
G82733,19.646
G82737,8.974
G82741,16.014
G82744,52.995
G82753,45.838
G82754,25.193
G82757,14.993
G82760,13.701
G82762,34.313
G82763,18.758
G82768,9.571
G82775,22.071
G82780,42.653
G82790,10.614
G82796,9.914
G82799,77.896
G82802,6.961
G82808,18.087
G82809,6.547
G82820,34.429
G82888,5.007
G83001,23.276
G83002,13.631
G83003,17.402
G83004,12.09
G83006,12.63
G83009,14.705
G83010,14.648
G83012,26.616
G83013,20.417
G83015,20.234
G83016,15.647
G83018,38.345
G83019,28.69
G83021,22.073
G83024,13.901
G83025,10.762
G83026,33.761
G83027,31.869
G83028,21.111
G83029,5.445
G83030,29.548
G83031,47.53
G83033,5.016
G83037,23.784
G83039,31.821
G83044,36.01
G83046,8.189
G83047,14.326
G83049,7.68
G83052,25.871
G83053,7.222
G83057,16.3
G83058,21.824
G83060,41.733
G83061,9.317
G83062,24.386
G83065,16.332
G83066,14.438
G83067,33.761
G83628,10.965
G83630,29.529
G83631,15.713
G83633,35.883
G83635,25.682
G83641,17.25
G83642,21.241
G83647,35.883
G83651,21.316
G83654,35.883
G83663,40.633
G83673,17.402
G83680,20.234
G84001,10.154
G84002,10.154
G84003,26.536
G84004,12.177
G84005,16.178
G84006,6.681
G84007,19.956
G84008,6.02
G84009,6.541
G84010,6.716
G84011,7.865
G84013,27.914
G84015,7.308
G84016,13.278
G84017,9.071
G84018,4.052
G84019,42.448
G84020,12.631
G84022,19.434
G84023,11.493
G84024,11.493
G84025,28.064
G84027,5.485
G84028,7.865
G84029,18.196
G84030,4.764
G84032,13.639
G84033,4.764
G84035,2.339
G84039,6.82
G84040,14.486
G84041,9.652
G84604,12.232
G84607,4.317
G84609,8.395
G84621,3.255
G84624,34.812
G84625,28.064
G84627,6.541
G84629,13.278
G84630,23.575
G85001,11.302
G85002,14.764
G85003,13.477
G85004,32.515
G85005,25.742
G85006,34.841
G85008,40.126
G85011,21.766
G85013,39.685
G85014,20.607
G85015,34.64
G85016,16.47
G85019,35.378
G85020,28.185
G85021,22.781
G85022,31.39
G85023,11.31
G85024,31.206
G85025,21.709
G85026,40.126
G85027,12.552
G85028,36.815
G85029,40.136
G85030,34.58
G85031,21.531
G85032,20.989
G85034,38.967
G85035,36.269
G85038,26.151
G85039,17.006
G85040,37.664
G85041,29.29
G85042,29.823
G85044,28.223
G85045,36.558
G85046,9.192
G85047,29.721
G85051,9.778
G85052,33.346
G85053,33.192
G85054,26.261
G85055,17.032
G85057,30.552
G85061,17.09
G85073,28.803
G85076,40.126
G85083,29.918
G85084,35.666
G85085,30.08
G85086,29.873
G85087,28.863
G85089,33.273
G85091,9.199
G85096,25.101
G85100,33.26
G85102,29.263
G85104,30.552
G85105,19.594
G85109,19.787
G85114,26.871
G85118,19.316
G85119,27.404
G85120,31.554
G85121,22.095
G85123,34.369
G85124,42.358
G85125,25.963
G85127,18.536
G85129,17.894
G85130,32.154
G85132,18.641
G85134,39.137
G85135,22.411
G85136,29.583
G85137,12.457
G85138,24.934
G85623,24.603
G85632,35.37
G85633,24.37
G85642,18.616
G85644,14.812
G85647,14.764
G85651,18.283
G85662,14.764
G85673,36.627
G85674,10.643
G85681,16.322
G85685,35.784
G85690,19.571
G85695,22.411
G85696,17.586
G85698,40.126
G85705,5.629
G85706,22.312
G85708,24.936
G85711,36.749
G85715,39.137
G85716,34.432
G85721,33.346
G85722,22.616
G85724,17.362
G85726,29.823
G85727,12.552
G85736,36.749
H81002,17.095
H81003,4.583
H81004,9.683
H81005,9.267
H81006,6.011
H81007,3.502
H81009,8.456
H81010,17.905
H81011,5.146
H81013,2.666
H81015,6.357
H81016,9.979
H81017,16.869
H81019,3.984
H81020,3.056
H81021,11.317
H81022,3.493
H81023,14.356
H81024,6.594
H81025,8.584
H81026,14.525
H81027,8.372
H81028,7.442
H81029,11.756
H81030,22.091
H81031,15.306
H81032,12.029
H81033,13.428
H81034,8.424
H81035,4.15
H81036,8.424
H81037,9.186
H81038,3.523
H81039,15.741
H81040,9.074
H81041,12.029
H81042,14.374
H81043,3.634
H81044,10.884
H81045,8.547
H81046,9.186
H81047,18.018
H81048,16.032
H81050,8.424
H81051,16.141
H81052,2.603
H81053,5.308
H81055,4.231
H81056,3.718
H81057,9.547
H81058,8.997
H81060,14.929
H81061,12.029
H81062,6.893
H81064,3.451
H81065,6.16
H81066,9.483
H81067,13.565
H81068,6.803
H81069,10.583
H81070,3.677
H81071,16.141
H81072,9.432
H81073,3.502
H81074,4.132
H81075,10.583
H81076,3.219
H81077,9.885
H81078,3.964
H81080,5.314
H81081,31.854
H81082,9.951
H81083,17.748
H81084,4.153
H81085,6.011
H81086,1.791
H81087,24.714
H81088,10.126
H81089,5.111
H81090,5.863
H81091,10.603
H81094,25.749
H81095,25.749
H81097,8.372
H81099,17.217
H81103,16.751
H81104,8.456
H81107,4.403
H81109,8.784
H81110,2.165
H81111,3.076
H81113,9.067
H81116,5.305
H81119,9.59
H81122,6.762
H81123,34.717
H81126,5.29
H81128,2.449
H81129,6.664
H81130,2.176
H81131,25.749
H81132,15.306
H81133,10.603
H81134,17.095
H81613,3.104
H81615,3.726
H81618,8.214
H81632,13.27
H81638,21.435
H81641,20.487
H81642,14.934
H81643,20.487
H81644,10.603
H81656,7.767
H81658,4.005
H81663,3.931
H81672,4.554
H82003,11.013
H82004,10.331
H82005,9.5
H82006,16.154
H82007,17.552
H82008,6.339
H82009,4.791
H82010,6.339
H82011,13.168
H82012,24.002
H82013,15.59
H82014,28.522
H82015,10.659
H82016,15.84
H82017,12.666
H82020,46.261
H82021,15.833
H82022,5.978
H82023,21.633
H82025,17.533
H82026,6.419
H82027,8.604
H82028,12.666
H82029,14.258
H82030,7.562
H82031,6.943
H82032,8.205
H82033,20.517
H82034,4.279
H82035,6.397
H82036,17.634
H82037,15.121
H82038,9.719
H82039,11.888
H82040,3.607
H82041,41.811
H82042,15.59
H82043,19.671
H82044,6.714
H82045,28.653
H82046,24.129
H82047,17.875
H82048,19.265
H82049,11.522
H82050,26.058
H82051,1.886
H82052,15.181
H82053,8.125
H82055,15.777
H82056,5.654
H82057,2.497
H82058,24.365
H82059,28.522
H82060,14.677
H82061,18.92
H82063,5.902
H82064,24.157
H82065,14.397
H82066,39.65
H82067,17.566
H82070,7.645
H82072,1.928
H82076,7.682
H82077,10.381
H82078,13.975
H82083,12.536
H82084,15.257
H82087,5.469
H82088,25.198
H82089,17.634
H82091,23.819
H82092,6.048
H82095,18.032
H82096,38.777
H82098,44.109
H82099,13.433
H82100,11.252
H82615,17.055
H82621,11.263
H82640,1.124
H83001,29.074
H83004,12.056
H83005,23.5
H83006,36.004
H83007,32.702
H83008,8.729
H83009,23.381
H83010,19.585
H83011,42.449
H83012,43.021
H83013,6.431
H83014,12.056
H83015,14.464
H83016,22.424
H83017,22.163
H83018,12.056
H83019,35.775
H83020,42.449
H83021,42.449
H83022,43.809
H83023,30.644
H83024,19.832
H83027,36.004
H83028,36.004
H83029,11.327
H83030,9.41
H83031,15.153
H83033,32.164
H83034,40.478
H83037,21.715
H83039,28.332
H83040,5.761
H83042,21.65
H83043,11.327
H83044,17.721
H83049,38.85
H83050,17.303
H83051,20.706
H83052,6.872
H83053,37.166
H83608,28.215
H83609,37.166
H83611,28.381
H83624,18.622
H83625,22.748
H83627,18.386
H83631,23.746
H84002,4.826
H84005,6.706
H84006,7.831
H84007,8.295
H84010,5.062
H84012,7.551
H84014,7.46
H84015,14.372
H84016,7.367
H84017,18.695
H84018,4.594
H84020,12.215
H84023,7.824
H84025,17.875
H84027,8.24
H84030,14.372
H84031,9.207
H84032,13.14
H84033,4.323
H84034,10.777
H84039,6.198
H84040,4.594
H84041,6.021
H84042,17.185
H84044,6.094
H84048,4.823
H84050,17.875
H84051,17.185
H84053,14.372
H84054,14.437
H84055,7.831
H84057,21.164
H84059,2.666
H84060,4.824
H84061,13.113
H84062,14.372
H84618,8.064
H84619,10.174
H84623,8.914
H84625,20.358
H84629,11.051
H84630,9.207
H84635,7.414
H84639,4.171
H85001,19.4
H85002,13.523
H85003,38.342
H85005,17.492
H85006,22.976
H85007,8.252
H85008,24.659
H85009,16.136
H85011,18.304
H85012,11.246
H85018,9.004
H85020,5.847
H85021,31.388
H85022,17.325
H85023,28.594
H85024,25.138
H85025,16.373
H85026,4.692
H85027,9.005
H85028,5.46
H85029,17.62
H85030,25.999
H85031,16.018
H85032,4.084
H85033,14.135
H85035,15.38
H85037,10.223
H85038,18.396
H85041,8.707
H85045,18.872
H85047,8.267
H85048,19.102
H85049,10.655
H85051,4.549
H85052,14.927
H85053,8.235
H85055,4.599
H85057,3.568
H85061,9.478
H85063,9.787
H85065,24.607
H85066,17.492
H85067,34.899
H85069,18.629
H85070,24.369
H85075,14.846
H85076,11.832
H85077,8.329
H85078,25.671
H85082,27.898
H85087,10.551
H85088,33.441
H85090,24.464
H85092,16.068
H85095,11.476
H85100,13.215
H85101,7.121
H85103,13.983
H85105,9.204
H85110,23.077
H85111,17.433
H85112,4.548
H85113,20.888
H85114,5.093
H85115,18.938
H85116,35.547
H85618,11.832
H85634,16.015
H85637,16.136
H85649,13.142
H85653,18.938
H85656,6.798
H85659,14.846
H85662,5.989
H85664,15.155
H85665,15.277
H85680,13.45
H85682,20.805
H85683,28.091
H85686,7.905
H85691,13.202
H85693,28.494
H85695,14.927
J81002,12.172
J81003,21.536
J81004,20.981
J81005,19.858
J81006,13.715
J81009,18.161
J81010,11.324
J81011,11.808
J81012,13.44
J81013,11.355
J81014,25.657
J81016,13.508
J81017,15.158
J81018,20.588
J81019,21.991
J81020,13.607
J81021,39.016
J81022,14.808
J81025,14.019
J81027,54.5
J81028,7.068
J81029,13.182
J81030,6.07
J81033,15.858
J81034,12.607
J81035,19.098
J81036,27.247
J81039,7.303
J81041,2.368
J81042,7.397
J81044,13.507
J81045,25.591
J81046,2.368
J81047,8.908
J81048,8.866
J81049,9.514
J81051,12.356
J81052,37.053
J81053,13.398
J81054,2.721
J81056,23.362
J81057,23.362
J81058,19.543
J81059,20.588
J81061,12.172
J81062,14.191
J81064,15.367
J81066,15.945
J81067,3.49
J81068,25.663
J81070,12.614
J81071,10.099
J81072,22.347
J81073,57.714
J81074,12.383
J81075,22.498
J81076,17.784
J81077,5.582
J81078,7.413
J81081,19.518
J81082,12.457
J81083,18.377
J81086,20.896
J81087,18.671
J81609,20.882
J81612,17.965
J81613,15.297
J81616,12.529
J81620,19.778
J81621,23.093
J81625,18.159
J81626,24.112
J81628,11.353
J81631,13.783
J81633,22.517
J81634,64.869
J81637,12.457
J81644,5.582
J81646,11.76
J81647,7.248
J81648,15.367
J82001,35.474
J82002,38.708
J82005,5.583
J82006,12.736
J82007,30.307
J82008,12.671
J82009,9.747
J82010,28.997
J82012,14.457
J82015,8.703
J82016,11.602
J82017,14.286
J82018,6.658
J82019,3.843
J82020,17.999
J82021,12.914
J82022,53.435
J82023,4.417
J82024,43.989
J82025,15.716
J82026,9.549
J82028,22.597
J82029,11.769
J82033,10.58
J82034,20.24
J82035,22.231
J82036,11.555
J82039,17.232
J82040,15.735
J82041,28.997
J82042,6.664
J82044,7.041
J82049,4.386
J82050,8.198
J82051,8.438
J82053,28.124
J82054,9.049
J82055,23.455
J82056,4.559
J82058,6.839
J82059,4.505
J82060,68.323
J82061,4.262
J82062,53.919
J82063,17.999
J82064,5.601
J82066,16.944
J82067,0.948
J82069,25.186
J82071,25.968
J82072,2.325
J82073,26.185
J82074,19.64
J82075,14.884
J82076,17.355
J82077,18.958
J82079,7.683
J82080,6.053
J82081,39.149
J82082,30.126
J82083,38.495
J82084,12.736
J82085,55.145
J82087,28.887
J82088,23.368
J82089,9.281
J82090,30.545
J82092,27.321
J82094,20.918
J82098,21.844
J82099,1.102
J82101,38.401
J82102,9.221
J82103,28.124
J82104,14.657
J82106,10.935
J82110,5.37
J82112,9.062
J82114,35.612
J82115,27.836
J82116,2.769
J82117,49.7
J82119,5.216
J82120,4.042
J82121,21.357
J82122,18.67
J82124,4.804
J82125,7.348
J82126,14.063
J82128,17.355
J82129,3.911
J82130,15.026
J82131,16.551
J82132,24.883
J82133,16.398
J82134,21.174
J82135,5.406
J82136,6.434
J82138,8.551
J82139,14.884
J82142,21.025
J82143,6.394
J82144,6.839
J82145,8.1
J82146,16.268
J82147,4.711
J82149,39.65
J82150,7.559
J82151,3.545
J82152,33.159
J82154,18.896
J82155,47.503
J82156,12.148
J82157,14.179
J82161,11.226
J82163,12.282
J82164,9.067
J82166,5.124
J82169,8.239
J82174,3.918
J82177,41.894
J82178,37.286
J82180,14.62
J82181,42.079
J82183,21.618
J82184,17.421
J82188,8.438
J82192,10.271
J82194,17.856
J82196,28.997
J82197,5.591
J82198,16.944
J82199,21.759
J82201,9.471
J82207,31.153
J82208,36.254
J82210,12.914
J82213,43.989
J82214,8.345
J82215,9.534
J82216,11.406
J82217,45.775
J82218,7.361
J82220,7.729
J82605,14.542
J82622,17.835
J82625,7.866
J82628,7.601
J82630,18.42
J82633,7.609
J82639,2.612
J82640,6.52
J82646,33.205
J82663,6.053
J82669,18.532
J83001,13.693
J83002,18.423
J83003,18.933
J83004,5.261
J83005,12.031
J83006,27.88
J83007,17.718
J83008,24.315
J83009,17.755
J83010,10.688
J83011,18.254
J83013,7.404
J83014,24.844
J83016,23.261
J83018,16.618
J83019,9.916
J83021,13.426
J83022,5.364
J83023,12.34
J83024,46.665
J83025,20.625
J83026,24.761
J83027,20.476
J83029,29.411
J83030,7.781
J83031,29.633
J83033,25.503
J83034,17.222
J83035,3.379
J83036,14.06
J83037,9.741
J83038,42.424
J83039,18.258
J83040,15.399
J83041,7.889
J83042,26.918
J83043,11.875
J83045,4.159
J83046,20.4
J83047,32.031
J83048,12.031
J83049,12.539
J83050,10.377
J83052,24.761
J83053,12.539
J83055,16.614
J83056,11.949
J83057,21.946
J83058,15.787
J83059,5.727
J83060,5.909
J83064,5.887
J83601,7.553
J83603,10.007
J83609,19.742
J83615,10.43
J83618,10.683
J83619,6.135
J83625,3.702
J83629,15.386
J83630,19.18
J83633,23.66
J83645,39.444
J83646,27.024
J84003,43.209
J84004,17.641
J84005,44.917
J84007,14.126
J84008,33.174
J84010,33.405
J84011,14.051
J84012,29.712
J84013,27.957
J84015,21.12
J84016,29.158
J84017,39.145
J84018,43.209
J84019,23.665
J84020,25.156
K81001,15.473
K81002,16.17
K81003,6.699
K81004,13.364
K81005,24.162
K81006,12.239
K81007,20.121
K81010,4.813
K81012,6.515
K81014,4.857
K81015,19.761
K81017,1.689
K81018,1.945
K81019,17.765
K81020,23.136
K81021,18.573
K81022,6.736
K81024,32.657
K81025,1.542
K81026,28.851
K81027,13.429
K81028,5.127
K81030,17.015
K81034,23.366
K81036,23.136
K81039,39.144
K81040,20.25
K81041,11.769
K81042,1.534
K81043,23.218
K81045,6.697
K81046,10.191
K81047,2.274
K81048,27.388
K81050,11.319
K81051,9.111
K81052,17.43
K81055,7.319
K81056,9.03
K81057,6.051
K81059,5.33
K81060,0.859
K81062,24.892
K81063,16.17
K81066,5.48
K81068,7.303
K81069,4.201
K81070,2.246
K81073,13.65
K81074,10.191
K81075,26.483
K81076,3.957
K81077,11.295
K81078,24.345
K81080,2.024
K81081,28.851
K81082,20.485
K81083,13.905
K81084,5.239
K81085,23.102
K81086,32.811
K81087,20.214
K81089,26.443
K81092,2.542
K81094,21.481
K81097,2.758
K81100,12.466
K81102,9.549
K81103,7.57
K81605,9.406
K81607,21.612
K81608,17.354
K81610,28.894
K81613,17.93
K81616,19.413
K81622,1.412
K81630,9.38
K81633,6.384
K81636,28.851
K81638,7.03
K81644,9.03
K81645,24.162
K81651,19.005
K81655,3.957
K81656,19.614
K81657,28.894
K82001,5.635
K82003,41.421
K82004,2.603
K82006,14.243
K82007,21.487
K82008,2.775
K82009,10.882
K82010,26.18
K82011,3.539
K82012,4.022
K82013,24.271
K82014,15.658
K82015,10.548
K82016,7.281
K82017,10.316
K82018,20.447
K82019,23.813
K82020,16.205
K82021,16.308
K82022,6.553
K82023,6.998
K82024,16.574
K82025,18.702
K82026,14.08
K82027,28.053
K82028,13.493
K82029,8.723
K82030,15.723
K82031,7.408
K82032,9.226
K82033,20.791
K82035,10.787
K82036,22.761
K82037,12.965
K82038,4.594
K82039,24.271
K82040,25.239
K82042,9.192
K82043,8.903
K82044,20.77
K82045,10.751
K82046,2.067
K82047,3.043
K82048,5.303
K82049,1.014
K82050,36.65
K82051,2.775
K82053,20.77
K82054,54.004
K82055,16.537
K82057,4.332
K82058,16.574
K82059,28.858
K82060,18.964
K82061,10.077
K82064,27.932
K82065,22.347
K82066,5.335
K82067,13.368
K82068,7.291
K82070,10.077
K82073,1.597
K82074,7.386
K82076,11.568
K82078,2.775
K82079,8.721
K82603,7.421
K82610,54.004
K82615,12.233
K82617,10.882
K82618,4.112
K82621,6.977
K82631,7.741
K82633,15.104
K83002,18.496
K83003,26.903
K83005,33.762
K83006,18.26
K83007,31.334
K83008,12.941
K83009,5.989
K83010,38.46
K83011,10.107
K83012,13.574
K83013,30.118
K83014,48.429
K83015,12.625
K83017,10.866
K83018,3.323
K83019,20.253
K83020,43.798
K83021,17.812
K83022,12.78
K83023,5.374
K83024,15.364
K83025,48.429
K83026,39.051
K83027,24.972
K83028,33.268
K83029,13.574
K83030,9.955
K83031,11.251
K83032,32.676
K83035,45.514
K83036,30.55
K83037,10.469
K83039,36.531
K83040,41.977
K83041,9.98
K83042,31.181
K83043,15.476
K83044,5.486
K83047,21.812
K83048,44.959
K83049,2.005
K83050,29.956
K83051,30.118
K83052,7.588
K83053,6.214
K83055,9.914
K83056,18.39
K83059,51.712
K83064,4.919
K83065,11.103
K83066,15.306
K83068,10.067
K83069,27.196
K83070,11.646
K83076,43.798
K83077,15.504
K83079,12.884
K83080,16.33
K83081,24.866
K83601,9.211
K83607,27.6
K83610,5.377
K83614,27.6
K83616,11.103
K83618,43.798
K83620,12.78
K83621,26.38
K83622,11.82
K83625,3.248
K84001,4.31
K84002,9.333
K84003,8.558
K84004,10.669
K84006,7.145
K84007,8.357
K84008,15.712
K84009,24.433
K84010,4.498
K84011,5.246
K84012,1.765
K84013,16.745
K84014,6.592
K84015,15.499
K84016,12.472
K84017,8.727
K84019,5.523
K84020,8.104
K84021,5.246
K84023,22.846
K84024,19.278
K84025,9.136
K84026,7.119
K84027,13.058
K84028,11.839
K84030,5.359
K84031,44.473
K84032,16.745
K84033,5.523
K84034,11.667
K84035,4.31
K84036,3.123
K84037,2.874
K84038,20.411
K84040,11.839
K84041,3.315
K84042,4.051
K84043,5.794
K84044,6.802
K84045,7.834
K84046,4.869
K84047,8.9
K84048,14.704
K84049,12.472
K84050,3.181
K84051,9.439
K84052,20.411
K84054,13.058
K84055,6.347
K84056,15.745
K84058,4.35
K84059,13.394
K84060,12.607
K84062,14.338
K84063,16.745
K84065,10.094
K84066,37.613
K84071,4.306
K84072,23.281
K84075,9.147
K84078,7.119
K84079,1.661
K84080,12.472
K84082,5.969
K84605,12.472
K84610,5.236
K84613,4.36
K84618,22.129
K84624,2.89
L81004,8.761
L81007,38.92
L81008,34.717
L81009,19.405
L81010,19.066
L81012,35.292
L81013,27.576
L81014,4.678
L81015,48.956
L81016,38.715
L81017,8.452
L81018,15.764
L81019,22.651
L81020,8.835
L81021,1.993
L81022,34.116
L81023,29.126
L81024,12.996
L81025,10.177
L81026,7.681
L81027,10.707
L81029,16.31
L81030,9.222
L81031,12.794
L81033,20.114
L81034,15.083
L81036,28.722
L81037,30.365
L81038,30.5
L81039,8.083
L81040,6.487
L81041,75.488
L81042,12.996
L81043,31.097
L81044,18.541
L81045,15.067
L81046,24.827
L81047,12.996
L81050,8.698
L81051,31.097
L81053,19.818
L81054,30.138
L81055,16.871
L81058,16.053
L81059,16.925
L81061,53.788
L81062,29.223
L81063,19.627
L81064,15.593
L81065,2.483
L81066,14.145
L81067,63.739
L81068,17.783
L81069,41.825
L81070,4.053
L81071,6.14
L81072,7.065
L81073,15.593
L81075,27.576
L81077,38.928
L81078,10.85
L81079,7.267
L81081,6.768
L81082,43.035
L81083,75.488
L81084,27.295
L81085,22.526
L81086,6.863
L81087,27.576
L81089,53.58
L81090,15.566
L81091,7.808
L81094,34.383
L81095,34.383
L81098,36.529
L81101,10.177
L81103,23.487
L81106,15.764
L81117,10.182
L81118,3.047
L81120,20.114
L81122,15.206
L81123,9.437
L81125,11.892
L81127,8.492
L81130,29.976
L81131,5.106
L81132,7.712
L81133,11.729
L81600,15.394
L81617,2.084
L81622,11.405
L81632,3.381
L81637,6.934
L81642,3.614
L81643,23.232
L81644,5.31
L81648,29.126
L81649,4.852
L81655,15.732
L81669,23.887
L81670,58.848
L82001,28.796
L82003,22.639
L82004,20.849
L82006,34.967
L82007,21.689
L82008,18.119
L82009,28.715
L82010,47.47
L82011,28.166
L82012,36.257
L82013,24.814
L82015,21.297
L82016,25.322
L82017,12.005
L82018,24.858
L82021,26.065
L82022,11.099
L82023,24.17
L82024,24.076
L82025,24.686
L82026,21.907
L82028,28.796
L82029,18.45
L82030,18.673
L82035,14.38
L82036,37.339
L82038,30.007
L82039,9.785
L82041,37.348
L82042,36.677
L82043,20.465
L82044,22.53
L82045,7.109
L82046,27.313
L82047,26.806
L82048,17.887
L82049,34.203
L82050,40.617
L82051,29.269
L82052,8.766
L82054,20.155
L82056,18.888
L82057,23.141
L82058,23.22
L82059,11.687
L82061,16.666
L82066,20.062
L82068,22.976
L82070,26.065
L82618,21.689
L82620,32.334
L82622,9.345
L83002,11.881
L83003,49.245
L83004,16.009
L83005,20.629
L83006,29.491
L83007,10.811
L83008,20.222
L83010,19.473
L83011,6.936
L83012,22.22
L83013,33.026
L83014,47.703
L83015,51.479
L83016,20.236
L83018,21.952
L83019,28.708
L83020,16.173
L83021,11.897
L83022,36.43
L83023,26.13
L83024,35.511
L83025,22.032
L83026,20.361
L83027,62.422
L83028,40.722
L83029,32.829
L83030,56.949
L83031,19.712
L83034,14.43
L83035,9.647
L83036,6.28
L83038,15.232
L83039,30.402
L83040,4.11
L83041,4.184
L83042,12.536
L83043,22.193
L83044,11.193
L83045,4.839
L83046,23.778
L83048,5.052
L83049,13.631
L83050,12.958
L83051,29.398
L83052,26.032
L83053,13.215
L83054,18.202
L83055,38.698
L83056,13.215
L83057,9.161
L83058,12.536
L83059,10.881
L83064,9.993
L83065,10.242
L83066,16.157
L83067,17.087
L83068,26
L83069,26.576
L83070,19.262
L83071,24.67
L83072,19.831
L83073,28.647
L83075,19.523
L83076,39.234
L83077,8.203
L83079,8.252
L83081,8.785
L83082,13.141
L83083,23.144
L83084,8.203
L83085,26.032
L83086,8.239
L83087,21.31
L83088,7.724
L83089,23.306
L83092,8.349
L83094,14.815
L83095,14.263
L83096,22.857
L83097,16.916
L83098,17.062
L83099,11.067
L83100,9.503
L83101,19.512
L83102,8.362
L83103,49.815
L83105,20.361
L83106,37.014
L83111,23.469
L83112,36.664
L83113,49.94
L83115,32.157
L83116,3.561
L83118,26.714
L83120,36.43
L83127,18.871
L83128,20.493
L83129,24.071
L83131,32.771
L83134,13.399
L83136,23.208
L83137,19.318
L83143,7.82
L83146,19.889
L83147,31.42
L83148,14.068
L83607,28.451
L83616,17.408
L83624,47.714
L83627,6.665
L83628,23.208
L83639,7.242
L83642,28.708
L83646,32.39
L83648,14.893
L83651,72.714
L83655,35.637
L83657,36.43
L83663,24.585
L83666,33.799
L83673,24.618
L84001,40.535
L84003,15.375
L84004,6.21
L84005,8.048
L84006,13.465
L84007,18.708
L84008,48.724
L84009,13.232
L84010,13.525
L84011,30.953
L84012,6.149
L84014,7.188
L84015,1.419
L84016,7.923
L84018,9.386
L84021,18.718
L84022,11.921
L84023,18.543
L84024,17.26
L84025,6.212
L84026,18.381
L84027,3.084
L84028,46.627
L84029,23.111
L84030,20.526
L84031,10.799
L84032,18.708
L84033,48.724
L84034,36.891
L84036,4.704
L84037,15.444
L84038,11.578
L84039,18.708
L84040,3.677
L84041,11.921
L84043,8.361
L84044,7.891
L84045,19.835
L84046,46.627
L84047,5.59
L84048,10.294
L84049,48.724
L84050,14.895
L84051,3.084
L84052,57.278
L84053,7.182
L84054,18.543
L84056,48.724
L84058,48.724
L84059,11.921
L84060,5.526
L84063,16.082
L84065,5.525
L84067,5.577
L84068,9.241
L84069,22.509
L84070,13.385
L84071,28.475
L84072,9.241
L84073,8.159
L84075,8.159
L84077,18.708
L84078,11.526
L84080,8.537
L84081,55.052
L84084,21.694
L84085,30.953
L84606,7.003
L84613,13.385
L84615,21.824
L84616,11.921
L84617,14.412
L85001,18.466
L85002,20.939
L85003,26.834
L85004,27.341
L85006,11.104
L85007,11.065
L85008,9.702
L85009,23.502
L85010,26.551
L85011,13.268
L85012,14.949
L85013,11.937
L85014,23.799
L85015,12.019
L85016,32.083
L85017,36.571
L85018,20.039
L85019,21.568
L85020,13.802
L85021,13.964
L85022,36.571
L85023,35.386
L85024,13.292
L85025,37.614
L85026,16.714
L85027,19.631
L85028,29.526
L85029,18.129
L85030,29.526
L85031,6.675
L85032,15.059
L85033,24.388
L85034,20.939
L85035,32.206
L85036,8.115
L85037,16.253
L85038,15.692
L85039,19.476
L85040,18.023
L85042,43.196
L85043,14.169
L85044,13.783
L85046,22.186
L85047,44.109
L85048,13.849
L85050,14.949
L85051,19.727
L85052,20.651
L85053,19.632
L85054,8.682
L85055,12.265
L85056,10.646
L85061,8.682
L85062,18.461
L85064,35.667
L85065,27.928
L85066,14.839
L85601,12.903
L85607,10.562
L85609,10.778
L85611,13.21
L85612,38.76
L85619,22.01
L85624,19.384
M81001,30.392
M81002,30.392
M81003,37.183
M81004,20.733
M81005,17.007
M81006,23.724
M81007,6.136
M81008,40.229
M81009,18.057
M81010,37.58
M81011,17.164
M81012,20.99
M81015,10.673
M81016,37.183
M81017,46.46
M81018,25.161
M81019,48.606
M81020,30.392
M81021,3.906
M81022,20.433
M81024,19.409
M81025,18.873
M81026,29.727
M81027,2.394
M81029,8.483
M81032,29.727
M81033,9.118
M81034,25.68
M81035,20.433
M81037,19.509
M81038,17.367
M81039,17.019
M81040,32.033
M81041,19.956
M81042,18.24
M81043,13.372
M81044,19.016
M81045,17.608
M81046,15.482
M81047,25.68
M81048,32.327
M81049,13.163
M81054,23.073
M81055,18.873
M81056,37.58
M81057,22.523
M81058,34.797
M81061,17.816
M81062,50.746
M81063,13.362
M81064,2.136
M81066,29.727
M81067,22.712
M81068,17.007
M81069,27.587
M81070,21.887
M81072,29.637
M81073,17.388
M81074,25.309
M81075,21.081
M81076,11.141
M81077,7.423
M81078,2.864
M81081,17.019
M81082,21.887
M81083,6.037
M81084,18.568
M81089,44.442
M81090,16.177
M81091,5.05
M81092,14.869
M81093,10.292
M81094,34.797
M81600,11.471
M81604,11.089
M81605,5.634
M81608,21.839
M81616,21.006
M81617,21.006
M81621,20.99
M81627,26.636
M81629,21.081
M82002,17.259
M82003,36.055
M82004,12.112
M82005,11.012
M82006,17.183
M82007,27.423
M82008,12.081
M82009,50.273
M82010,35.921
M82011,12.62
M82012,30.646
M82013,24.492
M82014,11.807
M82016,5.782
M82017,10.464
M82018,9.942
M82019,15.614
M82020,16.655
M82021,4.702
M82022,39.907
M82023,7.013
M82024,19.379
M82025,7.51
M82026,16.413
M82028,8.664
M82030,10.131
M82031,9.029
M82032,35.264
M82033,23.213
M82034,17.183
M82035,10.631
M82038,9.434
M82039,49.811
M82040,12.188
M82041,22.398
M82042,55.723
M82043,28.499
M82044,20.612
M82046,30.816
M82047,4.575
M82048,8.583
M82051,24.674
M82056,8.664
M82057,24.062
M82058,23.741
M82059,5.217
M82060,13.232
M82601,22.231
M82604,21.323
M82606,26.177
M82616,47.276
M82620,22.24
M83001,16.109
M83004,47.664
M83005,37.099
M83006,10.742
M83007,14.746
M83009,10.506
M83010,36.975
M83011,6.153
M83012,27.45
M83013,3.198
M83014,21.555
M83015,13.769
M83016,14.18
M83017,15.617
M83018,9.053
M83020,19.963
M83021,35.019
M83022,10.022
M83023,24.078
M83024,15.505
M83025,23.936
M83026,29.859
M83027,11.29
M83028,41.529
M83030,33.664
M83031,18.375
M83032,24.025
M83033,16.816
M83034,22.593
M83035,3.242
M83036,34.288
M83037,19.311
M83038,53.893
M83041,11.509
M83042,24.997
M83044,34.073
M83045,13.449
M83046,18.075
M83047,7.708
M83048,14.18
M83049,12.599
M83050,29.065
M83051,22.43
M83052,1.793
M83054,15.066
M83056,11.178
M83057,29.065
M83059,5.906
M83061,7.909
M83062,24.025
M83063,13.86
M83065,9.343
M83066,13.533
M83067,28.948
M83068,40.769
M83069,19.963
M83070,15.278
M83071,27.529
M83072,12.93
M83073,18.211
M83074,10.507
M83075,37.033
M83076,46.413
M83079,27.45
M83082,53.112
M83084,24.078
M83088,24.025
M83089,18.075
M83090,47.664
M83092,12.551
M83093,12.967
M83094,16.843
M83096,32.424
M83097,28.53
M83100,48.269
M83102,55.965
M83103,22.514
M83107,25.347
M83108,22.514
M83109,16.816
M83110,45.751
M83111,39.972
M83113,45.717
M83115,29.386
M83117,24.025
M83121,7.408
M83122,16.68
M83123,7.794
M83125,14.621
M83126,19.114
M83127,61.255
M83129,20.427
M83130,20.397
M83132,24.605
M83134,35.821
M83138,24.57
M83139,40.347
M83140,25.569
M83141,33.291
M83143,34.046
M83146,46.413
M83148,39.972
M83601,7.533
M83608,11.692
M83616,20.397
M83617,11.939
M83619,42.056
M83623,37.033
M83624,21.779
M83625,64.146
M83627,61.255
M83632,6.744
M83637,48.565
M83638,29.989
M83640,6.849
M83641,17.743
M83650,36.91
M83661,44.912
M83668,10.68
M83670,3.664
M83680,21.63
M83681,32.566
M83682,55.878
M83691,6.963
M83693,13.601
M83697,52.825
M83698,11.692
M83700,37.033
M83701,31.248
M83703,37.579
M83705,45.717
M83706,45.717
M83709,10.117
M83711,8.404
M83713,48.269
M83715,30.778
M83717,13.86
M83718,46.843
M83719,18.696
M83722,16.816
M83723,36.808
M83725,36.758
M83727,13.86
M83738,30.932
M84001,36.132
M84002,9.576
M84003,15.103
M84004,17.785
M84005,36.186
M84006,14.962
M84007,25.049
M84008,27.528
M84009,13.735
M84010,20.004
M84011,29.953
M84012,29
M84013,8.917
M84014,16.837
M84015,13.286
M84016,16.948
M84017,9.664
M84018,9.411
M84019,35.676
M84020,17.411
M84021,14.343
M84022,24.127
M84023,15.117
M84024,5.158
M84025,12.632
M84026,6.981
M84028,8.646
M84029,5.967
M84030,19.29
M84031,15.448
M84032,17.703
M84034,3.219
M84035,15.117
M84036,8.917
M84037,22.757
M84040,14.308
M84041,36.132
M84042,19.517
M84043,14.343
M84044,1.136
M84046,8.246
M84047,8.731
M84049,21.027
M84050,31.047
M84051,24.022
M84055,23.343
M84059,11.567
M84060,21.027
M84061,22.993
M84062,10.299
M84063,2.967
M84064,6.581
M84065,31.047
M84066,11.153
M84067,15.117
M84069,8.54
M84070,6.234
M84609,19.343
M84612,35.676
M84615,14.815
M84616,6.494
M84618,22.993
M84620,19.424
M84621,43.311
M84627,29.953
M84629,6.981
M85001,47.77
M85002,38.104
M85005,46.736
M85006,49.568
M85007,40.987
M85008,53.261
M85009,63.744
M85011,46.456
M85013,55.739
M85014,42.242
M85016,56.75
M85018,44.835
M85019,30.546
M85020,62.468
M85021,29.974
M85023,50.357
M85024,63.826
M85025,30.894
M85026,9.641
M85027,30.515
M85028,19.26
M85029,19.466
M85030,41.878
M85031,58.067
M85033,23.843
M85034,48.637
M85035,54.072
M85037,21.275
M85041,15.544
M85042,19.934
M85043,69.379
M85046,4.952
M85047,25.035
M85048,34.711
M85051,61.941
M85053,53.898
M85055,21.191
M85056,32.582
M85058,16.528
M85060,52.312
M85061,48.637
M85062,57.941
M85063,39.736
M85064,49.896
M85065,44.421
M85066,41.877
M85069,62.468
M85070,47.224
M85071,11.528
M85074,37.571
M85076,44.97
M85077,22.079
M85078,38.754
M85079,47.77
M85081,47.682
M85082,50.934
M85084,61.205
M85085,62.676
M85086,13.764
M85087,47.682
M85088,34.158
M85092,40.022
M85094,44.315
M85097,17.89
M85098,32.387
M85105,31.911
M85107,59.155
M85108,60.271
M85110,51.416
M85113,28.985
M85115,29.563
M85116,50.599
M85117,55.858
M85118,13.915
M85123,51.777
M85124,55.428
M85128,61.941
M85134,29.948
M85136,67.673
M85139,56.821
M85141,54.64
M85142,60.844
M85143,43.801
M85145,20.299
M85146,63.826
M85149,51.416
M85153,54.371
M85154,59.253
M85155,29.954
M85156,37.57
M85158,52.312
M85159,23.74
M85164,55.778
M85167,12.844
M85170,57.642
M85171,21.081
M85172,15.845
M85174,62.676
M85175,8.274
M85176,44.067
M85177,15.475
M85178,61.052
M85179,28.231
M85600,26.603
M85624,28.542
M85634,59.253
M85642,59.211
M85663,56.729
M85669,47.224
M85670,56.821
M85671,20.044
M85676,61.057
M85679,49.57
M85680,54.936
M85684,49.865
M85686,59.211
M85693,21.275
M85694,45.513
M85697,61.057
M85699,60.271
M85701,53.928
M85706,49.865
M85711,46.788
M85713,61.205
M85715,44.067
M85716,47.224
M85717,56.274
M85721,56.503
M85722,57.249
M85730,32.371
M85732,56.729
M85733,23.236
M85735,41.614
M85736,43.725
M85739,56.821
M85746,56.274
M85749,46.736
M85753,38.923
M85756,38.754
M85757,44.067
M85759,56.729
M85766,61.941
M85770,37.422
M85774,38.754
M85778,27.122
M85779,60.126
M85781,56.91
M85782,23.574
M85783,58.12
M85792,24.259
M85794,62.676
M85797,19.337
M85801,20.299
M85803,55.46
M86001,28.526
M86002,22.628
M86003,9.169
M86004,5.742
M86005,54.621
M86006,27.253
M86007,4.379
M86008,27.334
M86009,34.476
M86010,38.142
M86012,54.621
M86014,17.607
M86015,56.558
M86016,43.073
M86017,23.094
M86018,22.287
M86019,16.773
M86020,70.862
M86021,29
M86023,23.635
M86027,23.359
M86028,44.637
M86029,19.737
M86030,17.47
M86032,20.539
M86033,52.31
M86034,44.336
M86035,75.274
M86037,23.359
M86038,12.498
M86039,16.825
M86040,20.564
M86041,43.073
M86044,24.817
M86045,44.637
M86046,14.406
M86048,22.628
M86605,44.336
M86610,24.817
M86612,43.597
M86617,54.621
M86622,17.5
M86624,27.798
M86627,49.733
M86633,50.892
M86638,10.864
M87001,4.09
M87003,12.783
M87005,21.239
M87006,25.203
M87007,10.033
M87008,25.995
M87009,41.423
M87010,41.423
M87011,19.361
M87012,46.385
M87013,13.04
M87014,10.126
M87015,22.916
M87016,12.239
M87017,59.015
M87018,12.783
M87019,54.825
M87020,11.345
M87021,53.598
M87023,18.719
M87024,35.719
M87025,59.015
M87026,25.203
M87027,22.589
M87028,21.27
M87030,34.229
M87034,33.563
M87036,48.639
M87037,5.732
M87041,22.025
M87601,44.188
M87602,6.955
M87605,48.639
M87612,25.203
M87617,21.27
M87618,5.036
M87620,7.61
M87621,32.866
M87623,13.264
M87628,54.825
M87638,22.589
M88001,56.992
M88002,55.643
M88003,34.315
M88004,41.484
M88006,31.117
M88007,33.254
M88008,31.021
M88009,39.454
M88010,51.838
M88013,32.852
M88014,28.426
M88015,26.378
M88016,30.461
M88018,44.039
M88019,28.157
M88020,46.788
M88021,15.44
M88022,42.039
M88023,56.992
M88024,15.44
M88026,43.706
M88030,30.461
M88031,35.551
M88035,28.426
M88038,42.705
M88040,47.144
M88041,40.625
M88042,25.069
M88043,33.989
M88044,36.64
M88600,34.94
M88610,28.989
M88612,70.309
M88616,62.903
M88618,34.59
M88619,42.705
M88620,23.447
M88623,17.305
M88625,42.705
M88626,67.581
M88627,42.039
M88628,34.02
M88629,43.065
M88630,31.021
M88633,37.462
M88635,33.482
M88639,67.581
M88640,30.978
M88643,42.039
M88645,18.558
M88646,42.705
M88647,41.415
M89001,26.134
M89002,24.46
M89003,21.292
M89005,6.427
M89007,11.461
M89008,64.431
M89009,25.006
M89010,2.137
M89012,55.85
M89013,53.784
M89015,38.921
M89016,2.803
M89017,9.968
M89019,40.413
M89021,17.89
M89024,27.399
M89026,14.454
M89027,53.784
M89030,4.917
M89602,39.487
M89608,5.813
M91003,8.684
M91004,46.96
M91006,19.304
M91007,29.477
M91008,45.082
M91009,29.477
M91010,8.298
M91011,44.984
M91013,40.67
M91014,58.589
M91015,52.658
M91016,15.404
M91017,8.298
M91018,52.658
M91019,27.649
M91020,26.741
M91021,40.67
M91024,18.75
M91026,38.723
M91028,39.985
M91029,49.752
M91032,17.085
M91033,40.67
M91034,36.326
M91036,51.504
M91602,36.326
M91609,19.304
M91611,49.457
M91612,36.326
M91613,46.583
M91614,39.985
M91616,47.048
M91619,33.449
M91621,35.698
M91623,31.071
M91624,40.423
M91626,36.643
M91628,58.589
M91629,41.95
M91637,4.479
M91639,29.477
M91640,38.723
M91641,39.901
M91642,17.085
M91647,36.326
M91650,36.326
M91654,27.488
M91659,58.589
M91660,38.723
M92001,49.998
M92002,38.02
M92003,45.111
M92004,25.727
M92006,10.666
M92007,47.802
M92008,18.449
M92009,11.807
M92010,10.541
M92011,8.772
M92012,46.113
M92013,37.915
M92014,51.154
M92015,31.856
M92016,42.877
M92019,49.978
M92022,43.092
M92026,14.698
M92028,33.7
M92029,25.93
M92039,25.727
M92040,43.613
M92041,40.724
M92042,42.559
M92043,19.898
M92044,22.289
M92607,40.494
M92609,29.868
M92612,37.888
M92627,31.856
M92629,20.95
M92630,36.735
M92640,25.93
M92649,31.856
M92654,49.998
N81001,14.066
N81002,7.915
N81005,10.66
N81006,10.573
N81007,8.425
N81008,5.73
N81009,19.228
N81010,26.483
N81011,32.048
N81012,30.053
N81013,25.857
N81014,6.865
N81016,36.164
N81018,2.443
N81019,64.805
N81020,8.945
N81022,5.797
N81024,31.862
N81025,12.053
N81026,1.518
N81027,27.203
N81028,26.516
N81029,25.857
N81030,17.873
N81031,2.443
N81032,7.83
N81033,5.762
N81034,24.91
N81035,42.077
N81036,30.053
N81037,39.787
N81038,14.298
N81039,18.483
N81040,31.862
N81041,42.697
N81042,11.581
N81043,9.205
N81044,19.238
N81045,42.077
N81046,4.079
N81047,26.483
N81048,13.018
N81049,11.581
N81050,22.266
N81051,9.189
N81052,43.208
N81053,36.164
N81054,58.811
N81055,37.681
N81056,25.241
N81057,50.455
N81059,20.267
N81060,18.575
N81061,37.681
N81062,25.857
N81063,47.744
N81064,62.648
N81065,31.614
N81066,50.455
N81067,16.871
N81068,47.532
N81069,6.113
N81070,14.745
N81071,7.075
N81072,44.323
N81074,42.424
N81075,10.511
N81077,9.016
N81079,24.532
N81080,24.532
N81081,23.134
N81082,24.532
N81083,52.829
N81084,8.823
N81085,25.857
N81086,7.915
N81087,37.681
N81088,25.857
N81089,24.086
N81090,26.483
N81092,8.279
N81093,13.748
N81096,58.811
N81097,41.075
N81100,11.949
N81101,11.203
N81102,24.532
N81107,24.086
N81108,3.536
N81109,9.28
N81111,5.73
N81113,30.269
N81114,39.186
N81115,11.959
N81117,9.659
N81118,27.203
N81119,63.895
N81120,2.901
N81121,24.532
N81122,6.285
N81123,27.73
N81125,27.925
N81127,31.862
N81607,45.76
N81614,18.339
N81619,62.648
N81623,5.527
N81624,11.482
N81626,40.304
N81628,41.075
N81632,25.857
N81637,41.075
N81642,16.244
N81645,52.829
N81651,15.051
N82001,61.31
N82002,70.825
N82003,55.263
N82004,45.859
N82009,16.482
N82011,79.58
N82014,13.145
N82018,65.962
N82019,58.76
N82022,69.234
N82024,21.878
N82026,20.646
N82033,70.809
N82034,45.859
N82035,37.037
N82036,60.669
N82037,61.249
N82039,12.219
N82041,8.912
N82046,20.456
N82048,72.566
N82049,68.487
N82050,37.396
N82052,74.389
N82053,39.488
N82054,19.654
N82058,58.434
N82059,42.024
N82062,28.532
N82065,61.756
N82066,13.435
N82067,64.417
N82070,56.537
N82073,26.67
N82074,58.434
N82076,72.003
N82077,74.468
N82078,74.468
N82079,21.542
N82081,65.01
N82082,51.962
N82083,58.113
N82084,15.93
N82086,47.595
N82087,48.813
N82089,61.756
N82090,61.799
N82091,70.809
N82092,46.219
N82093,58.434
N82094,37.396
N82095,65.01
N82097,72.566
N82099,72.629
N82101,72.673
N82103,74.389
N82104,40.793
N82106,13.435
N82107,17.286
N82108,17.286
N82109,64.483
N82110,61.249
N82113,64.417
N82115,74.468
N82116,21.209
N82117,24.323
N82617,19.512
N82633,25.045
N82641,43.117
N82645,69.234
N82646,61.756
N82648,42.922
N82650,64.483
N82651,74.468
N82655,64.388
N82662,61.756
N82663,24.23
N82664,19.675
N82668,55.378
N82669,72.629
N82670,61.799
N82671,62.436
N82676,18.022
N82678,40.394
N83001,37.02
N83002,53.24
N83003,65.324
N83005,14.959
N83006,65.324
N83007,65.324
N83008,55.342
N83009,75.522
N83010,7.938
N83012,65.324
N83013,40.476
N83014,60.402
N83015,73.408
N83017,65.045
N83018,56.425
N83019,20.449
N83020,27.099
N83021,74.52
N83022,27.099
N83023,65.045
N83024,51.457
N83025,69.975
N83026,65.324
N83027,65.324
N83028,63.364
N83030,52.682
N83031,40.476
N83032,41.885
N83033,62.741
N83035,31.268
N83041,8.611
N83043,49.921
N83045,14.959
N83047,63.364
N83049,14.403
N83050,54.836
N83053,23.17
N83054,27.301
N83055,60.307
N83060,65.045
N83601,60.307
N83603,51.457
N83604,65.045
N83605,14.453
N83608,75.8
N83609,31.951
N83610,73.408
N83614,11.429
N83619,21.671
N83620,38.304
N83621,73.408
N83622,73.408
N83624,34.467
N83628,29.532
N83633,22.131
N83635,23.17
N83637,65.324
N84001,15.531
N84002,41.9
N84003,9.907
N84004,53.913
N84005,30.555
N84006,8.344
N84007,13.812
N84008,14.998
N84010,9.907
N84011,23.144
N84012,15.515
N84013,14.759
N84014,17.079
N84015,65.193
N84016,77.512
N84017,7.648
N84018,8.344
N84019,74.774
N84020,14.802
N84021,33.442
N84023,51.478
N84024,18.288
N84025,9.907
N84026,15.042
N84027,35.773
N84028,66.265
N84029,62.534
N84034,65.193
N84035,40.377
N84037,19.937
N84038,65.193
N84041,15.531
N84043,69.304
N84605,19.704
N84611,16.144
N84613,18.617
N84614,18.617
N84615,42.617
N84617,28.048
N84618,8.344
N84621,43.761
N84624,9.907
N84625,14.507
N84626,8.147
N84627,13
N84630,53.913
N85001,12.651
N85002,12.651
N85003,7.808
N85005,7.808
N85006,18.113
N85007,7.911
N85008,11.268
N85009,17.29
N85012,26.101
N85013,9.96
N85014,17.747
N85015,75.76
N85016,62.373
N85017,63.355
N85018,64.651
N85019,75.76
N85020,66.241
N85021,71.864
N85022,15.095
N85023,34.387
N85024,48.676
N85025,22.216
N85027,36.616
N85028,66.329
N85031,59.028
N85032,10.587
N85034,44.541
N85037,40.63
N85038,71.864
N85040,52.67
N85044,24.016
N85046,23.83
N85047,13.129
N85048,17.036
N85051,44.541
N85052,14.791
N85054,32.926
N85057,8.955
N85059,7.019
N85616,36.616
N85617,5.351
N85620,9.32
N85625,63.355
N85629,71.432
N85633,32.926
N85634,71.864
N85640,67.045
N85643,14.249
N85648,12.143
P81002,23.061
P81003,29.476
P81004,82.897
P81005,33.474
P81006,12.487
P81008,83.799
P81010,12.841
P81013,20.014
P81014,23.51
P81015,9.985
P81016,46.892
P81017,15.337
P81018,5.227
P81020,72.339
P81022,40.345
P81025,62.814
P81027,54.352
P81029,13.598
P81031,36.801
P81032,51.441
P81033,16.291
P81035,54.745
P81036,70.903
P81037,17.766
P81038,24.028
P81039,48.971
P81040,5.197
P81041,6.783
P81042,87.371
P81043,80.117
P81044,24.028
P81045,23.51
P81046,33.762
P81047,72.339
P81051,36.5
P81053,14.941
P81054,34.571
P81055,18.344
P81057,11.799
P81058,62.042
P81059,15.358
P81061,37.417
P81062,24.028
P81063,88.408
P81065,21.709
P81066,54.451
P81067,42.997
P81069,10.313
P81070,44.457
P81071,51.722
P81072,40.445
P81073,23.571
P81074,24.751
P81076,8.721
P81077,6.109
P81078,23.517
P81079,24.002
P81081,53.91
P81082,27.611
P81083,30.988
P81084,15.218
P81086,45.239
P81087,14.129
P81088,24.963
P81089,67.619
P81092,23.571
P81093,51.722
P81095,55.47
P81096,6.057
P81099,33.361
P81100,10.313
P81103,6.86
P81107,11.899
P81112,21.709
P81113,11.637
P81115,62.522
P81117,23.586
P81118,25.618
P81119,27.935
P81123,51.441
P81125,52.557
P81127,24.028
P81128,21.012
P81129,21.012
P81130,49.696
P81132,26.926
P81133,24.002
P81136,21.709
P81137,77.026
P81138,17.501
P81140,36.5
P81143,8.926
P81147,67.622
P81149,12.618
P81150,36.801
P81154,8.271
P81155,22.355
P81157,6.109
P81159,24.751
P81160,31.384
P81165,39.138
P81166,62.305
P81167,43.426
P81169,36.586
P81170,51.441
P81171,21.778
P81172,12.756
P81173,7.451
P81179,13.165
P81180,19.48
P81181,25.256
P81182,57.009
P81184,46.858
P81185,16.63
P81186,23.385
P81191,7.352
P81196,33.029
P81197,41.223
P81201,27.591
P81204,25.677
P81208,59.414
P81212,33.361
P81213,5.46
P81214,53.209
P81218,26.723
P81620,18.127
P81622,40.635
P81633,43.505
P81646,17.501
P81647,31.212
P81655,4.993
P81664,11.067
P81668,45.239
P81674,17.501
P81681,40.445
P81683,30.882
P81685,31.212
P81686,33.361
P81687,3.412
P81692,4.985
P81694,52.557
P81695,13.556
P81699,26.637
P81701,31.498
P81704,41.867
P81707,56.863
P81709,53.451
P81710,6.879
P81711,62.305
P81714,38.65
P81721,51.305
P81724,34.157
P81726,67.622
P81730,17.083
P81731,51.441
P81732,11.276
P81734,64.719
P81735,33.668
P81736,51.441
P81737,6.707
P81738,43.31
P81740,7.592
P81741,25.752
P81742,12.415
P81748,11.067
P81755,43.31
P81757,9.14
P81769,14.766
P81770,52.227
P81771,50.432
P81780,72.339
P82001,45.227
P82002,42.457
P82003,19.433
P82004,32.073
P82005,18.327
P82006,22.643
P82007,29.39
P82008,35.787
P82009,23.278
P82010,60.628
P82011,32.56
P82012,55.325
P82013,55.169
P82014,7.239
P82015,6.014
P82016,15.653
P82018,45.227
P82020,12.187
P82021,36.343
P82022,62.134
P82023,5.833
P82025,42.687
P82029,62.134
P82030,42.457
P82031,14.269
P82033,53.115
P82034,20.899
P82036,12.187
P82037,39.929
P82607,36.343
P82609,46.595
P82613,39.261
P82616,55.169
P82624,40.755
P82625,42.687
P82626,62.134
P82627,37.134
P82629,42.457
P82633,55.169
P82634,51.523
P82640,42.457
P82643,20.899
P82652,60.687
P82660,40.755
P83001,27.201
P83004,23.851
P83005,37.833
P83006,11.885
P83007,43.658
P83009,15.35
P83010,38.742
P83011,12.381
P83012,8.658
P83015,37.833
P83017,24.875
P83020,57.192
P83021,37.833
P83024,37.833
P83025,13.663
P83027,33.846
P83603,43.658
P83605,33.07
P83608,20.437
P83609,15.423
P83611,42.216
P83612,5.778
P83620,12.045
P83621,51.844
P83623,27.201
P84004,52.538
P84005,51.244
P84009,56.472
P84010,40.466
P84012,20.252
P84014,64.222
P84016,41.89
P84017,56.6
P84018,22.405
P84019,68.922
P84020,61.348
P84021,45.574
P84022,24.248
P84023,23.273
P84024,42.407
P84025,52.35
P84026,40.543
P84027,45.909
P84028,66.578
P84029,64.222
P84030,44.631
P84032,63.131
P84033,41.788
P84034,10.281
P84035,26.698
P84037,51.244
P84038,31.722
P84039,36.582
P84040,68.922
P84041,52.538
P84042,57.513
P84043,61.348
P84045,56.446
P84046,49.26
P84047,49.631
P84048,42.525
P84049,56.359
P84050,52.631
P84051,63.131
P84052,62.256
P84053,36.122
P84054,68.324
P84056,39.541
P84059,54.018
P84061,17.23
P84064,30.223
P84065,68.922
P84066,45.191
P84067,24.667
P84068,26.297
P84070,57.118
P84071,21.181
P84072,45.133
P84074,52.348
P84605,75.035
P84611,51.244
P84616,36.387
P84626,29.326
P84630,22.867
P84635,52.565
P84637,63.131
P84639,32.665
P84640,49.26
P84644,46.404
P84645,47.147
P84650,28.985
P84651,31.636
P84652,17.125
P84663,38.971
P84665,40.466
P84669,56.778
P84672,17.23
P84673,30.223
P84678,16.205
P84679,77.768
P84683,29.76
P84684,30.785
P84689,44.073
P84690,44.513
P85001,35.423
P85002,73.896
P85003,75.624
P85004,45.013
P85005,20.982
P85006,42.253
P85007,75.624
P85008,32.313
P85010,45.013
P85011,30.48
P85012,39.06
P85013,42.253
P85014,54.185
P85015,54.185
P85016,10.22
P85017,48.091
P85018,56.555
P85019,41.804
P85020,62.369
P85021,54.185
P85022,20.982
P85026,32.313
P85028,39.939
P85601,75.624
P85602,23.421
P85605,35.44
P85606,23.421
P85607,30.48
P85608,75.624
P85610,32.313
P85612,56.555
P85614,48.091
P85615,56.555
P85620,64.915
P85621,54.185
P85622,54.185
P86001,17.626
P86002,79.3
P86003,19.601
P86004,38.55
P86005,58.337
P86006,71.698
P86007,56.696
P86008,52.776
P86009,27.659
P86010,30.391
P86011,56.677
P86012,39.847
P86013,19.846
P86014,52.776
P86015,32.041
P86016,51.606
P86017,60.77
P86018,16.35
P86019,28.585
P86021,16.35
P86022,17.968
P86023,30.094
P86026,71.698
P86602,33.731
P86606,39.847
P86608,20.734
P86609,79.3
P86614,79.3
P86619,79.3
P86620,59.044
P86624,32.253
P87002,25.637
P87003,23.667
P87004,54.839
P87008,30.773
P87014,14.326
P87015,75.302
P87016,10.99
P87017,30.773
P87019,41.686
P87020,23.667
P87022,64.724
P87024,71.481
P87025,33.414
P87026,64.488
P87027,54.839
P87028,43.591
P87032,24.197
P87035,50.391
P87039,30.54
P87040,69.961
P87610,30.54
P87613,63.084
P87618,43.591
P87620,26.209
P87624,5.422
P87625,36.323
P87627,18.793
P87630,63.084
P87634,75.302
P87639,39.559
P87648,64.488
P87649,15.826
P87651,64.488
P87654,59.775
P87657,13.972
P87658,36.542
P87659,23.667
P87660,48.373
P87661,52.943
P88002,17.269
P88003,15.17
P88005,33.386
P88006,24.508
P88007,12.519
P88008,9.724
P88009,56.994
P88011,39.18
P88012,24.554
P88013,14.696
P88014,15.89
P88015,5.652
P88016,4.459
P88017,23.883
P88018,33.386
P88019,56.994
P88020,12.728
P88021,17.269
P88023,7.848
P88024,12.816
P88025,12.519
P88026,22.044
P88031,17.944
P88034,32.97
P88041,5.652
P88042,7.848
P88043,61.549
P88044,37.537
P88600,32.534
P88606,22.954
P88607,23.883
P88610,38.625
P88615,32.534
P88623,6.672
P88625,56.994
P88632,37.639
P89002,47.581
P89003,64.673
P89004,16
P89005,34.345
P89006,21.746
P89007,52.23
P89008,64.673
P89010,47.773
P89011,60.107
P89012,53.791
P89013,61.926
P89014,30.025
P89015,32.719
P89016,53.791
P89018,24.892
P89020,38.411
P89021,26.24
P89022,61.615
P89023,52.23
P89025,41.338
P89026,21.544
P89029,47.773
P89030,47.819
P89602,26.134
P89609,60.107
P89612,21.746
P89613,26
P89618,21.746
P91003,4.279
P91004,6.405
P91006,31.56
P91007,4.279
P91008,4.29
P91009,9.183
P91011,4.29
P91012,20.559
P91013,14.302
P91014,21.185
P91016,11.737
P91017,29.784
P91018,23.913
P91019,31.974
P91020,43.158
P91021,17.253
P91026,31.974
P91029,10.195
P91032,11.543
P91035,11.543
P91603,6.405
P91604,6.405
P91617,7.715
P91619,31.414
P91623,4.279
P91625,17.623
P91627,30.113
P91629,25.992
P91631,3.6
P91633,4.279
P92001,21.423
P92002,10.033
P92003,51.259
P92004,23.502
P92005,41.675
P92006,52.268
P92007,24.862
P92008,26.052
P92010,14.172
P92011,75.885
P92012,24.227
P92014,8.594
P92015,12.474
P92016,16.115
P92017,7.729
P92019,35.529
P92020,7.469
P92021,35.529
P92023,24.862
P92024,41.675
P92026,24.584
P92028,35.263
P92029,50.691
P92030,19.912
P92031,52.268
P92033,35.263
P92034,18.118
P92035,11.032
P92038,8.582
P92041,18.118
P92042,43.301
P92602,24.862
P92605,8.517
P92607,11.032
P92615,11.032
P92616,43.421
P92620,40.461
P92621,24.862
P92623,11.032
P92626,22.267
P92630,24.227
P92633,22.267
P92634,19.912
P92635,22.267
P92637,12.717
P92639,24.227
P92642,41.675
P92646,7.469
P92647,41.675
P92648,10.566
P92651,27.219
P92652,43.301
P92653,41.675
Y00020,33.26
Y00026,29.766
Y00033,15.705
Y00050,24.862
Y00056,17.072
Y00057,34.676
Y00058,25.503
Y00060,71.091
Y00078,36.192
Y00080,11.676
Y00090,29.257
Y00110,54.692
Y00137,48.818
Y00140,20.634
Y00155,11.889
Y00159,32.378
Y00184,18.158
Y00185,6.37
Y00186,42.457
Y00200,36.708
Y00206,51.118
Y00212,33.995
Y00228,35.698
Y00252,9.083
Y00260,16.2
Y00265,23.218
Y00278,38.723
Y00286,70.522
Y00293,10.115
Y00297,27.197
Y00312,33.762
Y00316,8.263
Y00328,13.46
Y00344,27.214
Y00347,9.929
Y00351,19.325
Y00352,24.978
Y00399,27.393
Y00403,34.104
Y00411,59.413
Y00412,44.067
Y00437,14.188
Y00445,43.368
Y00446,9.907
Y00449,7.289
Y00469,38.701
Y00471,56.453
Y00475,15.703
Y00486,5.996
Y00492,59.211
Y00507,20.135
Y00522,10.65
Y00542,7.176
Y00560,6.657
Y00561,17.976
Y00568,8.987
Y00589,4.249
Y00612,40.254
Y00726,32.041
Y00758,38.701
Y00774,25.76
Y00902,43.654
Y00912,29.538
Y00918,17.125
Y00969,13.479
Y00996,54.621
Y00999,22.401
Y01008,37.32
Y01011,33.044
Y01050,26.065
Y01051,48.253
Y01066,37.376
Y01068,51.416
Y01090,22.985
Y01108,24.086
Y01118,29.106
Y01124,75.624
Y01127,18.52
Y01132,6.727
Y01139,21.812
Y01163,13.772
Y01165,39.977
Y01206,7.18
Y01221,17.222
Y01280,44.704
Y01281,6.984
Y01291,24.84
Y01652,17.149
Y01655,17.848
Y01690,23.112
Y01695,60.047
Y01719,28.849
Y01756,53.738
Y01794,19.353
Y01795,35.283
Y01812,36.935
Y01839,37.907
Y01922,28.89
Y01929,26.502
Y01948,81.738
Y01964,12.541
Y02002,20.139
Y02117,28.261
Y02177,56.344
Y02212,16.849
Y02222,22.811
Y02260,26.096
Y02274,40.461
Y02319,55.325
Y02321,35.263
Y02322,24.862
Y02325,44.95
Y02332,41.937
Y02342,26.285
Y02344,65.025
Y02354,26.394
Y02378,21.423
Y02414,18.195
Y02423,22.718
Y02442,38.979
Y02463,35.715
Y02466,14.981
Y02469,37.575
Y02476,24.55
Y02494,67.767
Y02495,4.735
Y02506,19.17
Y02510,37.02
Y02517,44.236
Y02519,57.278
Y02520,41.966
Y02521,48.269
Y02526,44.842
Y02567,44.484
Y02571,32.264
Y02572,26.837
Y02575,35.044
Y02578,22.838
Y02585,23.261
Y02586,64.673
Y02589,37.345
Y02594,10.644
Y02605,26.359
Y02606,25.618
Y02611,11.979
Y02622,14.659
Y02625,50.391
Y02626,40.67
Y02627,63.103
Y02633,19.403
Y02636,47.802
Y02639,13.215
Y02646,10.814
Y02653,41.423
Y02656,44.511
Y02657,61.81
Y02658,17.723
Y02663,26.54
Y02669,62.498
Y02671,28.32
Y02672,18.378
Y02674,29.491
Y02676,21.855
Y02684,81.738
Y02686,27.214
Y02692,22.985
Y02701,43.569
Y02707,41.968
Y02713,40.328
Y02718,56.677
Y02720,72.778
Y02721,66.643
Y02736,50.121
Y02747,8.928
Y02751,38.562
Y02753,50.41
Y02755,57.192
Y02757,45.111
Y02767,23.914
Y02769,17.289
Y02787,39.903
Y02790,55.169
Y02794,42.955
Y02795,38.55
Y02807,33.199
Y02811,5.485
Y02816,21.344
Y02827,58.548
Y02842,32.133
Y02847,22.711
Y02849,23.062
Y02867,55.878
Y02875,75.624
Y02885,53.758
Y02886,11.105
Y02890,33.714
Y02893,51.065
Y02900,10.319
Y02906,37.986
Y02928,34.941
Y02933,56.193
Y02936,10.531
Y02946,33.441
Y02960,58.28
Y02962,31.45
Y02973,17.286
Y02974,19.599
Y02986,28.797
Y02987,22.036
Y03023,30.706
Y03035,7.683
Y03049,39.15
Y03051,68.356
Y03052,6.061
Y03063,34.093
Y03079,42.687
Y03103,29.491
Y03112,58.386
Y03124,36.703
Y03135,38.664
Y03222,25.881
Y03296,11.694
Y03366,42.457
Y03402,46.391
Y03441,23.704
Y03587,22.629
Y03595,10.333
Y03597,42.955
Y03602,4.349
Y03656,11.799
Y03663,19.932
Y03664,19.223
Y03671,10.688
Y03755,25.75
Y04225,9.146
Y04266,41.024
Y04273,27.315
Y04662,14.901
Y04664,8.44
Y04809,30.26
Y04882,31.115
Y04883,29.953
Y04884,11.974
Y04925,10.939
Y04942,19.597
Y04947,29.218
Y04951,54.621
Y04952,5.781
Y04957,24.132
Y04965,33.154
Y04968,30.421
Y04969,28.528
Y04977,42.823
Y04995,65.469
Y05023,19.865
Y05080,13.986
Y05167,77.257
Y05212,30.625
Y05248,21.108
Y05286,14.65
Y05291,11.746
Y05317,29.074
Y05318,29.074
Y05330,30.562
Y05346,57.047
Y05349,16.589
Y05363,45.706
Y05364,41.989
Y05369,16.073
Y05412,27.214
Y05622,39.7
Y05690,46.353
Y05733,42.151
Y05750,17.64
Y05826,38.754
Y06007,66.456
Y06113,24.603
Y06218,13.368
Y06275,38.006
Y06356,54.973
Y06378,59.211
Y06443,29.766
Y06507,18.522
