PRACTICE_CODE,REVISED_MAXIMUM_POINTS
A81001,559
A81002,559
A81004,559
A81005,559
A81006,559
A81007,559
A81009,559
A81011,559
A81012,559
A81013,559
A81014,559
A81016,559
A81017,559
A81018,559
A81019,559
A81020,559
A81021,559
A81022,559
A81023,559
A81025,559
A81026,559
A81027,559
A81029,559
A81030,559
A81031,559
A81032,559
A81034,559
A81035,559
A81036,559
A81037,559
A81038,559
A81039,559
A81040,559
A81041,559
A81042,559
A81043,559
A81044,559
A81045,559
A81046,559
A81048,559
A81049,559
A81051,559
A81052,559
A81053,559
A81054,559
A81056,559
A81057,559
A81058,559
A81060,559
A81063,559
A81064,559
A81065,559
A81066,559
A81067,559
A81070,559
A81602,559
A81608,559
A81610,559
A81611,559
A81612,559
A81618,559
A81621,559
A81622,559
A81629,559
A81630,496
A81631,559
A81633,442
A81634,559
A82003,559
A82004,559
A82005,559
A82006,559
A82007,559
A82008,559
A82009,559
A82010,559
A82012,559
A82013,559
A82014,559
A82015,559
A82016,559
A82018,559
A82019,559
A82020,559
A82021,559
A82022,559
A82023,559
A82024,559
A82025,559
A82026,559
A82027,559
A82028,559
A82029,559
A82030,559
A82031,559
A82032,559
A82033,559
A82034,559
A82035,559
A82036,559
A82037,559
A82038,559
A82039,559
A82041,559
A82044,559
A82045,559
A82046,559
A82047,559
A82048,559
A82049,559
A82050,559
A82053,559
A82055,559
A82058,559
A82062,559
A82064,559
A82065,559
A82068,559
A82070,559
A82071,559
A82072,559
A82075,559
A82077,559
A82608,559
A82613,555
A82617,559
A82620,559
A82621,559
A82623,559
A82629,559
A82631,559
A82646,559
A82647,559
A82650,559
A82651,559
A82654,559
A83001,559
A83003,559
A83005,559
A83006,559
A83007,559
A83008,559
A83009,559
A83010,559
A83011,559
A83012,559
A83013,559
A83014,559
A83015,559
A83016,559
A83018,559
A83020,559
A83021,559
A83022,559
A83023,559
A83024,559
A83025,559
A83026,559
A83027,559
A83028,559
A83029,559
A83030,559
A83031,559
A83032,559
A83033,559
A83034,559
A83035,559
A83036,559
A83037,559
A83038,559
A83040,559
A83041,559
A83043,559
A83044,559
A83045,559
A83046,559
A83047,559
A83048,559
A83049,559
A83050,559
A83051,559
A83052,559
A83054,559
A83055,559
A83057,559
A83060,559
A83061,559
A83066,559
A83070,559
A83071,559
A83072,559
A83073,559
A83074,559
A83075,559
A83610,559
A83616,559
A83617,559
A83618,559
A83619,559
A83622,559
A83626,559
A83627,559
A83630,559
A83632,559
A83634,559
A83635,559
A83636,559
A83637,559
A83641,559
A83644,559
A84002,559
A84003,559
A84005,559
A84006,559
A84007,559
A84008,559
A84009,559
A84011,559
A84013,559
A84014,559
A84015,559
A84016,559
A84018,559
A84020,559
A84022,559
A84024,559
A84025,559
A84026,559
A84027,559
A84028,559
A84029,559
A84030,559
A84031,559
A84032,559
A84033,559
A84034,559
A84035,559
A84036,559
A84037,559
A84038,559
A84039,559
A84040,559
A84042,559
A84043,559
A84044,559
A84045,559
A84047,559
A84604,559
A84609,559
A84614,559
A84619,559
A85001,559
A85002,559
A85003,559
A85004,559
A85005,559
A85006,559
A85007,559
A85008,559
A85009,559
A85010,559
A85011,559
A85012,559
A85013,559
A85014,559
A85016,559
A85017,559
A85018,559
A85019,559
A85020,559
A85021,559
A85023,559
A85024,559
A85026,559
A85611,559
A85614,559
A85616,559
A85617,559
A85620,559
A86003,559
A86004,559
A86005,559
A86006,559
A86007,559
A86008,559
A86010,559
A86011,559
A86012,559
A86013,559
A86016,559
A86017,559
A86018,559
A86020,559
A86021,559
A86022,559
A86023,559
A86024,559
A86025,559
A86026,559
A86027,559
A86028,559
A86029,559
A86030,559
A86031,559
A86033,559
A86035,559
A86036,559
A86037,559
A86038,559
A86040,559
A86041,559
A86601,559
A87002,559
A87003,559
A87004,559
A87005,559
A87006,559
A87007,559
A87008,559
A87009,559
A87011,559
A87012,559
A87013,559
A87015,559
A87016,559
A87017,559
A87019,559
A87020,559
A87022,559
A87023,559
A87029,559
A87030,559
A87600,559
A87612,559
A87615,559
A88001,559
A88002,559
A88003,559
A88004,559
A88005,559
A88006,559
A88007,559
A88008,559
A88009,559
A88010,559
A88012,559
A88013,559
A88014,559
A88015,559
A88016,559
A88022,559
A88023,559
A88025,559
A88601,559
A88608,559
A88613,559
A89001,559
A89002,559
A89004,559
A89005,559
A89006,559
A89007,559
A89008,559
A89009,559
A89010,559
A89011,559
A89012,559
A89013,559
A89015,559
A89016,559
A89017,559
A89018,559
A89019,559
A89020,559
A89021,559
A89022,559
A89023,559
A89024,559
A89025,559
A89026,559
A89027,559
A89028,559
A89030,559
A89031,559
A89032,559
A89034,559
A89035,559
A89036,559
A89040,559
A89041,559
A89604,559
A89614,559
A89616,559
A89617,559
A89623,559
B81002,556
B81003,559
B81004,559
B81005,559
B81006,559
B81007,559
B81008,559
B81009,559
B81010,559
B81011,559
B81012,559
B81013,559
B81014,559
B81015,559
B81016,559
B81017,559
B81018,559
B81020,559
B81022,559
B81023,559
B81024,559
B81025,559
B81026,559
B81027,559
B81029,559
B81030,559
B81031,559
B81032,559
B81034,559
B81035,559
B81036,559
B81037,559
B81038,559
B81039,559
B81040,559
B81041,559
B81042,559
B81043,559
B81045,559
B81046,559
B81047,559
B81048,559
B81051,559
B81052,559
B81054,559
B81055,559
B81058,559
B81060,559
B81061,559
B81063,559
B81064,559
B81065,559
B81068,559
B81069,559
B81070,559
B81074,559
B81075,559
B81077,559
B81082,559
B81085,559
B81087,559
B81088,559
B81090,559
B81091,559
B81092,559
B81095,559
B81097,559
B81099,559
B81100,559
B81101,559
B81104,559
B81108,559
B81109,559
B81112,559
B81113,559
B81118,559
B81119,559
B81603,559
B81606,559
B81616,559
B81617,559
B81619,559
B81620,559
B81628,559
B81631,559
B81635,559
B81642,559
B81645,559
B81647,559
B81648,559
B81653,559
B81655,559
B81656,559
B81658,559
B81663,559
B81664,559
B81665,559
B81666,559
B81675,559
B81677,559
B81688,559
B81697,559
B82002,559
B82004,559
B82005,559
B82007,559
B82008,559
B82010,559
B82011,559
B82012,559
B82013,559
B82014,559
B82016,559
B82017,559
B82018,559
B82019,559
B82020,559
B82021,559
B82022,559
B82023,559
B82024,559
B82025,559
B82026,559
B82027,559
B82028,559
B82029,559
B82030,559
B82031,559
B82032,559
B82033,559
B82034,559
B82035,559
B82036,559
B82037,559
B82038,559
B82041,559
B82042,559
B82044,559
B82045,559
B82046,559
B82047,559
B82049,559
B82050,559
B82053,559
B82054,559
B82057,559
B82059,559
B82060,559
B82061,559
B82062,559
B82063,559
B82064,559
B82066,559
B82067,559
B82068,559
B82069,559
B82071,559
B82072,559
B82073,559
B82074,559
B82075,559
B82077,559
B82078,559
B82079,559
B82080,559
B82081,559
B82083,559
B82086,559
B82088,559
B82091,559
B82097,559
B82098,559
B82100,559
B82101,559
B82103,559
B82104,559
B82105,559
B82106,559
B82609,559
B82619,559
B82622,559
B82628,559
B83002,559
B83005,559
B83006,559
B83008,559
B83009,559
B83010,559
B83012,559
B83014,559
B83015,559
B83016,559
B83017,559
B83018,559
B83019,559
B83020,559
B83021,559
B83022,559
B83023,559
B83025,559
B83026,559
B83027,559
B83028,559
B83029,559
B83030,559
B83031,559
B83032,559
B83033,559
B83034,559
B83035,559
B83037,559
B83038,559
B83039,559
B83040,559
B83041,559
B83042,559
B83045,559
B83049,559
B83051,556
B83052,559
B83054,559
B83055,559
B83056,559
B83058,559
B83061,559
B83062,559
B83063,559
B83064,559
B83067,559
B83602,559
B83604,559
B83611,559
B83614,559
B83617,559
B83620,559
B83621,559
B83622,559
B83624,559
B83626,559
B83627,559
B83628,559
B83629,559
B83641,559
B83642,559
B83653,559
B83657,559
B83659,559
B83660,559
B83661,559
B84001,559
B84003,559
B84004,559
B84005,559
B84006,559
B84007,559
B84008,559
B84009,559
B84010,559
B84011,559
B84012,559
B84013,559
B84014,559
B84016,559
B84019,559
B84021,559
B84612,559
B84613,559
B84618,559
B84623,559
B85001,559
B85002,559
B85004,559
B85005,559
B85006,559
B85008,559
B85009,559
B85010,559
B85012,559
B85014,559
B85015,559
B85016,559
B85018,559
B85019,559
B85020,559
B85021,559
B85022,559
B85023,559
B85024,559
B85025,559
B85026,559
B85027,559
B85028,559
B85030,559
B85031,559
B85032,559
B85033,559
B85036,559
B85037,559
B85038,559
B85041,559
B85042,559
B85044,559
B85048,559
B85051,559
B85054,559
B85055,559
B85058,559
B85059,559
B85060,559
B85061,559
B85062,556
B85606,559
B85610,559
B85611,559
B85612,559
B85614,559
B85619,559
B85620,559
B85622,559
B85623,559
B85634,559
B85636,559
B85638,559
B85640,559
B85641,559
B85645,559
B85646,559
B85650,559
B85652,559
B85655,559
B85659,506
B85660,559
B86001,559
B86002,559
B86003,559
B86004,559
B86005,559
B86006,559
B86007,559
B86008,559
B86009,559
B86010,559
B86011,559
B86012,559
B86013,559
B86014,559
B86015,559
B86016,559
B86017,559
B86018,559
B86019,559
B86020,559
B86022,559
B86023,559
B86024,559
B86025,559
B86028,559
B86029,559
B86030,559
B86031,559
B86032,559
B86033,559
B86034,559
B86035,559
B86036,559
B86038,559
B86039,559
B86041,559
B86042,559
B86043,559
B86044,559
B86048,559
B86049,559
B86050,559
B86051,559
B86052,559
B86054,559
B86055,559
B86056,559
B86057,559
B86058,559
B86059,559
B86060,559
B86061,556
B86062,559
B86064,559
B86066,559
B86067,559
B86068,559
B86069,559
B86070,559
B86071,559
B86074,559
B86075,559
B86081,559
B86086,559
B86089,559
B86092,559
B86093,559
B86094,559
B86096,559
B86100,559
B86101,559
B86103,559
B86104,559
B86106,559
B86108,559
B86109,559
B86110,510
B86623,556
B86625,559
B86633,559
B86642,556
B86643,559
B86648,559
B86654,559
B86655,559
B86658,559
B86666,559
B86667,559
B86669,512
B86672,559
B86673,559
B86675,559
B86678,559
B87001,559
B87002,559
B87003,559
B87004,559
B87005,559
B87006,559
B87007,559
B87008,559
B87009,559
B87011,559
B87012,559
B87013,559
B87015,559
B87016,559
B87017,559
B87018,559
B87019,559
B87020,559
B87021,559
B87022,559
B87025,559
B87026,559
B87027,559
B87028,559
B87030,559
B87031,559
B87032,559
B87033,559
B87036,559
B87039,559
B87040,559
B87041,559
B87042,559
B87044,559
B87600,559
B87602,559
B87604,559
C81001,559
C81002,559
C81003,559
C81004,559
C81005,559
C81006,559
C81007,559
C81008,559
C81009,559
C81010,559
C81012,559
C81013,559
C81014,559
C81015,559
C81016,559
C81017,559
C81018,559
C81020,559
C81021,559
C81022,559
C81023,559
C81025,559
C81026,559
C81027,559
C81028,559
C81029,559
C81030,559
C81031,559
C81032,559
C81033,559
C81034,559
C81035,559
C81036,559
C81037,559
C81038,559
C81039,559
C81040,559
C81041,559
C81042,559
C81044,559
C81045,559
C81046,559
C81047,559
C81048,559
C81049,559
C81050,559
C81051,559
C81052,559
C81053,559
C81054,559
C81055,559
C81056,559
C81057,559
C81058,559
C81059,559
C81060,559
C81061,559
C81062,559
C81063,559
C81064,559
C81065,559
C81066,559
C81067,559
C81068,559
C81069,559
C81070,559
C81071,559
C81072,559
C81073,559
C81074,559
C81075,559
C81076,559
C81077,559
C81080,559
C81081,559
C81082,559
C81083,559
C81084,559
C81086,559
C81087,559
C81089,559
C81090,559
C81091,559
C81092,559
C81094,559
C81095,559
C81096,559
C81097,559
C81099,559
C81101,559
C81106,559
C81108,559
C81110,559
C81113,559
C81114,559
C81115,559
C81118,559
C81604,559
C81611,559
C81615,559
C81616,559
C81634,559
C81638,559
C81640,559
C81642,559
C81647,559
C81648,559
C81649,559
C81652,559
C81653,559
C81655,559
C81658,559
C81660,559
C81661,559
C81662,559
C82001,559
C82002,559
C82003,559
C82005,559
C82007,559
C82008,559
C82009,559
C82010,559
C82011,559
C82012,559
C82013,559
C82014,559
C82016,559
C82017,559
C82018,559
C82019,559
C82020,559
C82021,559
C82022,559
C82024,559
C82025,559
C82026,559
C82027,559
C82028,559
C82029,559
C82030,559
C82031,559
C82032,559
C82033,559
C82034,559
C82035,559
C82037,559
C82038,559
C82039,559
C82040,559
C82041,559
C82042,559
C82043,559
C82044,559
C82045,559
C82046,559
C82047,559
C82048,559
C82050,559
C82051,559
C82052,559
C82053,559
C82054,559
C82055,559
C82056,559
C82059,559
C82060,559
C82061,559
C82062,559
C82063,559
C82064,559
C82066,559
C82067,559
C82068,559
C82070,559
C82071,559
C82072,559
C82073,559
C82075,559
C82076,559
C82077,559
C82078,559
C82079,559
C82080,559
C82082,559
C82084,559
C82086,559
C82088,559
C82091,559
C82092,559
C82093,559
C82094,559
C82095,559
C82096,559
C82097,559
C82098,559
C82099,559
C82100,559
C82102,559
C82103,559
C82105,556
C82107,559
C82109,559
C82111,512
C82112,559
C82114,559
C82116,559
C82119,559
C82120,559
C82121,559
C82122,559
C82124,559
C82600,559
C82610,559
C82611,559
C82614,559
C82620,559
C82623,559
C82624,559
C82626,559
C82627,559
C82628,559
C82631,559
C82634,559
C82639,559
C82642,559
C82643,559
C82644,559
C82649,559
C82650,559
C82651,559
C82653,559
C82656,559
C82659,559
C82660,559
C82662,559
C82667,559
C82669,559
C82670,512
C82671,559
C82676,559
C82678,559
C82680,559
C83001,559
C83002,559
C83003,559
C83004,559
C83005,559
C83007,559
C83008,559
C83009,559
C83010,559
C83011,559
C83013,559
C83014,559
C83015,559
C83018,559
C83019,559
C83020,559
C83022,559
C83023,559
C83024,559
C83025,559
C83026,559
C83027,559
C83028,559
C83029,559
C83030,559
C83031,559
C83032,559
C83033,559
C83035,559
C83036,559
C83037,559
C83038,559
C83039,559
C83040,559
C83041,559
C83042,559
C83043,559
C83044,559
C83045,559
C83046,559
C83048,559
C83049,559
C83051,559
C83052,559
C83053,559
C83054,559
C83055,559
C83056,559
C83057,559
C83058,559
C83059,559
C83060,559
C83061,559
C83062,559
C83063,559
C83064,559
C83065,559
C83067,559
C83071,559
C83072,559
C83073,559
C83074,559
C83075,559
C83078,559
C83079,559
C83080,559
C83082,559
C83083,559
C83085,559
C83611,559
C83613,559
C83614,559
C83617,559
C83626,559
C83631,559
C83634,559
C83635,559
C83637,559
C83641,559
C83643,559
C83649,559
C83650,559
C83653,559
C84001,559
C84004,559
C84005,559
C84008,559
C84009,559
C84010,559
C84011,559
C84012,559
C84013,559
C84014,559
C84016,559
C84017,559
C84018,559
C84019,559
C84020,559
C84021,559
C84023,559
C84024,559
C84025,559
C84026,559
C84028,559
C84029,559
C84030,559
C84031,559
C84032,559
C84033,559
C84034,559
C84035,559
C84036,559
C84037,559
C84039,559
C84042,559
C84043,559
C84044,559
C84045,559
C84046,559
C84047,559
C84048,559
C84049,559
C84051,559
C84053,559
C84055,559
C84057,559
C84059,559
C84060,559
C84061,559
C84063,559
C84064,559
C84065,559
C84066,559
C84067,559
C84069,559
C84072,559
C84074,559
C84076,559
C84077,559
C84078,559
C84080,559
C84081,559
C84084,559
C84085,559
C84086,559
C84087,559
C84090,559
C84091,559
C84092,559
C84094,559
C84095,559
C84096,559
C84101,559
C84103,559
C84105,559
C84106,559
C84107,559
C84112,559
C84113,559
C84114,559
C84115,559
C84116,559
C84117,556
C84120,559
C84122,559
C84123,559
C84127,559
C84129,559
C84131,559
C84135,559
C84136,559
C84138,556
C84140,559
C84142,559
C84144,559
C84150,559
C84151,559
C84605,559
C84613,559
C84619,559
C84621,559
C84624,559
C84628,559
C84629,559
C84637,559
C84646,559
C84647,559
C84654,559
C84656,559
C84658,559
C84660,559
C84664,559
C84667,559
C84676,559
C84679,559
C84680,559
C84682,559
C84683,559
C84691,559
C84692,559
C84693,559
C84694,559
C84695,559
C84696,559
C84703,559
C84704,559
C84705,559
C84709,559
C84710,559
C84714,481
C84717,559
C85001,559
C85003,559
C85004,559
C85005,559
C85006,559
C85007,559
C85008,559
C85009,559
C85010,559
C85013,559
C85014,556
C85016,559
C85017,559
C85018,559
C85019,559
C85020,559
C85022,559
C85023,559
C85024,559
C85026,559
C85028,556
C85030,559
C85033,559
C85614,559
C85619,559
C85622,559
C85623,559
C85628,559
C86001,559
C86002,559
C86003,559
C86005,559
C86006,559
C86007,559
C86009,559
C86011,559
C86012,559
C86013,559
C86015,559
C86016,559
C86017,559
C86018,559
C86019,559
C86020,559
C86021,559
C86022,559
C86023,559
C86024,559
C86025,559
C86026,559
C86029,559
C86032,559
C86033,559
C86034,559
C86037,559
C86038,559
C86605,559
C86606,559
C86609,559
C86611,559
C86613,559
C86614,559
C86616,559
C86621,559
C86625,559
C86626,559
C87002,559
C87003,559
C87004,559
C87005,559
C87006,559
C87007,559
C87008,559
C87009,559
C87010,559
C87012,559
C87013,559
C87014,559
C87015,559
C87016,559
C87017,559
C87018,559
C87020,559
C87022,559
C87024,559
C87029,559
C87030,559
C87031,559
C87603,559
C87604,559
C87606,559
C87608,559
C87616,559
C87620,559
C87622,559
C88005,559
C88006,559
C88007,559
C88008,559
C88009,559
C88010,559
C88011,559
C88014,559
C88015,559
C88016,559
C88018,559
C88019,559
C88020,559
C88021,559
C88022,559
C88023,559
C88024,559
C88025,559
C88026,559
C88027,559
C88028,559
C88030,559
C88031,559
C88032,559
C88034,559
C88035,559
C88036,559
C88037,559
C88038,559
C88039,559
C88040,559
C88041,559
C88043,559
C88044,559
C88045,559
C88046,559
C88047,559
C88048,559
C88049,559
C88050,559
C88051,559
C88052,559
C88053,559
C88054,559
C88059,559
C88060,559
C88062,559
C88068,559
C88069,559
C88070,559
C88072,559
C88073,559
C88074,559
C88076,559
C88077,559
C88078,559
C88079,559
C88082,559
C88083,559
C88084,559
C88085,559
C88086,559
C88087,559
C88088,559
C88090,559
C88091,559
C88092,559
C88095,559
C88096,559
C88622,559
C88627,481
C88631,556
C88643,559
C88647,559
C88648,559
C88652,559
C88655,556
C88656,559
D81001,559
D81002,559
D81003,559
D81004,559
D81005,559
D81008,559
D81010,559
D81011,559
D81012,559
D81013,559
D81014,559
D81015,559
D81016,559
D81017,559
D81018,559
D81021,559
D81022,559
D81023,559
D81025,559
D81026,559
D81027,559
D81028,559
D81029,559
D81030,559
D81031,559
D81033,559
D81034,559
D81035,559
D81036,559
D81037,559
D81038,559
D81040,559
D81041,559
D81042,559
D81043,559
D81044,559
D81045,559
D81046,559
D81047,559
D81049,559
D81050,559
D81051,559
D81052,559
D81054,559
D81055,559
D81056,559
D81057,559
D81058,559
D81059,559
D81060,559
D81061,559
D81062,559
D81064,559
D81065,559
D81066,559
D81070,559
D81073,559
D81078,559
D81081,559
D81082,559
D81084,559
D81085,559
D81086,559
D81602,559
D81603,559
D81606,559
D81607,559
D81611,559
D81612,559
D81615,559
D81618,559
D81622,559
D81623,559
D81625,559
D81629,559
D81630,559
D81631,559
D81633,559
D81637,559
D81645,559
D82001,559
D82002,559
D82003,559
D82004,559
D82005,559
D82006,559
D82007,559
D82008,559
D82009,559
D82010,559
D82011,559
D82012,559
D82013,559
D82015,559
D82016,559
D82017,559
D82018,559
D82019,559
D82020,559
D82022,559
D82023,559
D82024,559
D82025,559
D82026,559
D82027,559
D82028,559
D82029,559
D82030,559
D82031,559
D82032,559
D82034,559
D82035,559
D82036,559
D82037,559
D82038,559
D82039,559
D82040,559
D82041,559
D82042,559
D82043,559
D82044,559
D82045,559
D82046,559
D82047,559
D82048,559
D82049,559
D82050,559
D82051,559
D82053,559
D82054,559
D82056,559
D82057,559
D82058,559
D82059,559
D82060,559
D82062,559
D82063,559
D82064,559
D82065,559
D82066,559
D82067,559
D82068,559
D82070,559
D82071,559
D82072,559
D82073,559
D82076,559
D82078,559
D82079,559
D82080,559
D82084,559
D82085,559
D82087,559
D82088,515
D82096,559
D82099,559
D82100,559
D82104,559
D82105,559
D82106,559
D82600,556
D82604,559
D82618,559
D82621,559
D82624,559
D82628,559
D83001,559
D83002,559
D83003,559
D83004,559
D83005,559
D83006,559
D83007,559
D83008,559
D83009,559
D83010,559
D83011,559
D83012,559
D83013,559
D83014,559
D83015,559
D83016,559
D83017,559
D83018,559
D83019,559
D83020,559
D83021,559
D83022,559
D83023,559
D83024,559
D83026,559
D83027,559
D83028,559
D83029,559
D83030,559
D83033,559
D83034,559
D83035,559
D83037,559
D83038,559
D83039,559
D83040,559
D83041,559
D83043,559
D83044,559
D83045,559
D83046,559
D83047,559
D83048,559
D83049,559
D83050,559
D83051,559
D83053,559
D83054,559
D83055,559
D83056,559
D83057,559
D83058,559
D83059,559
D83060,559
D83061,559
D83062,559
D83064,559
D83067,559
D83069,559
D83070,559
D83073,559
D83074,559
D83075,559
D83076,559
D83078,559
D83079,559
D83080,559
D83081,559
D83082,559
D83084,559
D83608,559
D83610,559
D83615,559
E81001,559
E81002,559
E81003,559
E81004,559
E81005,559
E81006,559
E81007,559
E81008,559
E81009,559
E81010,559
E81012,559
E81013,559
E81014,559
E81015,559
E81016,559
E81018,559
E81019,559
E81021,559
E81022,559
E81023,559
E81024,559
E81025,559
E81026,559
E81027,559
E81028,559
E81029,559
E81030,559
E81031,559
E81032,559
E81033,559
E81034,559
E81035,559
E81036,559
E81037,559
E81038,559
E81040,559
E81041,559
E81043,559
E81044,559
E81045,559
E81046,559
E81047,559
E81048,559
E81049,559
E81050,559
E81052,559
E81056,559
E81057,559
E81060,559
E81061,559
E81063,559
E81064,559
E81065,559
E81069,559
E81073,559
E81074,559
E81076,559
E81077,559
E81611,559
E81612,559
E81615,559
E81617,559
E81631,559
E81632,559
E81633,559
E81635,559
E82001,559
E82002,559
E82004,559
E82005,559
E82006,559
E82007,559
E82008,559
E82009,559
E82012,559
E82013,559
E82014,559
E82015,559
E82017,559
E82018,559
E82019,559
E82020,559
E82021,559
E82022,559
E82023,559
E82024,559
E82027,559
E82028,559
E82031,559
E82032,559
E82034,559
E82035,559
E82037,559
E82038,559
E82040,559
E82041,559
E82042,559
E82043,559
E82044,559
E82045,559
E82046,559
E82048,559
E82049,559
E82050,559
E82051,559
E82053,559
E82055,559
E82056,559
E82057,343
E82058,559
E82059,559
E82060,559
E82061,559
E82062,559
E82063,559
E82064,559
E82066,559
E82067,559
E82068,559
E82069,559
E82070,559
E82071,559
E82072,559
E82073,559
E82074,559
E82075,559
E82077,559
E82078,559
E82079,559
E82081,559
E82082,559
E82083,559
E82084,559
E82085,559
E82086,559
E82088,559
E82089,559
E82090,559
E82091,559
E82092,559
E82093,559
E82094,559
E82096,559
E82098,559
E82099,559
E82100,559
E82102,559
E82104,559
E82105,559
E82106,559
E82107,559
E82109,559
E82111,559
E82113,559
E82115,559
E82117,559
E82121,559
E82123,559
E82124,559
E82126,460
E82129,559
E82130,559
E82131,559
E82132,559
E82133,559
E82603,559
E82620,434
E82626,559
E82638,559
E82640,559
E82641,559
E82643,559
E82644,556
E82652,559
E82654,559
E82655,559
E82657,559
E82661,559
E83003,559
E83005,559
E83006,559
E83007,559
E83008,559
E83009,559
E83010,559
E83011,559
E83012,559
E83013,559
E83016,559
E83017,559
E83018,559
E83020,559
E83021,559
E83024,559
E83025,559
E83026,559
E83027,559
E83028,559
E83030,559
E83031,559
E83032,559
E83034,559
E83035,559
E83036,559
E83037,559
E83038,559
E83039,559
E83041,559
E83044,559
E83045,559
E83046,559
E83049,559
E83050,559
E83053,559
E83600,559
E83613,559
E83621,559
E83622,559
E83637,559
E83638,559
E83639,559
E83649,559
E83650,559
E83653,559
E83657,559
E83668,559
E84002,559
E84003,559
E84004,559
E84005,559
E84006,559
E84007,559
E84008,559
E84009,559
E84011,559
E84012,559
E84013,559
E84014,559
E84015,559
E84017,559
E84018,559
E84020,559
E84021,559
E84022,559
E84024,559
E84025,559
E84028,559
E84030,559
E84031,559
E84032,559
E84033,559
E84036,559
E84039,559
E84040,559
E84042,559
E84044,559
E84048,559
E84049,559
E84051,559
E84053,559
E84057,559
E84058,559
E84059,559
E84061,559
E84062,559
E84063,559
E84066,559
E84067,559
E84068,559
E84069,559
E84070,559
E84074,559
E84075,559
E84076,559
E84078,559
E84080,559
E84083,559
E84086,559
E84601,559
E84617,559
E84620,559
E84626,556
E84635,559
E84637,559
E84638,559
E84645,559
E84646,559
E84647,559
E84653,559
E84656,559
E84658,559
E84663,559
E84665,559
E84674,559
E84676,556
E84678,559
E84680,559
E84681,559
E84684,559
E84685,559
E84693,559
E84696,559
E84699,559
E84701,559
E84702,559
E84704,559
E84709,559
E84713,559
E85001,559
E85003,559
E85004,559
E85005,559
E85006,559
E85007,559
E85008,559
E85012,559
E85013,559
E85014,559
E85015,559
E85016,559
E85018,559
E85019,559
E85020,559
E85021,559
E85023,559
E85024,559
E85025,559
E85026,559
E85028,559
E85029,559
E85030,559
E85032,559
E85033,559
E85034,559
E85035,559
E85038,559
E85040,559
E85041,559
E85042,559
E85045,559
E85046,559
E85048,559
E85049,559
E85050,559
E85051,559
E85052,559
E85053,559
E85054,559
E85055,559
E85056,559
E85057,559
E85058,559
E85059,559
E85060,559
E85061,559
E85062,559
E85064,559
E85066,559
E85069,559
E85071,559
E85074,559
E85075,559
E85077,556
E85083,559
E85088,559
E85090,559
E85091,559
E85096,559
E85098,559
E85099,559
E85103,559
E85105,559
E85107,559
E85108,559
E85109,559
E85111,559
E85112,559
E85113,559
E85114,559
E85115,559
E85116,559
E85118,559
E85119,559
E85120,559
E85121,559
E85122,559
E85123,559
E85124,559
E85125,559
E85126,559
E85127,559
E85128,559
E85129,559
E85130,559
E85600,559
E85605,559
E85617,559
E85623,559
E85624,559
E85625,559
E85628,559
E85630,559
E85633,559
E85635,559
E85636,559
E85640,559
E85643,559
E85649,559
E85656,559
E85657,559
E85658,556
E85659,559
E85663,559
E85672,556
E85677,559
E85680,559
E85681,559
E85682,559
E85683,559
E85685,559
E85687,559
E85692,559
E85693,559
E85694,559
E85696,559
E85697,559
E85699,559
E85707,559
E85708,559
E85712,559
E85713,559
E85714,559
E85715,559
E85716,559
E85718,559
E85719,559
E85721,559
E85723,559
E85725,559
E85726,559
E85734,559
E85735,559
E85736,559
E85739,559
E85740,559
E85743,556
E85744,559
E85745,559
E85746,559
E85748,559
E85750,559
E86001,559
E86003,559
E86004,559
E86005,559
E86006,559
E86007,559
E86009,559
E86010,559
E86011,559
E86012,559
E86014,559
E86015,559
E86016,559
E86017,559
E86018,559
E86019,559
E86020,559
E86022,559
E86024,559
E86026,559
E86027,559
E86028,559
E86029,559
E86030,559
E86033,559
E86034,559
E86036,559
E86038,559
E86041,559
E86042,559
E86605,559
E86609,559
E86610,559
E86612,559
E86615,559
E86618,559
E86619,559
E86620,559
E86625,559
E86626,559
E86629,559
E86632,559
E86637,559
E86640,559
E87002,559
E87003,559
E87004,559
E87005,559
E87006,559
E87007,559
E87008,559
E87009,559
E87010,559
E87011,559
E87013,559
E87016,559
E87021,559
E87024,559
E87026,556
E87029,559
E87034,559
E87038,559
E87043,559
E87045,559
E87046,559
E87047,559
E87048,559
E87050,559
E87052,559
E87061,559
E87063,559
E87065,559
E87066,559
E87067,559
E87069,559
E87070,559
E87609,559
E87637,559
E87648,559
E87663,559
E87665,559
E87677,559
E87681,559
E87691,380
E87694,466
E87701,559
E87702,556
E87706,559
E87711,555
E87714,559
E87715,559
E87720,559
E87722,559
E87733,559
E87735,559
E87737,559
E87738,559
E87739,559
E87740,559
E87741,559
E87742,559
E87745,559
E87746,559
E87750,559
E87751,559
E87753,559
E87754,559
E87755,559
E87756,559
E87762,559
E87768,452
E87772,512
F81001,559
F81003,559
F81004,559
F81006,559
F81007,559
F81009,559
F81010,559
F81011,559
F81012,559
F81013,559
F81014,559
F81015,559
F81016,559
F81017,559
F81019,559
F81020,559
F81021,559
F81022,559
F81023,559
F81024,559
F81025,559
F81026,559
F81027,559
F81028,559
F81029,559
F81030,559
F81031,559
F81032,559
F81034,559
F81036,559
F81037,559
F81038,559
F81040,559
F81041,559
F81042,559
F81043,559
F81044,559
F81045,559
F81046,559
F81047,559
F81048,559
F81049,559
F81051,559
F81052,559
F81053,559
F81055,559
F81056,559
F81057,559
F81060,559
F81061,559
F81062,559
F81065,559
F81066,559
F81067,559
F81068,559
F81069,559
F81071,559
F81072,559
F81075,559
F81076,559
F81078,559
F81080,559
F81081,559
F81082,559
F81083,559
F81085,559
F81086,559
F81087,559
F81088,559
F81089,559
F81090,559
F81091,559
F81092,559
F81095,559
F81096,559
F81097,559
F81098,559
F81099,559
F81100,559
F81101,559
F81102,559
F81104,559
F81105,559
F81106,559
F81108,559
F81110,559
F81111,559
F81112,559
F81113,559
F81114,559
F81115,559
F81116,559
F81117,559
F81118,559
F81119,559
F81120,559
F81121,559
F81122,559
F81123,559
F81125,559
F81126,559
F81128,559
F81130,559
F81131,559
F81132,559
F81133,559
F81134,559
F81136,559
F81137,559
F81141,559
F81142,559
F81144,559
F81147,559
F81149,559
F81150,559
F81152,559
F81153,559
F81155,559
F81156,559
F81158,559
F81159,559
F81163,559
F81164,559
F81165,559
F81169,559
F81170,559
F81173,559
F81176,559
F81177,559
F81181,559
F81183,559
F81184,559
F81186,559
F81192,559
F81193,559
F81197,559
F81198,559
F81205,559
F81206,559
F81207,559
F81209,559
F81211,559
F81212,559
F81213,559
F81215,559
F81216,559
F81218,559
F81219,559
F81221,559
F81222,559
F81223,559
F81606,559
F81613,559
F81618,559
F81619,559
F81623,559
F81632,559
F81633,559
F81635,559
F81636,559
F81640,559
F81641,559
F81645,559
F81649,559
F81651,559
F81652,559
F81656,559
F81665,559
F81666,559
F81669,559
F81674,559
F81675,559
F81679,559
F81681,559
F81683,559
F81684,559
F81688,559
F81690,559
F81696,559
F81697,559
F81700,559
F81704,559
F81707,559
F81708,559
F81711,559
F81713,559
F81716,559
F81721,559
F81725,559
F81729,559
F81730,559
F81732,559
F81737,559
F81739,559
F81740,559
F81741,559
F81744,559
F81746,559
F81749,559
F81751,559
F81757,559
F82001,559
F82002,559
F82003,559
F82005,559
F82006,559
F82007,559
F82008,559
F82009,559
F82010,559
F82011,559
F82012,559
F82013,559
F82014,559
F82015,559
F82016,559
F82017,559
F82018,559
F82019,559
F82021,559
F82022,559
F82023,559
F82025,559
F82027,559
F82028,559
F82030,559
F82031,559
F82033,559
F82034,559
F82038,559
F82039,559
F82040,559
F82042,559
F82045,559
F82051,559
F82053,559
F82055,559
F82604,559
F82607,559
F82609,559
F82610,559
F82612,559
F82619,559
F82621,556
F82624,559
F82625,559
F82627,559
F82630,559
F82634,559
F82638,559
F82642,559
F82647,556
F82648,559
F82649,559
F82650,559
F82660,559
F82661,559
F82663,559
F82666,559
F82670,559
F82671,559
F82674,559
F82675,559
F82676,559
F82677,559
F82678,559
F82679,559
F82680,559
F82686,559
F83002,559
F83003,559
F83004,559
F83005,559
F83006,559
F83007,559
F83008,559
F83010,559
F83011,559
F83012,559
F83015,559
F83017,559
F83018,559
F83019,559
F83020,559
F83021,559
F83022,559
F83023,559
F83025,559
F83027,559
F83032,559
F83033,559
F83034,559
F83039,559
F83042,559
F83043,559
F83044,559
F83045,559
F83048,559
F83050,559
F83052,559
F83053,559
F83055,559
F83056,559
F83057,559
F83058,559
F83059,559
F83060,559
F83061,559
F83063,559
F83064,559
F83615,559
F83623,559
F83624,559
F83632,559
F83633,559
F83635,559
F83652,559
F83658,559
F83660,559
F83664,559
F83665,559
F83666,559
F83671,559
F83672,559
F83673,559
F83674,559
F83677,559
F83678,559
F83680,559
F83681,559
F83682,559
F83683,559
F83686,559
F84003,559
F84004,559
F84006,559
F84008,559
F84009,559
F84010,559
F84012,559
F84013,559
F84014,559
F84015,559
F84016,559
F84017,559
F84018,559
F84021,559
F84022,559
F84025,559
F84030,559
F84031,559
F84033,559
F84034,559
F84035,559
F84036,559
F84038,556
F84039,559
F84041,559
F84044,559
F84046,559
F84047,556
F84050,559
F84051,556
F84052,559
F84053,559
F84054,559
F84055,559
F84060,556
F84062,559
F84063,559
F84069,559
F84070,559
F84072,559
F84074,559
F84077,559
F84079,559
F84080,559
F84081,559
F84083,559
F84086,559
F84087,559
F84088,559
F84092,559
F84093,559
F84096,559
F84097,559
F84105,559
F84111,559
F84114,559
F84115,559
F84117,559
F84118,559
F84119,559
F84121,559
F84122,559
F84123,559
F84124,559
F84601,559
F84619,559
F84620,559
F84621,559
F84632,559
F84635,559
F84636,559
F84640,559
F84641,556
F84642,559
F84647,559
F84656,559
F84657,559
F84658,559
F84660,554
F84666,559
F84668,559
F84669,556
F84670,559
F84672,559
F84673,559
F84676,559
F84677,559
F84681,559
F84682,559
F84685,559
F84686,559
F84692,559
F84694,559
F84696,559
F84698,559
F84706,556
F84710,559
F84711,556
F84714,559
F84716,559
F84717,559
F84718,559
F84719,559
F84720,559
F84724,559
F84729,556
F84730,559
F84733,556
F84734,556
F84735,556
F84739,559
F84740,556
F84741,559
F84742,559
F84747,559
F84749,559
F85002,559
F85003,559
F85004,559
F85007,559
F85008,559
F85010,559
F85013,559
F85014,559
F85016,559
F85017,559
F85019,559
F85020,559
F85023,559
F85024,559
F85025,559
F85027,559
F85028,559
F85029,559
F85030,559
F85031,559
F85032,559
F85033,559
F85034,559
F85035,559
F85036,559
F85039,559
F85043,559
F85044,559
F85045,559
F85046,559
F85048,559
F85052,559
F85053,559
F85055,559
F85058,559
F85060,559
F85063,559
F85064,559
F85065,559
F85066,559
F85067,559
F85069,559
F85071,559
F85072,559
F85076,559
F85615,559
F85623,559
F85625,559
F85628,559
F85634,559
F85640,559
F85642,559
F85650,559
F85652,559
F85654,559
F85656,559
F85663,559
F85666,559
F85669,559
F85675,559
F85676,559
F85678,559
F85681,559
F85682,559
F85684,559
F85686,559
F85687,559
F85688,559
F85697,559
F85700,559
F85701,559
F85703,559
F85705,559
F85707,559
F86001,559
F86004,559
F86005,559
F86006,559
F86007,559
F86008,559
F86009,559
F86010,559
F86011,559
F86012,559
F86013,559
F86018,559
F86020,559
F86022,559
F86023,559
F86025,559
F86026,559
F86028,559
F86030,559
F86032,559
F86034,559
F86036,559
F86038,559
F86040,559
F86042,559
F86044,559
F86045,559
F86057,559
F86058,559
F86060,559
F86062,559
F86064,559
F86066,559
F86074,559
F86078,559
F86081,559
F86082,559
F86083,559
F86085,559
F86086,559
F86087,559
F86088,559
F86607,559
F86612,559
F86616,559
F86621,559
F86624,559
F86625,559
F86626,559
F86627,559
F86637,559
F86638,559
F86641,559
F86642,559
F86644,559
F86650,559
F86652,559
F86657,559
F86658,559
F86664,559
F86666,559
F86679,559
F86689,559
F86691,559
F86692,559
F86696,559
F86698,559
F86700,559
F86701,559
F86702,559
F86703,559
F86705,559
F86707,559
F86708,559
F86712,559
F86731,559
G81001,559
G81002,559
G81003,559
G81004,559
G81006,559
G81007,559
G81008,559
G81011,559
G81012,559
G81014,559
G81016,559
G81017,559
G81018,559
G81019,559
G81021,559
G81022,559
G81023,559
G81024,559
G81025,559
G81026,559
G81027,559
G81028,559
G81029,559
G81030,559
G81031,559
G81032,559
G81034,559
G81035,559
G81036,559
G81037,559
G81038,559
G81039,559
G81040,559
G81041,559
G81042,559
G81043,559
G81044,559
G81045,559
G81046,559
G81047,559
G81048,559
G81049,559
G81050,559
G81051,559
G81052,559
G81053,559
G81054,559
G81055,559
G81056,559
G81057,559
G81059,559
G81061,559
G81065,559
G81070,559
G81071,502
G81073,559
G81074,559
G81075,559
G81076,559
G81077,559
G81082,559
G81083,559
G81084,559
G81085,559
G81086,559
G81087,559
G81088,559
G81089,559
G81090,559
G81095,559
G81096,559
G81098,559
G81099,559
G81100,559
G81102,559
G81104,559
G81105,559
G81613,559
G81614,559
G81634,559
G81638,559
G81641,559
G81646,559
G81656,559
G81658,559
G81663,559
G81667,559
G81669,556
G81680,559
G81689,559
G81694,559
G82002,559
G82006,559
G82007,559
G82013,559
G82014,559
G82015,559
G82016,559
G82017,559
G82018,559
G82019,559
G82020,559
G82021,549
G82022,559
G82023,559
G82024,559
G82025,559
G82026,559
G82027,559
G82028,559
G82031,559
G82032,559
G82035,559
G82036,559
G82037,559
G82038,559
G82039,559
G82041,559
G82042,559
G82044,559
G82046,559
G82048,559
G82049,559
G82050,559
G82051,559
G82052,559
G82053,559
G82055,559
G82056,559
G82057,559
G82058,559
G82059,559
G82060,559
G82062,559
G82063,559
G82064,559
G82066,559
G82067,559
G82069,559
G82071,559
G82072,559
G82073,559
G82074,559
G82076,559
G82077,559
G82079,559
G82080,559
G82082,559
G82083,559
G82085,559
G82086,559
G82087,559
G82088,559
G82089,559
G82090,559
G82091,559
G82092,559
G82093,559
G82094,559
G82095,559
G82097,559
G82098,559
G82099,559
G82100,559
G82103,559
G82105,559
G82106,559
G82107,559
G82108,559
G82109,559
G82110,559
G82111,559
G82112,559
G82113,559
G82114,559
G82115,559
G82117,559
G82118,559
G82119,559
G82120,559
G82121,559
G82122,559
G82123,559
G82125,559
G82126,559
G82128,559
G82129,559
G82133,559
G82135,559
G82137,559
G82138,559
G82139,559
G82140,559
G82141,559
G82142,559
G82143,559
G82147,559
G82150,559
G82152,559
G82154,559
G82155,559
G82158,559
G82160,559
G82161,559
G82162,559
G82164,559
G82165,559
G82170,559
G82180,559
G82184,559
G82185,559
G82186,559
G82198,559
G82200,559
G82203,559
G82205,559
G82211,559
G82212,559
G82215,559
G82217,559
G82218,559
G82219,559
G82224,559
G82225,559
G82226,559
G82227,559
G82228,559
G82229,559
G82231,559
G82232,559
G82233,559
G82234,559
G82235,559
G82600,559
G82604,559
G82605,559
G82622,559
G82631,559
G82634,559
G82635,559
G82639,559
G82641,559
G82647,559
G82648,559
G82650,559
G82652,559
G82653,559
G82658,559
G82665,559
G82666,559
G82671,559
G82679,559
G82681,549
G82682,559
G82684,559
G82687,559
G82690,559
G82691,559
G82693,559
G82696,559
G82697,559
G82698,559
G82700,559
G82702,559
G82704,559
G82706,559
G82708,559
G82711,559
G82719,559
G82721,559
G82722,559
G82729,559
G82730,559
G82732,559
G82733,559
G82737,559
G82741,559
G82744,559
G82753,559
G82754,559
G82757,559
G82760,498
G82762,559
G82763,559
G82768,559
G82775,559
G82780,559
G82790,559
G82796,559
G82799,559
G82802,559
G82808,559
G82809,559
G82820,559
G82888,559
G83001,559
G83002,559
G83003,559
G83004,559
G83006,559
G83009,559
G83010,559
G83012,559
G83013,559
G83015,559
G83016,559
G83018,559
G83019,559
G83021,559
G83024,549
G83025,559
G83026,559
G83027,559
G83028,559
G83029,559
G83030,559
G83031,559
G83033,559
G83037,559
G83039,559
G83044,559
G83046,559
G83047,559
G83049,559
G83052,559
G83053,559
G83057,559
G83058,559
G83060,559
G83061,559
G83062,559
G83065,559
G83066,559
G83067,559
G83628,559
G83630,559
G83631,556
G83633,549
G83635,559
G83641,559
G83642,559
G83647,549
G83651,559
G83654,559
G83663,559
G83673,559
G83680,559
G84001,559
G84002,559
G84003,559
G84004,559
G84005,559
G84006,559
G84007,559
G84008,559
G84009,559
G84010,559
G84011,559
G84013,559
G84015,559
G84016,559
G84017,559
G84018,559
G84019,559
G84020,559
G84022,559
G84023,559
G84024,559
G84025,559
G84027,559
G84028,559
G84029,559
G84030,559
G84032,559
G84033,559
G84035,559
G84039,559
G84040,559
G84041,559
G84604,559
G84607,559
G84609,559
G84621,559
G84624,556
G84625,559
G84627,559
G84629,559
G84630,559
G85001,559
G85002,559
G85003,559
G85004,559
G85005,559
G85006,559
G85008,559
G85011,559
G85013,559
G85014,559
G85015,559
G85016,559
G85019,559
G85020,559
G85021,559
G85022,559
G85023,559
G85024,559
G85025,559
G85026,559
G85027,559
G85028,559
G85029,559
G85030,559
G85031,559
G85032,559
G85034,559
G85035,559
G85038,559
G85039,559
G85040,559
G85041,559
G85042,559
G85044,559
G85045,559
G85046,559
G85047,559
G85051,559
G85052,559
G85053,559
G85054,559
G85055,559
G85057,559
G85061,559
G85073,559
G85076,556
G85083,559
G85084,559
G85085,559
G85086,559
G85087,559
G85089,559
G85091,559
G85096,559
G85100,559
G85102,559
G85104,559
G85105,559
G85109,559
G85114,559
G85118,559
G85119,559
G85120,559
G85121,559
G85123,559
G85124,559
G85125,559
G85127,559
G85129,559
G85130,559
G85132,559
G85134,559
G85135,559
G85136,559
G85137,559
G85138,559
G85623,559
G85632,559
G85633,559
G85642,559
G85644,559
G85647,559
G85651,559
G85662,559
G85673,559
G85674,559
G85681,556
G85685,559
G85690,559
G85695,559
G85696,559
G85698,559
G85705,559
G85706,559
G85708,559
G85711,559
G85715,559
G85716,559
G85721,559
G85722,559
G85724,559
G85726,559
G85727,559
G85736,559
H81002,559
H81003,559
H81004,559
H81005,559
H81006,559
H81007,559
H81009,559
H81010,559
H81011,559
H81013,559
H81015,559
H81016,559
H81017,559
H81019,559
H81020,559
H81021,559
H81022,559
H81023,559
H81024,559
H81025,559
H81026,559
H81027,559
H81028,559
H81029,559
H81030,559
H81031,559
H81032,559
H81033,559
H81034,559
H81035,559
H81036,559
H81037,559
H81038,559
H81039,559
H81040,559
H81041,559
H81042,559
H81043,559
H81044,559
H81045,559
H81046,559
H81047,559
H81048,559
H81050,559
H81051,559
H81052,559
H81053,559
H81055,559
H81056,559
H81057,559
H81058,559
H81060,559
H81061,559
H81062,559
H81064,559
H81065,559
H81066,559
H81067,559
H81068,559
H81069,559
H81070,559
H81071,559
H81072,559
H81073,559
H81074,559
H81075,559
H81076,559
H81077,559
H81078,559
H81080,559
H81081,559
H81082,559
H81083,559
H81084,559
H81085,559
H81086,559
H81087,559
H81088,559
H81089,559
H81090,559
H81091,559
H81094,559
H81095,559
H81097,559
H81099,559
H81103,559
H81104,559
H81107,559
H81109,559
H81110,559
H81111,559
H81113,559
H81116,559
H81119,559
H81122,559
H81123,559
H81126,559
H81128,559
H81129,559
H81130,559
H81131,559
H81132,559
H81133,559
H81134,559
H81613,559
H81615,559
H81618,559
H81632,559
H81638,559
H81641,556
H81642,559
H81643,559
H81644,559
H81656,559
H81658,559
H81663,559
H81672,559
H82003,559
H82004,559
H82005,559
H82006,559
H82007,559
H82008,559
H82009,559
H82010,559
H82011,559
H82012,559
H82013,559
H82014,559
H82015,559
H82016,559
H82017,559
H82020,559
H82021,559
H82022,559
H82023,559
H82025,559
H82026,559
H82027,559
H82028,559
H82029,559
H82030,559
H82031,559
H82032,559
H82033,559
H82034,559
H82035,559
H82036,559
H82037,559
H82038,559
H82039,559
H82040,559
H82041,559
H82042,559
H82043,559
H82044,559
H82045,559
H82046,559
H82047,559
H82048,559
H82049,559
H82050,559
H82051,559
H82052,559
H82053,559
H82055,559
H82056,559
H82057,559
H82058,559
H82059,559
H82060,559
H82061,559
H82063,559
H82064,559
H82065,559
H82066,559
H82067,559
H82070,559
H82072,559
H82076,559
H82077,559
H82078,559
H82083,559
H82084,559
H82087,559
H82088,559
H82089,559
H82091,559
H82092,559
H82095,559
H82096,559
H82098,559
H82099,559
H82100,559
H82615,559
H82621,559
H82640,559
H83001,559
H83004,559
H83005,559
H83006,559
H83007,559
H83008,556
H83009,559
H83010,559
H83011,559
H83012,559
H83013,559
H83014,559
H83015,559
H83016,559
H83017,559
H83018,559
H83019,559
H83020,559
H83021,559
H83022,556
H83023,559
H83024,559
H83027,559
H83028,559
H83029,559
H83030,559
H83031,559
H83033,559
H83034,559
H83037,559
H83039,559
H83040,559
H83042,559
H83043,559
H83044,559
H83049,559
H83050,559
H83051,559
H83052,559
H83053,559
H83608,559
H83609,559
H83611,559
H83624,559
H83625,559
H83627,559
H83631,559
H84002,559
H84005,559
H84006,559
H84007,559
H84010,559
H84012,559
H84014,559
H84015,559
H84016,559
H84017,559
H84018,549
H84020,559
H84023,559
H84025,559
H84027,559
H84030,559
H84031,559
H84032,559
H84033,559
H84034,559
H84039,559
H84040,559
H84041,559
H84042,559
H84044,549
H84048,559
H84050,559
H84051,559
H84053,559
H84054,559
H84055,559
H84057,559
H84059,549
H84060,549
H84061,559
H84062,559
H84618,559
H84619,559
H84623,549
H84625,559
H84629,559
H84630,549
H84635,559
H84639,559
H85001,559
H85002,559
H85003,559
H85005,559
H85006,559
H85007,559
H85008,559
H85009,559
H85011,559
H85012,559
H85018,559
H85020,559
H85021,559
H85022,559
H85023,559
H85024,559
H85025,559
H85026,559
H85027,559
H85028,559
H85029,559
H85030,559
H85031,559
H85032,559
H85033,559
H85035,559
H85037,559
H85038,559
H85041,559
H85045,559
H85047,559
H85048,559
H85049,559
H85051,559
H85052,559
H85053,559
H85055,559
H85057,559
H85061,559
H85063,559
H85065,559
H85066,559
H85067,559
H85069,559
H85070,559
H85075,559
H85076,559
H85077,559
H85078,559
H85082,559
H85087,559
H85088,559
H85090,559
H85092,559
H85095,559
H85100,559
H85101,559
H85103,559
H85105,559
H85110,559
H85111,559
H85112,559
H85113,559
H85114,559
H85115,559
H85116,559
H85618,559
H85634,559
H85637,559
H85649,559
H85653,559
H85656,559
H85659,559
H85662,559
H85664,559
H85665,559
H85680,559
H85682,559
H85683,559
H85686,559
H85691,559
H85693,559
H85695,559
J81002,559
J81003,559
J81004,559
J81005,559
J81006,559
J81009,559
J81010,559
J81011,559
J81012,559
J81013,559
J81014,559
J81016,559
J81017,559
J81018,559
J81019,559
J81020,559
J81021,559
J81022,559
J81025,559
J81027,559
J81028,559
J81029,559
J81030,559
J81033,559
J81034,559
J81035,559
J81036,559
J81039,559
J81041,559
J81042,559
J81044,559
J81045,559
J81046,559
J81047,559
J81048,559
J81049,559
J81051,559
J81052,559
J81053,559
J81054,559
J81056,559
J81057,559
J81058,559
J81059,559
J81061,559
J81062,559
J81064,559
J81066,559
J81067,559
J81068,559
J81070,559
J81071,559
J81072,559
J81073,559
J81074,559
J81075,559
J81076,559
J81077,559
J81078,559
J81081,559
J81082,559
J81083,559
J81086,559
J81087,559
J81609,559
J81612,559
J81613,559
J81616,559
J81620,559
J81621,559
J81625,559
J81626,559
J81628,559
J81631,559
J81633,559
J81634,559
J81637,559
J81644,559
J81646,559
J81647,559
J81648,559
J82001,559
J82002,559
J82005,559
J82006,559
J82007,559
J82008,559
J82009,559
J82010,559
J82012,559
J82015,559
J82016,559
J82017,559
J82018,559
J82019,559
J82020,559
J82021,559
J82022,559
J82023,559
J82024,559
J82025,559
J82026,559
J82028,559
J82029,559
J82033,559
J82034,559
J82035,559
J82036,559
J82039,559
J82040,559
J82041,559
J82042,559
J82044,559
J82049,559
J82050,559
J82051,559
J82053,559
J82054,559
J82055,559
J82056,559
J82058,559
J82059,559
J82060,559
J82061,559
J82062,559
J82063,559
J82064,559
J82066,559
J82067,559
J82069,559
J82071,559
J82072,559
J82073,559
J82074,559
J82075,559
J82076,559
J82077,559
J82079,559
J82080,559
J82081,559
J82082,559
J82083,559
J82084,559
J82085,559
J82087,559
J82088,559
J82089,559
J82090,559
J82092,559
J82094,559
J82098,559
J82099,559
J82101,559
J82102,559
J82103,559
J82104,559
J82106,559
J82110,559
J82112,559
J82114,559
J82115,559
J82116,559
J82117,559
J82119,559
J82120,559
J82121,559
J82122,559
J82124,559
J82125,559
J82126,559
J82128,559
J82129,559
J82130,559
J82131,559
J82132,559
J82133,559
J82134,559
J82135,559
J82136,559
J82138,559
J82139,559
J82142,559
J82143,559
J82144,559
J82145,559
J82146,559
J82147,559
J82149,559
J82150,559
J82151,559
J82152,559
J82154,559
J82155,559
J82156,559
J82157,559
J82161,559
J82163,559
J82164,559
J82166,559
J82169,559
J82174,559
J82177,559
J82178,559
J82180,559
J82181,559
J82183,559
J82184,559
J82188,559
J82192,559
J82194,559
J82196,559
J82197,559
J82198,559
J82199,559
J82201,559
J82207,559
J82208,559
J82210,559
J82213,559
J82214,559
J82215,559
J82216,559
J82217,559
J82218,559
J82220,559
J82605,559
J82622,559
J82625,559
J82628,559
J82630,559
J82633,559
J82639,559
J82640,559
J82646,559
J82663,559
J82669,559
J83001,559
J83002,559
J83003,559
J83004,559
J83005,559
J83006,559
J83007,559
J83008,559
J83009,559
J83010,559
J83011,559
J83013,559
J83014,559
J83016,559
J83018,559
J83019,559
J83021,559
J83022,559
J83023,559
J83024,559
J83025,559
J83026,559
J83027,559
J83029,559
J83030,559
J83031,559
J83033,559
J83034,559
J83035,559
J83036,559
J83037,559
J83038,559
J83039,559
J83040,559
J83041,559
J83042,559
J83043,559
J83045,559
J83046,559
J83047,559
J83048,559
J83049,559
J83050,559
J83052,559
J83053,559
J83055,559
J83056,559
J83057,559
J83058,559
J83059,559
J83060,559
J83064,559
J83601,559
J83603,559
J83609,559
J83615,559
J83618,559
J83619,559
J83625,559
J83629,559
J83630,559
J83633,559
J83645,559
J83646,559
J84003,559
J84004,559
J84005,559
J84007,559
J84008,559
J84010,559
J84011,559
J84012,559
J84013,559
J84015,559
J84016,559
J84017,559
J84018,559
J84019,559
J84020,282
K81001,559
K81002,559
K81003,559
K81004,559
K81005,559
K81006,559
K81007,559
K81010,559
K81012,559
K81014,559
K81015,559
K81017,559
K81018,559
K81019,559
K81020,559
K81021,559
K81022,559
K81024,559
K81025,559
K81026,559
K81027,559
K81028,559
K81030,559
K81034,559
K81036,559
K81039,559
K81040,559
K81041,559
K81042,559
K81043,559
K81045,559
K81046,559
K81047,559
K81048,559
K81050,559
K81051,559
K81052,559
K81055,559
K81056,559
K81057,559
K81059,559
K81060,559
K81062,559
K81063,559
K81066,559
K81068,559
K81069,559
K81070,549
K81073,559
K81074,559
K81075,559
K81076,559
K81077,559
K81078,559
K81080,559
K81081,559
K81082,559
K81083,559
K81084,559
K81085,559
K81086,559
K81087,559
K81089,549
K81092,559
K81094,559
K81097,559
K81100,559
K81102,559
K81103,559
K81605,559
K81607,549
K81608,559
K81610,559
K81613,559
K81616,549
K81622,559
K81630,559
K81633,559
K81636,559
K81638,559
K81644,559
K81645,559
K81651,559
K81655,559
K81656,559
K81657,559
K82001,559
K82003,559
K82004,559
K82006,559
K82007,559
K82008,559
K82009,559
K82010,559
K82011,559
K82012,559
K82013,559
K82014,559
K82015,559
K82016,559
K82017,559
K82018,559
K82019,559
K82020,559
K82021,559
K82022,559
K82023,559
K82024,559
K82025,559
K82026,559
K82027,559
K82028,559
K82029,559
K82030,559
K82031,559
K82032,559
K82033,559
K82035,559
K82036,559
K82037,559
K82038,559
K82039,559
K82040,559
K82042,559
K82043,559
K82044,559
K82045,559
K82046,559
K82047,559
K82048,559
K82049,559
K82050,559
K82051,559
K82053,559
K82054,559
K82055,559
K82057,559
K82058,559
K82059,559
K82060,559
K82061,559
K82064,559
K82065,559
K82066,559
K82067,559
K82068,559
K82070,559
K82073,559
K82074,559
K82076,559
K82078,559
K82079,559
K82603,559
K82610,559
K82615,559
K82617,559
K82618,559
K82621,559
K82631,559
K82633,559
K83002,559
K83003,559
K83005,559
K83006,559
K83007,559
K83008,559
K83009,559
K83010,559
K83011,559
K83012,559
K83013,559
K83014,559
K83015,559
K83017,559
K83018,559
K83019,559
K83020,559
K83021,559
K83022,559
K83023,559
K83024,559
K83025,559
K83026,559
K83027,559
K83028,559
K83029,559
K83030,559
K83031,559
K83032,559
K83035,559
K83036,559
K83037,559
K83039,559
K83040,559
K83041,559
K83042,559
K83043,559
K83044,559
K83047,559
K83048,559
K83049,559
K83050,559
K83051,559
K83052,559
K83053,559
K83055,559
K83056,559
K83059,559
K83064,559
K83065,559
K83066,559
K83068,559
K83069,559
K83070,559
K83076,559
K83077,559
K83079,559
K83080,559
K83081,559
K83601,559
K83607,559
K83610,559
K83614,559
K83616,559
K83618,559
K83620,559
K83621,559
K83622,559
K83625,559
K84001,559
K84002,559
K84003,559
K84004,559
K84006,559
K84007,559
K84008,559
K84009,559
K84010,559
K84011,559
K84012,559
K84013,559
K84014,559
K84015,559
K84016,559
K84017,559
K84019,559
K84020,559
K84021,559
K84023,559
K84024,559
K84025,559
K84026,559
K84027,559
K84028,559
K84030,559
K84031,559
K84032,559
K84033,559
K84034,559
K84035,559
K84036,559
K84037,559
K84038,559
K84040,559
K84041,559
K84042,559
K84043,559
K84044,559
K84045,559
K84046,559
K84047,559
K84048,559
K84049,559
K84050,559
K84051,559
K84052,559
K84054,559
K84055,559
K84056,559
K84058,559
K84059,559
K84060,559
K84062,559
K84063,559
K84065,559
K84066,506
K84071,559
K84072,559
K84075,559
K84078,559
K84079,559
K84080,559
K84082,559
K84605,559
K84610,559
K84613,559
K84618,559
K84624,559
L81004,559
L81007,559
L81008,559
L81009,559
L81010,559
L81012,559
L81013,559
L81014,559
L81015,559
L81016,559
L81017,559
L81018,559
L81019,559
L81020,559
L81021,559
L81022,559
L81023,559
L81024,559
L81025,559
L81026,559
L81027,559
L81029,559
L81030,559
L81031,559
L81033,559
L81034,559
L81036,559
L81037,559
L81038,559
L81039,559
L81040,559
L81041,559
L81042,559
L81043,559
L81044,559
L81045,559
L81046,559
L81047,559
L81050,559
L81051,559
L81053,559
L81054,559
L81055,559
L81058,559
L81059,559
L81061,559
L81062,559
L81063,559
L81064,559
L81065,559
L81066,559
L81067,559
L81068,559
L81069,559
L81070,559
L81071,559
L81072,559
L81073,559
L81075,559
L81077,559
L81078,559
L81079,559
L81081,559
L81082,559
L81083,559
L81084,559
L81085,559
L81086,559
L81087,559
L81089,559
L81090,559
L81091,559
L81094,559
L81095,559
L81098,559
L81101,559
L81103,559
L81106,559
L81117,559
L81118,559
L81120,559
L81122,559
L81123,559
L81125,559
L81127,559
L81130,559
L81131,559
L81132,559
L81133,481
L81600,559
L81617,510
L81622,559
L81632,559
L81637,559
L81642,559
L81643,559
L81644,559
L81648,559
L81649,559
L81655,559
L81669,559
L81670,559
L82001,559
L82003,559
L82004,559
L82006,559
L82007,559
L82008,559
L82009,559
L82010,559
L82011,559
L82012,559
L82013,559
L82015,559
L82016,559
L82017,559
L82018,559
L82021,559
L82022,559
L82023,559
L82024,559
L82025,559
L82026,559
L82028,559
L82029,559
L82030,559
L82035,559
L82036,559
L82038,559
L82039,559
L82041,559
L82042,559
L82043,559
L82044,559
L82045,559
L82046,559
L82047,559
L82048,559
L82049,559
L82050,559
L82051,559
L82052,559
L82054,559
L82056,559
L82057,559
L82058,559
L82059,559
L82061,559
L82066,559
L82068,559
L82070,559
L82618,559
L82620,559
L82622,559
L83002,559
L83003,559
L83004,559
L83005,559
L83006,559
L83007,559
L83008,559
L83010,559
L83011,559
L83012,559
L83013,559
L83014,559
L83015,559
L83016,559
L83018,559
L83019,559
L83020,559
L83021,559
L83022,559
L83023,559
L83024,559
L83025,559
L83026,559
L83027,559
L83028,559
L83029,559
L83030,559
L83031,559
L83034,559
L83035,559
L83036,559
L83038,559
L83039,559
L83040,559
L83041,559
L83042,559
L83043,559
L83044,559
L83045,559
L83046,559
L83048,559
L83049,559
L83050,559
L83051,559
L83052,559
L83053,559
L83054,559
L83055,559
L83056,559
L83057,559
L83058,559
L83059,559
L83064,559
L83065,559
L83066,559
L83067,559
L83068,559
L83069,559
L83070,559
L83071,559
L83072,559
L83073,559
L83075,559
L83076,559
L83077,559
L83079,559
L83081,559
L83082,559
L83083,559
L83084,559
L83085,559
L83086,559
L83087,559
L83088,559
L83089,559
L83092,559
L83094,559
L83095,559
L83096,559
L83097,559
L83098,559
L83099,559
L83100,559
L83101,559
L83102,559
L83103,559
L83105,559
L83106,559
L83111,559
L83112,559
L83113,559
L83115,559
L83116,559
L83118,559
L83120,559
L83127,559
L83128,559
L83129,559
L83131,559
L83134,559
L83136,559
L83137,559
L83143,559
L83146,559
L83147,559
L83148,559
L83607,559
L83616,559
L83624,559
L83627,559
L83628,559
L83639,559
L83642,559
L83646,559
L83648,559
L83651,559
L83655,559
L83657,559
L83663,559
L83666,559
L83673,556
L84001,559
L84003,559
L84004,559
L84005,559
L84006,559
L84007,559
L84008,559
L84009,559
L84010,559
L84011,559
L84012,559
L84014,559
L84015,559
L84016,559
L84018,559
L84021,559
L84022,559
L84023,559
L84024,559
L84025,559
L84026,559
L84027,559
L84028,559
L84029,559
L84030,559
L84031,559
L84032,559
L84033,559
L84034,559
L84036,559
L84037,559
L84038,559
L84039,559
L84040,559
L84041,559
L84043,559
L84044,559
L84045,559
L84046,559
L84047,559
L84048,559
L84049,559
L84050,559
L84051,559
L84052,559
L84053,559
L84054,559
L84056,559
L84058,559
L84059,559
L84060,559
L84063,559
L84065,559
L84067,559
L84068,559
L84069,559
L84070,559
L84071,559
L84072,559
L84073,559
L84075,559
L84077,559
L84078,559
L84080,559
L84081,559
L84084,559
L84085,559
L84606,559
L84613,559
L84615,559
L84616,559
L84617,559
L85001,559
L85002,559
L85003,559
L85004,559
L85006,559
L85007,559
L85008,559
L85009,559
L85010,559
L85011,559
L85012,559
L85013,559
L85014,559
L85015,559
L85016,559
L85017,559
L85018,559
L85019,559
L85020,559
L85021,559
L85022,559
L85023,559
L85024,559
L85025,559
L85026,559
L85027,559
L85028,559
L85029,559
L85030,559
L85031,559
L85032,559
L85033,559
L85034,559
L85035,559
L85036,559
L85037,559
L85038,559
L85039,559
L85040,559
L85042,559
L85043,559
L85044,559
L85046,559
L85047,559
L85048,559
L85050,559
L85051,559
L85052,559
L85053,559
L85054,559
L85055,559
L85056,559
L85061,559
L85062,559
L85064,559
L85065,559
L85066,559
L85601,559
L85607,559
L85609,559
L85611,559
L85612,559
L85619,559
L85624,559
M81001,559
M81002,559
M81003,559
M81004,559
M81005,559
M81006,559
M81007,559
M81008,559
M81009,559
M81010,559
M81011,559
M81012,559
M81015,559
M81016,559
M81017,559
M81018,559
M81019,559
M81020,559
M81021,559
M81022,559
M81024,559
M81025,559
M81026,559
M81027,559
M81029,559
M81032,559
M81033,559
M81034,559
M81035,559
M81037,559
M81038,559
M81039,559
M81040,559
M81041,559
M81042,559
M81043,559
M81044,559
M81045,559
M81046,559
M81047,559
M81048,559
M81049,559
M81054,559
M81055,559
M81056,559
M81057,559
M81058,559
M81061,559
M81062,559
M81063,559
M81064,559
M81066,559
M81067,559
M81068,559
M81069,559
M81070,559
M81072,559
M81073,559
M81074,559
M81075,559
M81076,559
M81077,559
M81078,559
M81081,559
M81082,559
M81083,559
M81084,559
M81089,559
M81090,559
M81091,559
M81092,559
M81093,559
M81094,559
M81600,559
M81604,559
M81605,559
M81608,559
M81616,559
M81617,559
M81621,559
M81627,559
M81629,559
M82002,559
M82003,559
M82004,559
M82005,559
M82006,559
M82007,559
M82008,559
M82009,559
M82010,559
M82011,559
M82012,559
M82013,559
M82014,559
M82016,559
M82017,559
M82018,559
M82019,559
M82020,559
M82021,559
M82022,559
M82023,559
M82024,559
M82025,559
M82026,559
M82028,559
M82030,559
M82031,559
M82032,559
M82033,559
M82034,559
M82035,559
M82038,559
M82039,559
M82040,559
M82041,559
M82042,559
M82043,559
M82044,559
M82046,559
M82047,559
M82048,559
M82051,559
M82056,559
M82057,559
M82058,559
M82059,559
M82060,559
M82601,559
M82604,559
M82606,559
M82616,559
M82620,559
M83001,559
M83004,559
M83005,559
M83006,559
M83007,559
M83009,559
M83010,559
M83011,559
M83012,559
M83013,559
M83014,559
M83015,559
M83016,559
M83017,559
M83018,559
M83020,559
M83021,559
M83022,559
M83023,559
M83024,559
M83025,559
M83026,559
M83027,559
M83028,559
M83030,559
M83031,559
M83032,559
M83033,559
M83034,559
M83035,559
M83036,559
M83037,559
M83038,559
M83041,559
M83042,559
M83044,559
M83045,559
M83046,559
M83047,559
M83048,559
M83049,559
M83050,559
M83051,559
M83052,559
M83054,559
M83056,559
M83057,559
M83059,559
M83061,559
M83062,559
M83063,559
M83065,559
M83066,559
M83067,559
M83068,559
M83069,559
M83070,559
M83071,559
M83072,559
M83073,559
M83074,559
M83075,559
M83076,559
M83079,559
M83082,559
M83084,559
M83088,559
M83089,559
M83090,559
M83092,559
M83093,559
M83094,559
M83096,559
M83097,559
M83100,559
M83102,559
M83103,559
M83107,559
M83108,559
M83109,559
M83110,559
M83111,559
M83113,559
M83115,559
M83117,559
M83121,559
M83122,559
M83123,559
M83125,559
M83126,559
M83127,559
M83129,559
M83130,556
M83132,559
M83134,559
M83138,559
M83139,559
M83140,559
M83141,559
M83143,559
M83146,559
M83148,559
M83601,559
M83608,559
M83616,559
M83617,559
M83619,559
M83623,559
M83624,559
M83625,559
M83627,559
M83632,559
M83637,559
M83638,559
M83640,559
M83641,559
M83650,559
M83661,559
M83668,559
M83670,559
M83680,559
M83681,559
M83682,559
M83691,559
M83693,559
M83697,559
M83698,559
M83700,559
M83701,559
M83703,559
M83705,559
M83706,559
M83709,559
M83711,559
M83713,559
M83715,559
M83717,559
M83718,559
M83719,559
M83722,559
M83723,559
M83725,559
M83727,559
M83738,559
M84001,559
M84002,559
M84003,559
M84004,559
M84005,559
M84006,559
M84007,559
M84008,559
M84009,559
M84010,559
M84011,559
M84012,559
M84013,559
M84014,559
M84015,559
M84016,559
M84017,559
M84018,559
M84019,559
M84020,559
M84021,559
M84022,559
M84023,559
M84024,559
M84025,559
M84026,559
M84028,559
M84029,559
M84030,559
M84031,559
M84032,559
M84034,559
M84035,559
M84036,559
M84037,559
M84040,559
M84041,559
M84042,559
M84043,559
M84044,559
M84046,559
M84047,559
M84049,559
M84050,559
M84051,559
M84055,559
M84059,559
M84060,559
M84061,559
M84062,559
M84063,559
M84064,559
M84065,559
M84066,559
M84067,559
M84069,559
M84070,559
M84609,559
M84612,559
M84615,559
M84616,559
M84618,559
M84620,559
M84621,559
M84627,559
M84629,559
M85001,559
M85002,559
M85005,559
M85006,559
M85007,559
M85008,559
M85009,559
M85011,559
M85013,559
M85014,559
M85016,559
M85018,559
M85019,559
M85020,559
M85021,559
M85023,559
M85024,559
M85025,559
M85026,559
M85027,559
M85028,559
M85029,559
M85030,559
M85031,559
M85033,559
M85034,559
M85035,559
M85037,559
M85041,559
M85042,559
M85043,559
M85046,559
M85047,559
M85048,559
M85051,559
M85053,559
M85055,559
M85056,559
M85058,559
M85060,559
M85061,559
M85062,559
M85063,559
M85064,512
M85065,559
M85066,559
M85069,559
M85070,559
M85071,559
M85074,559
M85076,559
M85077,559
M85078,559
M85079,559
M85081,559
M85082,559
M85084,559
M85085,559
M85086,559
M85087,559
M85088,559
M85092,559
M85094,559
M85097,559
M85098,559
M85105,559
M85107,559
M85108,559
M85110,559
M85113,559
M85115,559
M85116,559
M85117,559
M85118,559
M85123,559
M85124,559
M85128,559
M85134,559
M85136,559
M85139,559
M85141,559
M85142,559
M85143,559
M85145,559
M85146,559
M85149,559
M85153,559
M85154,559
M85155,559
M85156,559
M85158,556
M85159,559
M85164,559
M85167,559
M85170,556
M85171,559
M85172,559
M85174,559
M85175,559
M85176,559
M85177,559
M85178,559
M85179,559
M85600,559
M85624,559
M85634,559
M85642,559
M85663,537
M85669,559
M85670,559
M85671,559
M85676,559
M85679,559
M85680,556
M85684,559
M85686,556
M85693,559
M85694,559
M85697,559
M85699,559
M85701,559
M85706,559
M85711,559
M85713,559
M85715,559
M85716,556
M85717,559
M85721,559
M85722,559
M85730,559
M85732,559
M85733,559
M85735,559
M85736,559
M85739,559
M85746,559
M85749,559
M85753,559
M85756,559
M85757,559
M85759,559
M85766,559
M85770,559
M85774,559
M85778,556
M85779,559
M85781,559
M85782,559
M85783,559
M85792,559
M85794,557
M85797,559
M85801,559
M85803,559
M86001,559
M86002,559
M86003,559
M86004,559
M86005,559
M86006,559
M86007,559
M86008,559
M86009,559
M86010,559
M86012,559
M86014,559
M86015,559
M86016,559
M86017,559
M86018,559
M86019,559
M86020,559
M86021,559
M86023,559
M86027,559
M86028,559
M86029,559
M86030,559
M86032,559
M86033,559
M86034,559
M86035,559
M86037,559
M86038,559
M86039,559
M86040,559
M86041,559
M86044,559
M86045,559
M86046,559
M86048,559
M86605,559
M86610,559
M86612,559
M86617,559
M86622,559
M86624,559
M86627,559
M86633,559
M86638,559
M87001,559
M87003,559
M87005,559
M87006,559
M87007,559
M87008,559
M87009,559
M87010,559
M87011,559
M87012,559
M87013,559
M87014,559
M87015,559
M87016,559
M87017,559
M87018,559
M87019,559
M87020,559
M87021,559
M87023,559
M87024,559
M87025,559
M87026,559
M87027,559
M87028,559
M87030,556
M87034,559
M87036,556
M87037,559
M87041,559
M87601,559
M87602,559
M87605,559
M87612,559
M87617,559
M87618,559
M87620,559
M87621,559
M87623,559
M87628,556
M87638,559
M88001,559
M88002,559
M88003,559
M88004,559
M88006,559
M88007,559
M88008,559
M88009,559
M88010,559
M88013,559
M88014,559
M88015,559
M88016,559
M88018,559
M88019,559
M88020,559
M88021,559
M88022,559
M88023,559
M88024,559
M88026,559
M88030,559
M88031,559
M88035,559
M88038,559
M88040,559
M88041,559
M88042,559
M88043,559
M88044,559
M88600,559
M88610,559
M88612,559
M88616,559
M88618,559
M88619,559
M88620,559
M88623,559
M88625,559
M88626,559
M88627,559
M88628,559
M88629,556
M88630,559
M88633,559
M88635,559
M88639,559
M88640,559
M88643,559
M88645,559
M88646,559
M88647,559
M89001,559
M89002,559
M89003,559
M89005,559
M89007,559
M89008,559
M89009,559
M89010,559
M89012,559
M89013,559
M89015,559
M89016,559
M89017,559
M89019,549
M89021,559
M89024,559
M89026,559
M89027,559
M89030,559
M89602,559
M89608,559
M91003,559
M91004,559
M91006,559
M91007,559
M91008,559
M91009,559
M91010,559
M91011,559
M91013,559
M91014,559
M91015,559
M91016,559
M91017,559
M91018,559
M91019,559
M91020,559
M91021,559
M91024,559
M91026,559
M91028,559
M91029,559
M91032,559
M91033,559
M91034,559
M91036,559
M91602,559
M91609,559
M91611,559
M91612,559
M91613,559
M91614,559
M91616,559
M91619,559
M91621,559
M91623,559
M91624,559
M91626,559
M91628,559
M91629,559
M91637,559
M91639,559
M91640,559
M91641,559
M91642,556
M91647,559
M91650,559
M91654,559
M91659,559
M91660,559
M92001,559
M92002,559
M92003,559
M92004,559
M92006,559
M92007,559
M92008,559
M92009,559
M92010,559
M92011,559
M92012,559
M92013,559
M92014,556
M92015,559
M92016,559
M92019,559
M92022,559
M92026,559
M92028,559
M92029,559
M92039,559
M92040,559
M92041,559
M92042,559
M92043,559
M92044,559
M92607,559
M92609,559
M92612,559
M92627,559
M92629,559
M92630,559
M92640,559
M92649,559
M92654,559
N81001,559
N81002,559
N81005,559
N81006,559
N81007,559
N81008,559
N81009,559
N81010,559
N81011,559
N81012,559
N81013,559
N81014,559
N81016,559
N81018,559
N81019,559
N81020,559
N81022,559
N81024,559
N81025,559
N81026,559
N81027,559
N81028,559
N81029,559
N81030,559
N81031,559
N81032,559
N81033,559
N81034,559
N81035,559
N81036,559
N81037,559
N81038,559
N81039,559
N81040,559
N81041,559
N81042,559
N81043,559
N81044,559
N81045,559
N81046,559
N81047,559
N81048,559
N81049,559
N81050,559
N81051,559
N81052,559
N81053,559
N81054,559
N81055,559
N81056,559
N81057,559
N81059,559
N81060,559
N81061,559
N81062,559
N81063,559
N81064,559
N81065,559
N81066,559
N81067,559
N81068,559
N81069,559
N81070,559
N81071,559
N81072,559
N81074,559
N81075,559
N81077,559
N81079,559
N81080,559
N81081,559
N81082,559
N81083,559
N81084,559
N81085,559
N81086,559
N81087,559
N81088,559
N81089,559
N81090,559
N81092,559
N81093,559
N81096,559
N81097,559
N81100,559
N81101,559
N81102,559
N81107,559
N81108,559
N81109,559
N81111,559
N81113,559
N81114,559
N81115,559
N81117,559
N81118,559
N81119,559
N81120,559
N81121,559
N81122,559
N81123,559
N81125,559
N81127,559
N81607,559
N81614,559
N81619,559
N81623,559
N81624,559
N81626,559
N81628,559
N81632,559
N81637,559
N81642,559
N81645,559
N81651,559
N82001,559
N82002,559
N82003,559
N82004,559
N82009,559
N82011,559
N82014,559
N82018,559
N82019,559
N82022,559
N82024,559
N82026,559
N82033,559
N82034,559
N82035,559
N82036,559
N82037,559
N82039,559
N82041,559
N82046,559
N82048,559
N82049,559
N82050,559
N82052,559
N82053,559
N82054,559
N82058,559
N82059,559
N82062,559
N82065,559
N82066,559
N82067,559
N82070,559
N82073,559
N82074,559
N82076,559
N82077,559
N82078,559
N82079,559
N82081,559
N82082,559
N82083,559
N82084,559
N82086,559
N82087,559
N82089,559
N82090,559
N82091,559
N82092,559
N82093,559
N82094,559
N82095,559
N82097,559
N82099,559
N82101,559
N82103,559
N82104,559
N82106,559
N82107,559
N82108,559
N82109,559
N82110,559
N82113,559
N82115,559
N82116,559
N82117,559
N82617,559
N82633,559
N82641,559
N82645,559
N82646,559
N82648,559
N82650,559
N82651,559
N82655,559
N82662,559
N82663,559
N82664,559
N82668,559
N82669,559
N82670,559
N82671,559
N82676,559
N82678,559
N83001,559
N83002,559
N83003,559
N83005,559
N83006,556
N83007,559
N83008,559
N83009,559
N83010,559
N83012,559
N83013,559
N83014,559
N83015,559
N83017,559
N83018,559
N83019,559
N83020,559
N83021,559
N83022,559
N83023,559
N83024,559
N83025,559
N83026,559
N83027,559
N83028,559
N83030,559
N83031,559
N83032,559
N83033,559
N83035,559
N83041,559
N83043,559
N83045,559
N83047,559
N83049,559
N83050,559
N83053,559
N83054,559
N83055,559
N83060,559
N83601,559
N83603,559
N83604,559
N83605,559
N83608,559
N83609,559
N83610,559
N83614,559
N83619,559
N83620,559
N83621,559
N83622,559
N83624,559
N83628,559
N83633,559
N83635,559
N83637,559
N84001,559
N84002,559
N84003,559
N84004,559
N84005,559
N84006,559
N84007,559
N84008,559
N84010,559
N84011,559
N84012,559
N84013,559
N84014,559
N84015,559
N84016,559
N84017,559
N84018,559
N84019,559
N84020,559
N84021,559
N84023,559
N84024,559
N84025,559
N84026,559
N84027,559
N84028,559
N84029,559
N84034,559
N84035,559
N84037,559
N84038,559
N84041,559
N84043,559
N84605,559
N84611,559
N84613,559
N84614,559
N84615,559
N84617,559
N84618,559
N84621,559
N84624,559
N84625,559
N84626,559
N84627,559
N84630,559
N85001,559
N85002,559
N85003,559
N85005,559
N85006,559
N85007,559
N85008,559
N85009,559
N85012,559
N85013,559
N85014,559
N85015,559
N85016,559
N85017,559
N85018,559
N85019,559
N85020,559
N85021,559
N85022,559
N85023,559
N85024,559
N85025,559
N85027,559
N85028,559
N85031,559
N85032,559
N85034,559
N85037,559
N85038,559
N85040,559
N85044,559
N85046,559
N85047,559
N85048,559
N85051,559
N85052,559
N85054,559
N85057,559
N85059,559
N85616,559
N85617,559
N85620,559
N85625,559
N85629,559
N85633,559
N85634,559
N85640,559
N85643,559
N85648,559
P81002,559
P81003,559
P81004,559
P81005,559
P81006,559
P81008,559
P81010,559
P81013,559
P81014,559
P81015,559
P81016,559
P81017,559
P81018,559
P81020,559
P81022,559
P81025,559
P81027,559
P81029,559
P81031,559
P81032,559
P81033,559
P81035,559
P81036,559
P81037,559
P81038,559
P81039,559
P81040,559
P81041,559
P81042,559
P81043,559
P81044,559
P81045,559
P81046,559
P81047,559
P81051,559
P81053,559
P81054,559
P81055,559
P81057,559
P81058,559
P81059,559
P81061,559
P81062,559
P81063,559
P81065,559
P81066,559
P81067,559
P81069,559
P81070,559
P81071,559
P81072,559
P81073,559
P81074,559
P81076,559
P81077,559
P81078,559
P81079,559
P81081,559
P81082,559
P81083,559
P81084,559
P81086,559
P81087,559
P81088,559
P81089,559
P81092,559
P81093,559
P81095,559
P81096,559
P81099,559
P81100,559
P81103,559
P81107,559
P81112,559
P81113,559
P81115,559
P81117,559
P81118,559
P81119,559
P81123,559
P81125,559
P81127,559
P81128,559
P81129,559
P81130,559
P81132,559
P81133,559
P81136,559
P81137,559
P81138,559
P81140,559
P81143,559
P81147,559
P81149,559
P81150,559
P81154,559
P81155,559
P81157,559
P81159,559
P81160,559
P81165,559
P81166,559
P81167,559
P81169,559
P81170,559
P81171,559
P81172,559
P81173,559
P81179,559
P81180,559
P81181,559
P81182,559
P81184,559
P81185,559
P81186,559
P81191,559
P81196,559
P81197,559
P81201,559
P81204,559
P81208,559
P81212,559
P81213,559
P81214,559
P81218,559
P81620,559
P81622,559
P81633,559
P81646,559
P81647,559
P81655,559
P81664,559
P81668,559
P81674,559
P81681,559
P81683,559
P81685,559
P81686,559
P81687,559
P81692,559
P81694,559
P81695,559
P81699,559
P81701,559
P81704,559
P81707,559
P81709,559
P81710,559
P81711,559
P81714,559
P81721,559
P81724,559
P81726,559
P81730,559
P81731,559
P81732,559
P81734,559
P81735,559
P81736,559
P81737,556
P81738,559
P81740,559
P81741,559
P81742,559
P81748,559
P81755,559
P81757,559
P81769,559
P81770,556
P81771,559
P81780,559
P82001,559
P82002,559
P82003,559
P82004,559
P82005,559
P82006,559
P82007,559
P82008,559
P82009,559
P82010,559
P82011,559
P82012,559
P82013,556
P82014,559
P82015,559
P82016,559
P82018,559
P82020,559
P82021,559
P82022,559
P82023,559
P82025,559
P82029,559
P82030,556
P82031,559
P82033,556
P82034,559
P82036,559
P82037,559
P82607,559
P82609,559
P82613,559
P82616,559
P82624,549
P82625,554
P82626,559
P82627,559
P82629,559
P82633,559
P82634,559
P82640,559
P82643,559
P82652,559
P82660,559
P83001,559
P83004,559
P83005,559
P83006,559
P83007,559
P83009,559
P83010,549
P83011,559
P83012,559
P83015,559
P83017,559
P83020,559
P83021,559
P83024,559
P83025,559
P83027,559
P83603,559
P83605,559
P83608,559
P83609,549
P83611,559
P83612,559
P83620,559
P83621,549
P83623,559
P84004,559
P84005,559
P84009,559
P84010,559
P84012,559
P84014,559
P84016,559
P84017,559
P84018,559
P84019,559
P84020,559
P84021,559
P84022,559
P84023,559
P84024,559
P84025,559
P84026,559
P84027,559
P84028,559
P84029,559
P84030,559
P84032,559
P84033,559
P84034,559
P84035,559
P84037,559
P84038,559
P84039,559
P84040,559
P84041,559
P84042,559
P84043,559
P84045,559
P84046,559
P84047,559
P84048,559
P84049,559
P84050,559
P84051,559
P84052,559
P84053,559
P84054,559
P84056,559
P84059,559
P84061,559
P84064,559
P84065,559
P84066,559
P84067,559
P84068,559
P84070,559
P84071,559
P84072,559
P84074,559
P84605,559
P84611,559
P84616,559
P84626,559
P84630,559
P84635,559
P84637,559
P84639,559
P84640,559
P84644,559
P84645,559
P84650,559
P84651,559
P84652,559
P84663,559
P84665,559
P84669,559
P84672,559
P84673,559
P84678,559
P84679,559
P84683,559
P84684,559
P84689,559
P84690,559
P85001,559
P85002,559
P85003,559
P85004,559
P85005,559
P85006,559
P85007,559
P85008,559
P85010,559
P85011,559
P85012,559
P85013,559
P85014,559
P85015,559
P85016,559
P85017,559
P85018,559
P85019,559
P85020,559
P85021,559
P85022,559
P85026,559
P85028,559
P85601,559
P85602,559
P85605,559
P85606,559
P85607,559
P85608,559
P85610,559
P85612,559
P85614,559
P85615,559
P85620,559
P85621,559
P85622,559
P86001,559
P86002,559
P86003,559
P86004,559
P86005,559
P86006,559
P86007,559
P86008,559
P86009,559
P86010,559
P86011,559
P86012,559
P86013,559
P86014,559
P86015,559
P86016,559
P86017,559
P86018,559
P86019,559
P86021,559
P86022,559
P86023,559
P86026,559
P86602,559
P86606,559
P86608,559
P86609,559
P86614,559
P86619,559
P86620,559
P86624,559
P87002,559
P87003,559
P87004,559
P87008,559
P87014,559
P87015,559
P87016,559
P87017,559
P87019,559
P87020,559
P87022,546
P87024,559
P87025,559
P87026,559
P87027,559
P87028,559
P87032,559
P87035,559
P87039,559
P87040,559
P87610,559
P87613,556
P87618,559
P87620,559
P87624,559
P87625,559
P87627,556
P87630,559
P87634,559
P87639,559
P87648,549
P87649,559
P87651,549
P87654,559
P87657,559
P87658,559
P87659,559
P87660,559
P87661,556
P88002,559
P88003,559
P88005,559
P88006,559
P88007,559
P88008,559
P88009,559
P88011,559
P88012,559
P88013,559
P88014,559
P88015,559
P88016,559
P88017,559
P88018,559
P88019,559
P88020,559
P88021,559
P88023,559
P88024,559
P88025,559
P88026,559
P88031,559
P88034,559
P88041,559
P88042,559
P88043,559
P88044,559
P88600,559
P88606,559
P88607,559
P88610,559
P88615,559
P88623,559
P88625,559
P88632,559
P89002,559
P89003,559
P89004,559
P89005,559
P89006,559
P89007,559
P89008,559
P89010,559
P89011,559
P89012,559
P89013,559
P89014,559
P89015,559
P89016,559
P89018,559
P89020,559
P89021,559
P89022,559
P89023,559
P89025,559
P89026,559
P89029,559
P89030,559
P89602,559
P89609,559
P89612,559
P89613,559
P89618,559
P91003,559
P91004,559
P91006,559
P91007,559
P91008,559
P91009,559
P91011,559
P91012,559
P91013,559
P91014,559
P91016,559
P91017,559
P91018,559
P91019,559
P91020,559
P91021,559
P91026,559
P91029,559
P91032,559
P91035,559
P91603,559
P91604,559
P91617,559
P91619,559
P91623,559
P91625,559
P91627,559
P91629,559
P91631,559
P91633,559
P92001,559
P92002,559
P92003,559
P92004,559
P92005,559
P92006,559
P92007,559
P92008,559
P92010,559
P92011,559
P92012,559
P92014,559
P92015,559
P92016,559
P92017,559
P92019,559
P92020,559
P92021,559
P92023,559
P92024,559
P92026,559
P92028,559
P92029,559
P92030,559
P92031,559
P92033,559
P92034,559
P92035,559
P92038,559
P92041,559
P92042,559
P92602,559
P92605,559
P92607,559
P92615,559
P92616,559
P92620,559
P92621,559
P92623,559
P92626,559
P92630,559
P92633,559
P92634,559
P92635,549
P92637,559
P92639,559
P92642,559
P92646,559
P92647,559
P92648,559
P92651,559
P92652,559
P92653,559
Y00020,559
Y00026,559
Y00033,559
Y00050,559
Y00056,559
Y00057,559
Y00058,559
Y00060,512
Y00078,559
Y00080,559
Y00090,559
Y00110,559
Y00137,559
Y00140,559
Y00155,559
Y00159,559
Y00184,559
Y00185,559
Y00186,559
Y00200,559
Y00206,559
Y00212,559
Y00228,559
Y00252,559
Y00260,559
Y00265,559
Y00278,559
Y00286,559
Y00293,559
Y00297,559
Y00312,559
Y00316,559
Y00328,559
Y00344,506
Y00347,559
Y00351,559
Y00352,559
Y00399,559
Y00403,559
Y00411,559
Y00412,559
Y00437,559
Y00445,559
Y00446,559
Y00449,559
Y00469,559
Y00471,559
Y00475,559
Y00486,559
Y00492,556
Y00507,559
Y00522,559
Y00542,559
Y00560,559
Y00561,559
Y00568,559
Y00589,559
Y00612,556
Y00726,559
Y00758,556
Y00774,559
Y00902,559
Y00912,559
Y00918,559
Y00969,559
Y00996,512
Y00999,559
Y01008,559
Y01011,559
Y01050,559
Y01051,559
Y01066,559
Y01068,556
Y01090,559
Y01108,559
Y01118,559
Y01124,559
Y01127,559
Y01132,559
Y01139,559
Y01163,559
Y01165,559
Y01206,559
Y01221,559
Y01280,559
Y01281,559
Y01291,559
Y01652,559
Y01655,559
Y01690,559
Y01695,559
Y01719,559
Y01756,559
Y01794,559
Y01795,559
Y01812,559
Y01839,559
Y01922,559
Y01929,559
Y01948,553
Y01964,559
Y02002,559
Y02117,559
Y02177,559
Y02212,556
Y02222,556
Y02260,559
Y02274,559
Y02319,559
Y02321,559
Y02322,559
Y02325,559
Y02332,559
Y02342,559
Y02344,559
Y02354,559
Y02378,559
Y02414,559
Y02423,559
Y02442,559
Y02463,559
Y02466,559
Y02469,559
Y02476,559
Y02494,559
Y02495,451
Y02506,559
Y02510,559
Y02517,559
Y02519,559
Y02520,559
Y02521,559
Y02526,559
Y02567,559
Y02571,559
Y02572,559
Y02575,559
Y02578,559
Y02585,427
Y02586,559
Y02589,559
Y02594,559
Y02605,559
Y02606,559
Y02611,559
Y02622,559
Y02625,559
Y02626,559
Y02627,559
Y02633,559
Y02636,559
Y02639,559
Y02646,559
Y02653,559
Y02656,559
Y02657,559
Y02658,559
Y02663,559
Y02669,559
Y02671,559
Y02672,559
Y02674,556
Y02676,556
Y02684,559
Y02686,559
Y02692,559
Y02701,559
Y02707,559
Y02713,559
Y02718,559
Y02720,559
Y02721,559
Y02736,559
Y02747,559
Y02751,559
Y02753,559
Y02755,559
Y02757,559
Y02767,559
Y02769,559
Y02787,559
Y02790,559
Y02794,559
Y02795,559
Y02807,559
Y02811,559
Y02816,559
Y02827,559
Y02842,559
Y02847,559
Y02849,559
Y02867,559
Y02875,559
Y02885,559
Y02886,559
Y02890,559
Y02893,559
Y02900,559
Y02906,559
Y02928,559
Y02933,559
Y02936,559
Y02946,559
Y02960,559
Y02962,559
Y02973,559
Y02974,559
Y02986,559
Y02987,559
Y03023,559
Y03035,559
Y03049,559
Y03051,559
Y03052,559
Y03063,559
Y03079,559
Y03103,398
Y03112,398
Y03124,559
Y03135,559
Y03222,559
Y03296,559
Y03366,559
Y03402,559
Y03441,559
Y03587,559
Y03595,559
Y03597,559
Y03602,559
Y03656,559
Y03663,559
Y03664,559
Y03671,559
Y03755,559
Y04225,549
Y04266,559
Y04273,559
Y04662,556
Y04664,556
Y04809,556
Y04882,559
Y04883,558
Y04884,559
Y04925,559
Y04942,485
Y04947,559
Y04951,559
Y04952,559
Y04957,559
Y04965,559
Y04968,559
Y04969,559
Y04977,559
Y04995,559
Y05023,559
Y05080,559
Y05167,559
Y05212,559
Y05248,559
Y05286,559
Y05291,559
Y05317,559
Y05318,559
Y05330,556
Y05346,559
Y05349,559
Y05363,559
Y05364,559
Y05369,559
Y05412,250
Y05622,559
Y05690,559
Y05733,559
Y05750,550
Y05826,559
Y06007,559
Y06113,549
Y06218,559
Y06275,559
Y06356,559
Y06378,559
Y06443,559
Y06507,559
